#OBJ Wavefront from HTG
v -0.500000 -0.500000 -0.500000
v -0.500000 -0.500000 -0.400000
v -0.500000 -0.500000 -0.300000
v -0.500000 -0.500000 -0.200000
v -0.500000 -0.500000 -0.100000
v -0.500000 -0.500000 0.000000
v -0.500000 -0.500000 0.100000
v -0.500000 -0.500000 0.200000
v -0.500000 -0.500000 0.300000
v -0.500000 -0.500000 0.400000
v -0.500000 -0.500000 0.500000
v -0.400000 -0.500000 -0.500000
v -0.400000 -0.500000 -0.400000
v -0.400000 -0.500000 -0.300000
v -0.400000 -0.500000 -0.200000
v -0.400000 -0.500000 -0.100000
v -0.400000 -0.500000 0.000000
v -0.400000 -0.500000 0.100000
v -0.400000 -0.500000 0.200000
v -0.400000 -0.500000 0.300000
v -0.400000 -0.500000 0.400000
v -0.400000 -0.500000 0.500000
v -0.300000 -0.500000 -0.500000
v -0.300000 -0.500000 -0.400000
v -0.300000 -0.500000 -0.300000
v -0.300000 -0.500000 -0.200000
v -0.300000 -0.500000 -0.100000
v -0.300000 -0.500000 0.000000
v -0.300000 -0.500000 0.100000
v -0.300000 -0.500000 0.200000
v -0.300000 -0.500000 0.300000
v -0.300000 -0.500000 0.400000
v -0.300000 -0.500000 0.500000
v -0.200000 -0.500000 -0.500000
v -0.200000 -0.500000 -0.400000
v -0.200000 -0.500000 -0.300000
v -0.200000 -0.500000 -0.200000
v -0.200000 -0.500000 -0.100000
v -0.200000 -0.500000 0.000000
v -0.200000 -0.500000 0.100000
v -0.200000 -0.500000 0.200000
v -0.200000 -0.500000 0.300000
v -0.200000 -0.500000 0.400000
v -0.200000 -0.500000 0.500000
v -0.100000 -0.500000 -0.500000
v -0.100000 -0.500000 -0.400000
v -0.100000 -0.500000 -0.300000
v -0.100000 -0.500000 -0.200000
v -0.100000 -0.500000 -0.100000
v -0.100000 -0.500000 0.000000
v -0.100000 -0.500000 0.100000
v -0.100000 -0.500000 0.200000
v -0.100000 -0.500000 0.300000
v -0.100000 -0.500000 0.400000
v -0.100000 -0.500000 0.500000
v 0.000000 -0.500000 -0.500000
v 0.000000 -0.500000 -0.400000
v 0.000000 -0.500000 -0.300000
v 0.000000 -0.500000 -0.200000
v 0.000000 -0.500000 -0.100000
v 0.000000 -0.500000 0.000000
v 0.000000 -0.500000 0.100000
v 0.000000 -0.500000 0.200000
v 0.000000 -0.500000 0.300000
v 0.000000 -0.500000 0.400000
v 0.000000 -0.500000 0.500000
v 0.100000 -0.500000 -0.500000
v 0.100000 -0.500000 -0.400000
v 0.100000 -0.500000 -0.300000
v 0.100000 -0.500000 -0.200000
v 0.100000 -0.500000 -0.100000
v 0.100000 -0.500000 0.000000
v 0.100000 -0.500000 0.100000
v 0.100000 -0.500000 0.200000
v 0.100000 -0.500000 0.300000
v 0.100000 -0.500000 0.400000
v 0.100000 -0.500000 0.500000
v 0.200000 -0.500000 -0.500000
v 0.200000 -0.500000 -0.400000
v 0.200000 -0.500000 -0.300000
v 0.200000 -0.500000 -0.200000
v 0.200000 -0.500000 -0.100000
v 0.200000 -0.500000 0.000000
v 0.200000 -0.500000 0.100000
v 0.200000 -0.500000 0.200000
v 0.200000 -0.500000 0.300000
v 0.200000 -0.500000 0.400000
v 0.200000 -0.500000 0.500000
v 0.300000 -0.500000 -0.500000
v 0.300000 -0.500000 -0.400000
v 0.300000 -0.500000 -0.300000
v 0.300000 -0.500000 -0.200000
v 0.300000 -0.500000 -0.100000
v 0.300000 -0.500000 0.000000
v 0.300000 -0.500000 0.100000
v 0.300000 -0.500000 0.200000
v 0.300000 -0.500000 0.300000
v 0.300000 -0.500000 0.400000
v 0.300000 -0.500000 0.500000
v 0.400000 -0.500000 -0.500000
v 0.400000 -0.500000 -0.400000
v 0.400000 -0.500000 -0.300000
v 0.400000 -0.500000 -0.200000
v 0.400000 -0.500000 -0.100000
v 0.400000 -0.500000 0.000000
v 0.400000 -0.500000 0.100000
v 0.400000 -0.500000 0.200000
v 0.400000 -0.500000 0.300000
v 0.400000 -0.500000 0.400000
v 0.400000 -0.500000 0.500000
v 0.500000 -0.500000 -0.500000
v 0.500000 -0.500000 -0.400000
v 0.500000 -0.500000 -0.300000
v 0.500000 -0.500000 -0.200000
v 0.500000 -0.500000 -0.100000
v 0.500000 -0.500000 0.000000
v 0.500000 -0.500000 0.100000
v 0.500000 -0.500000 0.200000
v 0.500000 -0.500000 0.300000
v 0.500000 -0.500000 0.400000
v 0.500000 -0.500000 0.500000
v -0.500000 0.500000 0.500000
v -0.500000 0.500000 0.400000
v -0.500000 0.500000 0.300000
v -0.500000 0.500000 0.200000
v -0.500000 0.500000 0.100000
v -0.500000 0.500000 0.000000
v -0.500000 0.500000 -0.100000
v -0.500000 0.500000 -0.200000
v -0.500000 0.500000 -0.300000
v -0.500000 0.500000 -0.400000
v -0.500000 0.500000 -0.500000
v -0.400000 0.500000 0.500000
v -0.400000 0.500000 0.400000
v -0.400000 0.500000 0.300000
v -0.400000 0.500000 0.200000
v -0.400000 0.500000 0.100000
v -0.400000 0.500000 0.000000
v -0.400000 0.500000 -0.100000
v -0.400000 0.500000 -0.200000
v -0.400000 0.500000 -0.300000
v -0.400000 0.500000 -0.400000
v -0.400000 0.500000 -0.500000
v -0.300000 0.500000 0.500000
v -0.300000 0.500000 0.400000
v -0.300000 0.500000 0.300000
v -0.300000 0.500000 0.200000
v -0.300000 0.500000 0.100000
v -0.300000 0.500000 0.000000
v -0.300000 0.500000 -0.100000
v -0.300000 0.500000 -0.200000
v -0.300000 0.500000 -0.300000
v -0.300000 0.500000 -0.400000
v -0.300000 0.500000 -0.500000
v -0.200000 0.500000 0.500000
v -0.200000 0.500000 0.400000
v -0.200000 0.500000 0.300000
v -0.200000 0.500000 0.200000
v -0.200000 0.500000 0.100000
v -0.200000 0.500000 0.000000
v -0.200000 0.500000 -0.100000
v -0.200000 0.500000 -0.200000
v -0.200000 0.500000 -0.300000
v -0.200000 0.500000 -0.400000
v -0.200000 0.500000 -0.500000
v -0.100000 0.500000 0.500000
v -0.100000 0.500000 0.400000
v -0.100000 0.500000 0.300000
v -0.100000 0.500000 0.200000
v -0.100000 0.500000 0.100000
v -0.100000 0.500000 0.000000
v -0.100000 0.500000 -0.100000
v -0.100000 0.500000 -0.200000
v -0.100000 0.500000 -0.300000
v -0.100000 0.500000 -0.400000
v -0.100000 0.500000 -0.500000
v 0.000000 0.500000 0.500000
v 0.000000 0.500000 0.400000
v 0.000000 0.500000 0.300000
v 0.000000 0.500000 0.200000
v 0.000000 0.500000 0.100000
v 0.000000 0.500000 0.000000
v 0.000000 0.500000 -0.100000
v 0.000000 0.500000 -0.200000
v 0.000000 0.500000 -0.300000
v 0.000000 0.500000 -0.400000
v 0.000000 0.500000 -0.500000
v 0.100000 0.500000 0.500000
v 0.100000 0.500000 0.400000
v 0.100000 0.500000 0.300000
v 0.100000 0.500000 0.200000
v 0.100000 0.500000 0.100000
v 0.100000 0.500000 0.000000
v 0.100000 0.500000 -0.100000
v 0.100000 0.500000 -0.200000
v 0.100000 0.500000 -0.300000
v 0.100000 0.500000 -0.400000
v 0.100000 0.500000 -0.500000
v 0.200000 0.500000 0.500000
v 0.200000 0.500000 0.400000
v 0.200000 0.500000 0.300000
v 0.200000 0.500000 0.200000
v 0.200000 0.500000 0.100000
v 0.200000 0.500000 0.000000
v 0.200000 0.500000 -0.100000
v 0.200000 0.500000 -0.200000
v 0.200000 0.500000 -0.300000
v 0.200000 0.500000 -0.400000
v 0.200000 0.500000 -0.500000
v 0.300000 0.500000 0.500000
v 0.300000 0.500000 0.400000
v 0.300000 0.500000 0.300000
v 0.300000 0.500000 0.200000
v 0.300000 0.500000 0.100000
v 0.300000 0.500000 0.000000
v 0.300000 0.500000 -0.100000
v 0.300000 0.500000 -0.200000
v 0.300000 0.500000 -0.300000
v 0.300000 0.500000 -0.400000
v 0.300000 0.500000 -0.500000
v 0.400000 0.500000 0.500000
v 0.400000 0.500000 0.400000
v 0.400000 0.500000 0.300000
v 0.400000 0.500000 0.200000
v 0.400000 0.500000 0.100000
v 0.400000 0.500000 0.000000
v 0.400000 0.500000 -0.100000
v 0.400000 0.500000 -0.200000
v 0.400000 0.500000 -0.300000
v 0.400000 0.500000 -0.400000
v 0.400000 0.500000 -0.500000
v 0.500000 0.500000 0.500000
v 0.500000 0.500000 0.400000
v 0.500000 0.500000 0.300000
v 0.500000 0.500000 0.200000
v 0.500000 0.500000 0.100000
v 0.500000 0.500000 0.000000
v 0.500000 0.500000 -0.100000
v 0.500000 0.500000 -0.200000
v 0.500000 0.500000 -0.300000
v 0.500000 0.500000 -0.400000
v 0.500000 0.500000 -0.500000
v -0.500000 -0.400000 0.500000
v -0.500000 -0.300000 0.500000
v -0.500000 -0.200000 0.500000
v -0.500000 -0.100000 0.500000
v -0.500000 0.000000 0.500000
v -0.500000 0.100000 0.500000
v -0.500000 0.200000 0.500000
v -0.500000 0.300000 0.500000
v -0.500000 0.400000 0.500000
v -0.400000 -0.400000 0.500000
v -0.400000 -0.300000 0.500000
v -0.400000 -0.200000 0.500000
v -0.400000 -0.100000 0.500000
v -0.400000 0.000000 0.500000
v -0.400000 0.100000 0.500000
v -0.400000 0.200000 0.500000
v -0.400000 0.300000 0.500000
v -0.400000 0.400000 0.500000
v -0.300000 -0.400000 0.500000
v -0.300000 -0.300000 0.500000
v -0.300000 -0.200000 0.500000
v -0.300000 -0.100000 0.500000
v -0.300000 0.000000 0.500000
v -0.300000 0.100000 0.500000
v -0.300000 0.200000 0.500000
v -0.300000 0.300000 0.500000
v -0.300000 0.400000 0.500000
v -0.200000 -0.400000 0.500000
v -0.200000 -0.300000 0.500000
v -0.200000 -0.200000 0.500000
v -0.200000 -0.100000 0.500000
v -0.200000 0.000000 0.500000
v -0.200000 0.100000 0.500000
v -0.200000 0.200000 0.500000
v -0.200000 0.300000 0.500000
v -0.200000 0.400000 0.500000
v -0.100000 -0.400000 0.500000
v -0.100000 -0.300000 0.500000
v -0.100000 -0.200000 0.500000
v -0.100000 -0.100000 0.500000
v -0.100000 0.000000 0.500000
v -0.100000 0.100000 0.500000
v -0.100000 0.200000 0.500000
v -0.100000 0.300000 0.500000
v -0.100000 0.400000 0.500000
v 0.000000 -0.400000 0.500000
v 0.000000 -0.300000 0.500000
v 0.000000 -0.200000 0.500000
v 0.000000 -0.100000 0.500000
v 0.000000 0.000000 0.500000
v 0.000000 0.100000 0.500000
v 0.000000 0.200000 0.500000
v 0.000000 0.300000 0.500000
v 0.000000 0.400000 0.500000
v 0.100000 -0.400000 0.500000
v 0.100000 -0.300000 0.500000
v 0.100000 -0.200000 0.500000
v 0.100000 -0.100000 0.500000
v 0.100000 0.000000 0.500000
v 0.100000 0.100000 0.500000
v 0.100000 0.200000 0.500000
v 0.100000 0.300000 0.500000
v 0.100000 0.400000 0.500000
v 0.200000 -0.400000 0.500000
v 0.200000 -0.300000 0.500000
v 0.200000 -0.200000 0.500000
v 0.200000 -0.100000 0.500000
v 0.200000 0.000000 0.500000
v 0.200000 0.100000 0.500000
v 0.200000 0.200000 0.500000
v 0.200000 0.300000 0.500000
v 0.200000 0.400000 0.500000
v 0.300000 -0.400000 0.500000
v 0.300000 -0.300000 0.500000
v 0.300000 -0.200000 0.500000
v 0.300000 -0.100000 0.500000
v 0.300000 0.000000 0.500000
v 0.300000 0.100000 0.500000
v 0.300000 0.200000 0.500000
v 0.300000 0.300000 0.500000
v 0.300000 0.400000 0.500000
v 0.400000 -0.400000 0.500000
v 0.400000 -0.300000 0.500000
v 0.400000 -0.200000 0.500000
v 0.400000 -0.100000 0.500000
v 0.400000 0.000000 0.500000
v 0.400000 0.100000 0.500000
v 0.400000 0.200000 0.500000
v 0.400000 0.300000 0.500000
v 0.400000 0.400000 0.500000
v 0.500000 -0.400000 0.500000
v 0.500000 -0.300000 0.500000
v 0.500000 -0.200000 0.500000
v 0.500000 -0.100000 0.500000
v 0.500000 0.000000 0.500000
v 0.500000 0.100000 0.500000
v 0.500000 0.200000 0.500000
v 0.500000 0.300000 0.500000
v 0.500000 0.400000 0.500000
v -0.500000 0.400000 -0.500000
v -0.500000 0.300000 -0.500000
v -0.500000 0.200000 -0.500000
v -0.500000 0.100000 -0.500000
v -0.500000 0.000000 -0.500000
v -0.500000 -0.100000 -0.500000
v -0.500000 -0.200000 -0.500000
v -0.500000 -0.300000 -0.500000
v -0.500000 -0.400000 -0.500000
v -0.400000 0.400000 -0.500000
v -0.400000 0.300000 -0.500000
v -0.400000 0.200000 -0.500000
v -0.400000 0.100000 -0.500000
v -0.400000 0.000000 -0.500000
v -0.400000 -0.100000 -0.500000
v -0.400000 -0.200000 -0.500000
v -0.400000 -0.300000 -0.500000
v -0.400000 -0.400000 -0.500000
v -0.300000 0.400000 -0.500000
v -0.300000 0.300000 -0.500000
v -0.300000 0.200000 -0.500000
v -0.300000 0.100000 -0.500000
v -0.300000 0.000000 -0.500000
v -0.300000 -0.100000 -0.500000
v -0.300000 -0.200000 -0.500000
v -0.300000 -0.300000 -0.500000
v -0.300000 -0.400000 -0.500000
v -0.200000 0.400000 -0.500000
v -0.200000 0.300000 -0.500000
v -0.200000 0.200000 -0.500000
v -0.200000 0.100000 -0.500000
v -0.200000 0.000000 -0.500000
v -0.200000 -0.100000 -0.500000
v -0.200000 -0.200000 -0.500000
v -0.200000 -0.300000 -0.500000
v -0.200000 -0.400000 -0.500000
v -0.100000 0.400000 -0.500000
v -0.100000 0.300000 -0.500000
v -0.100000 0.200000 -0.500000
v -0.100000 0.100000 -0.500000
v -0.100000 0.000000 -0.500000
v -0.100000 -0.100000 -0.500000
v -0.100000 -0.200000 -0.500000
v -0.100000 -0.300000 -0.500000
v -0.100000 -0.400000 -0.500000
v 0.000000 0.400000 -0.500000
v 0.000000 0.300000 -0.500000
v 0.000000 0.200000 -0.500000
v 0.000000 0.100000 -0.500000
v 0.000000 0.000000 -0.500000
v 0.000000 -0.100000 -0.500000
v 0.000000 -0.200000 -0.500000
v 0.000000 -0.300000 -0.500000
v 0.000000 -0.400000 -0.500000
v 0.100000 0.400000 -0.500000
v 0.100000 0.300000 -0.500000
v 0.100000 0.200000 -0.500000
v 0.100000 0.100000 -0.500000
v 0.100000 0.000000 -0.500000
v 0.100000 -0.100000 -0.500000
v 0.100000 -0.200000 -0.500000
v 0.100000 -0.300000 -0.500000
v 0.100000 -0.400000 -0.500000
v 0.200000 0.400000 -0.500000
v 0.200000 0.300000 -0.500000
v 0.200000 0.200000 -0.500000
v 0.200000 0.100000 -0.500000
v 0.200000 0.000000 -0.500000
v 0.200000 -0.100000 -0.500000
v 0.200000 -0.200000 -0.500000
v 0.200000 -0.300000 -0.500000
v 0.200000 -0.400000 -0.500000
v 0.300000 0.400000 -0.500000
v 0.300000 0.300000 -0.500000
v 0.300000 0.200000 -0.500000
v 0.300000 0.100000 -0.500000
v 0.300000 0.000000 -0.500000
v 0.300000 -0.100000 -0.500000
v 0.300000 -0.200000 -0.500000
v 0.300000 -0.300000 -0.500000
v 0.300000 -0.400000 -0.500000
v 0.400000 0.400000 -0.500000
v 0.400000 0.300000 -0.500000
v 0.400000 0.200000 -0.500000
v 0.400000 0.100000 -0.500000
v 0.400000 0.000000 -0.500000
v 0.400000 -0.100000 -0.500000
v 0.400000 -0.200000 -0.500000
v 0.400000 -0.300000 -0.500000
v 0.400000 -0.400000 -0.500000
v 0.500000 0.400000 -0.500000
v 0.500000 0.300000 -0.500000
v 0.500000 0.200000 -0.500000
v 0.500000 0.100000 -0.500000
v 0.500000 0.000000 -0.500000
v 0.500000 -0.100000 -0.500000
v 0.500000 -0.200000 -0.500000
v 0.500000 -0.300000 -0.500000
v 0.500000 -0.400000 -0.500000
v -0.500000 -0.400000 -0.400000
v -0.500000 -0.300000 -0.400000
v -0.500000 -0.200000 -0.400000
v -0.500000 -0.100000 -0.400000
v -0.500000 0.000000 -0.400000
v -0.500000 0.100000 -0.400000
v -0.500000 0.200000 -0.400000
v -0.500000 0.300000 -0.400000
v -0.500000 0.400000 -0.400000
v -0.500000 -0.400000 -0.300000
v -0.500000 -0.300000 -0.300000
v -0.500000 -0.200000 -0.300000
v -0.500000 -0.100000 -0.300000
v -0.500000 0.000000 -0.300000
v -0.500000 0.100000 -0.300000
v -0.500000 0.200000 -0.300000
v -0.500000 0.300000 -0.300000
v -0.500000 0.400000 -0.300000
v -0.500000 -0.400000 -0.200000
v -0.500000 -0.300000 -0.200000
v -0.500000 -0.200000 -0.200000
v -0.500000 -0.100000 -0.200000
v -0.500000 0.000000 -0.200000
v -0.500000 0.100000 -0.200000
v -0.500000 0.200000 -0.200000
v -0.500000 0.300000 -0.200000
v -0.500000 0.400000 -0.200000
v -0.500000 -0.400000 -0.100000
v -0.500000 -0.300000 -0.100000
v -0.500000 -0.200000 -0.100000
v -0.500000 -0.100000 -0.100000
v -0.500000 0.000000 -0.100000
v -0.500000 0.100000 -0.100000
v -0.500000 0.200000 -0.100000
v -0.500000 0.300000 -0.100000
v -0.500000 0.400000 -0.100000
v -0.500000 -0.400000 0.000000
v -0.500000 -0.300000 0.000000
v -0.500000 -0.200000 0.000000
v -0.500000 -0.100000 0.000000
v -0.500000 0.000000 0.000000
v -0.500000 0.100000 0.000000
v -0.500000 0.200000 0.000000
v -0.500000 0.300000 0.000000
v -0.500000 0.400000 0.000000
v -0.500000 -0.400000 0.100000
v -0.500000 -0.300000 0.100000
v -0.500000 -0.200000 0.100000
v -0.500000 -0.100000 0.100000
v -0.500000 0.000000 0.100000
v -0.500000 0.100000 0.100000
v -0.500000 0.200000 0.100000
v -0.500000 0.300000 0.100000
v -0.500000 0.400000 0.100000
v -0.500000 -0.400000 0.200000
v -0.500000 -0.300000 0.200000
v -0.500000 -0.200000 0.200000
v -0.500000 -0.100000 0.200000
v -0.500000 0.000000 0.200000
v -0.500000 0.100000 0.200000
v -0.500000 0.200000 0.200000
v -0.500000 0.300000 0.200000
v -0.500000 0.400000 0.200000
v -0.500000 -0.400000 0.300000
v -0.500000 -0.300000 0.300000
v -0.500000 -0.200000 0.300000
v -0.500000 -0.100000 0.300000
v -0.500000 0.000000 0.300000
v -0.500000 0.100000 0.300000
v -0.500000 0.200000 0.300000
v -0.500000 0.300000 0.300000
v -0.500000 0.400000 0.300000
v -0.500000 -0.400000 0.400000
v -0.500000 -0.300000 0.400000
v -0.500000 -0.200000 0.400000
v -0.500000 -0.100000 0.400000
v -0.500000 0.000000 0.400000
v -0.500000 0.100000 0.400000
v -0.500000 0.200000 0.400000
v -0.500000 0.300000 0.400000
v -0.500000 0.400000 0.400000
v 0.500000 -0.400000 0.400000
v 0.500000 -0.300000 0.400000
v 0.500000 -0.200000 0.400000
v 0.500000 -0.100000 0.400000
v 0.500000 0.000000 0.400000
v 0.500000 0.100000 0.400000
v 0.500000 0.200000 0.400000
v 0.500000 0.300000 0.400000
v 0.500000 0.400000 0.400000
v 0.500000 -0.400000 0.300000
v 0.500000 -0.300000 0.300000
v 0.500000 -0.200000 0.300000
v 0.500000 -0.100000 0.300000
v 0.500000 0.000000 0.300000
v 0.500000 0.100000 0.300000
v 0.500000 0.200000 0.300000
v 0.500000 0.300000 0.300000
v 0.500000 0.400000 0.300000
v 0.500000 -0.400000 0.200000
v 0.500000 -0.300000 0.200000
v 0.500000 -0.200000 0.200000
v 0.500000 -0.100000 0.200000
v 0.500000 0.000000 0.200000
v 0.500000 0.100000 0.200000
v 0.500000 0.200000 0.200000
v 0.500000 0.300000 0.200000
v 0.500000 0.400000 0.200000
v 0.500000 -0.400000 0.100000
v 0.500000 -0.300000 0.100000
v 0.500000 -0.200000 0.100000
v 0.500000 -0.100000 0.100000
v 0.500000 0.000000 0.100000
v 0.500000 0.100000 0.100000
v 0.500000 0.200000 0.100000
v 0.500000 0.300000 0.100000
v 0.500000 0.400000 0.100000
v 0.500000 -0.400000 0.000000
v 0.500000 -0.300000 0.000000
v 0.500000 -0.200000 0.000000
v 0.500000 -0.100000 0.000000
v 0.500000 0.000000 0.000000
v 0.500000 0.100000 0.000000
v 0.500000 0.200000 0.000000
v 0.500000 0.300000 0.000000
v 0.500000 0.400000 0.000000
v 0.500000 -0.400000 -0.100000
v 0.500000 -0.300000 -0.100000
v 0.500000 -0.200000 -0.100000
v 0.500000 -0.100000 -0.100000
v 0.500000 0.000000 -0.100000
v 0.500000 0.100000 -0.100000
v 0.500000 0.200000 -0.100000
v 0.500000 0.300000 -0.100000
v 0.500000 0.400000 -0.100000
v 0.500000 -0.400000 -0.200000
v 0.500000 -0.300000 -0.200000
v 0.500000 -0.200000 -0.200000
v 0.500000 -0.100000 -0.200000
v 0.500000 0.000000 -0.200000
v 0.500000 0.100000 -0.200000
v 0.500000 0.200000 -0.200000
v 0.500000 0.300000 -0.200000
v 0.500000 0.400000 -0.200000
v 0.500000 -0.400000 -0.300000
v 0.500000 -0.300000 -0.300000
v 0.500000 -0.200000 -0.300000
v 0.500000 -0.100000 -0.300000
v 0.500000 0.000000 -0.300000
v 0.500000 0.100000 -0.300000
v 0.500000 0.200000 -0.300000
v 0.500000 0.300000 -0.300000
v 0.500000 0.400000 -0.300000
v 0.500000 -0.400000 -0.400000
v 0.500000 -0.300000 -0.400000
v 0.500000 -0.200000 -0.400000
v 0.500000 -0.100000 -0.400000
v 0.500000 0.000000 -0.400000
v 0.500000 0.100000 -0.400000
v 0.500000 0.200000 -0.400000
v 0.500000 0.300000 -0.400000
v 0.500000 0.400000 -0.400000
v -0.135000 -0.260000 -0.190000
v -0.135000 -0.260000 -0.095000
v -0.135000 -0.260000 0.000000
v -0.135000 -0.260000 0.095000
v -0.135000 -0.260000 0.190000
v -0.045000 -0.260000 -0.190000
v -0.045000 -0.260000 -0.095000
v -0.045000 -0.260000 0.000000
v -0.045000 -0.260000 0.095000
v -0.045000 -0.260000 0.190000
v 0.045000 -0.260000 -0.190000
v 0.045000 -0.260000 -0.095000
v 0.045000 -0.260000 0.000000
v 0.045000 -0.260000 0.095000
v 0.045000 -0.260000 0.190000
v 0.135000 -0.260000 -0.190000
v 0.135000 -0.260000 -0.095000
v 0.135000 -0.260000 0.000000
v 0.135000 -0.260000 0.095000
v 0.135000 -0.260000 0.190000
v -0.135000 0.260000 0.190000
v -0.135000 0.260000 0.095000
v -0.135000 0.260000 0.000000
v -0.135000 0.260000 -0.095000
v -0.135000 0.260000 -0.190000
v -0.045000 0.260000 0.190000
v -0.045000 0.260000 0.095000
v -0.045000 0.260000 0.000000
v -0.045000 0.260000 -0.095000
v -0.045000 0.260000 -0.190000
v 0.045000 0.260000 0.190000
v 0.045000 0.260000 0.095000
v 0.045000 0.260000 0.000000
v 0.045000 0.260000 -0.095000
v 0.045000 0.260000 -0.190000
v 0.135000 0.260000 0.190000
v 0.135000 0.260000 0.095000
v 0.135000 0.260000 0.000000
v 0.135000 0.260000 -0.095000
v 0.135000 0.260000 -0.190000
v -0.135000 -0.173333 0.190000
v -0.135000 -0.086667 0.190000
v -0.135000 0.000000 0.190000
v -0.135000 0.086667 0.190000
v -0.135000 0.173333 0.190000
v -0.045000 -0.173333 0.190000
v -0.045000 -0.086667 0.190000
v -0.045000 0.000000 0.190000
v -0.045000 0.086667 0.190000
v -0.045000 0.173333 0.190000
v 0.045000 -0.173333 0.190000
v 0.045000 -0.086667 0.190000
v 0.045000 0.000000 0.190000
v 0.045000 0.086667 0.190000
v 0.045000 0.173333 0.190000
v 0.135000 -0.173333 0.190000
v 0.135000 -0.086667 0.190000
v 0.135000 0.000000 0.190000
v 0.135000 0.086667 0.190000
v 0.135000 0.173333 0.190000
v -0.135000 0.173333 -0.190000
v -0.135000 0.086667 -0.190000
v -0.135000 0.000000 -0.190000
v -0.135000 -0.086667 -0.190000
v -0.135000 -0.173333 -0.190000
v -0.045000 0.173333 -0.190000
v -0.045000 0.086667 -0.190000
v -0.045000 0.000000 -0.190000
v -0.045000 -0.086667 -0.190000
v -0.045000 -0.173333 -0.190000
v 0.045000 0.173333 -0.190000
v 0.045000 0.086667 -0.190000
v 0.045000 0.000000 -0.190000
v 0.045000 -0.086667 -0.190000
v 0.045000 -0.173333 -0.190000
v 0.135000 0.173333 -0.190000
v 0.135000 0.086667 -0.190000
v 0.135000 0.000000 -0.190000
v 0.135000 -0.086667 -0.190000
v 0.135000 -0.173333 -0.190000
v -0.135000 -0.173333 -0.095000
v -0.135000 -0.086667 -0.095000
v -0.135000 0.000000 -0.095000
v -0.135000 0.086667 -0.095000
v -0.135000 0.173333 -0.095000
v -0.135000 -0.173333 0.000000
v -0.135000 -0.086667 0.000000
v -0.135000 0.000000 0.000000
v -0.135000 0.086667 0.000000
v -0.135000 0.173333 0.000000
v -0.135000 -0.173333 0.095000
v -0.135000 -0.086667 0.095000
v -0.135000 0.000000 0.095000
v -0.135000 0.086667 0.095000
v -0.135000 0.173333 0.095000
v 0.135000 -0.173333 0.095000
v 0.135000 -0.086667 0.095000
v 0.135000 0.000000 0.095000
v 0.135000 0.086667 0.095000
v 0.135000 0.173333 0.095000
v 0.135000 -0.173333 0.000000
v 0.135000 -0.086667 0.000000
v 0.135000 0.000000 0.000000
v 0.135000 0.086667 0.000000
v 0.135000 0.173333 0.000000
v 0.135000 -0.173333 -0.095000
v 0.135000 -0.086667 -0.095000
v 0.135000 0.000000 -0.095000
v 0.135000 0.086667 -0.095000
v 0.135000 0.173333 -0.095000
v -0.080000 -0.115000 -0.090000
v -0.080000 -0.115000 0.000000
v -0.080000 -0.115000 0.090000
v 0.000000 -0.115000 -0.090000
v 0.000000 -0.115000 0.000000
v 0.000000 -0.115000 0.090000
v 0.080000 -0.115000 -0.090000
v 0.080000 -0.115000 0.000000
v 0.080000 -0.115000 0.090000
v -0.080000 0.115000 0.090000
v -0.080000 0.115000 0.000000
v -0.080000 0.115000 -0.090000
v 0.000000 0.115000 0.090000
v 0.000000 0.115000 0.000000
v 0.000000 0.115000 -0.090000
v 0.080000 0.115000 0.090000
v 0.080000 0.115000 0.000000
v 0.080000 0.115000 -0.090000
v -0.080000 -0.038333 0.090000
v -0.080000 0.038333 0.090000
v 0.000000 -0.038333 0.090000
v 0.000000 0.038333 0.090000
v 0.080000 -0.038333 0.090000
v 0.080000 0.038333 0.090000
v -0.080000 0.038333 -0.090000
v -0.080000 -0.038333 -0.090000
v 0.000000 0.038333 -0.090000
v 0.000000 -0.038333 -0.090000
v 0.080000 0.038333 -0.090000
v 0.080000 -0.038333 -0.090000
v -0.080000 -0.038333 0.000000
v -0.080000 0.038333 0.000000
v 0.080000 -0.038333 0.000000
v 0.080000 0.038333 0.000000
v -0.090000 -0.285000 -0.155000
v -0.090000 -0.285000 -0.077500
v -0.090000 -0.285000 0.000000
v -0.090000 -0.285000 0.077500
v -0.090000 -0.285000 0.155000
v 0.000000 -0.285000 -0.155000
v 0.000000 -0.285000 -0.077500
v 0.000000 -0.285000 0.000000
v 0.000000 -0.285000 0.077500
v 0.000000 -0.285000 0.155000
v 0.090000 -0.285000 -0.155000
v 0.090000 -0.285000 -0.077500
v 0.090000 -0.285000 0.000000
v 0.090000 -0.285000 0.077500
v 0.090000 -0.285000 0.155000
v -0.090000 0.285000 0.155000
v -0.090000 0.285000 0.077500
v -0.090000 0.285000 0.000000
v -0.090000 0.285000 -0.077500
v -0.090000 0.285000 -0.155000
v 0.000000 0.285000 0.155000
v 0.000000 0.285000 0.077500
v 0.000000 0.285000 0.000000
v 0.000000 0.285000 -0.077500
v 0.000000 0.285000 -0.155000
v 0.090000 0.285000 0.155000
v 0.090000 0.285000 0.077500
v 0.090000 0.285000 0.000000
v 0.090000 0.285000 -0.077500
v 0.090000 0.285000 -0.155000
v -0.090000 -0.190000 0.155000
v -0.090000 -0.095000 0.155000
v -0.090000 0.000000 0.155000
v -0.090000 0.095000 0.155000
v -0.090000 0.190000 0.155000
v 0.000000 -0.190000 0.155000
v 0.000000 -0.095000 0.155000
v 0.000000 0.000000 0.155000
v 0.000000 0.095000 0.155000
v 0.000000 0.190000 0.155000
v 0.090000 -0.190000 0.155000
v 0.090000 -0.095000 0.155000
v 0.090000 0.000000 0.155000
v 0.090000 0.095000 0.155000
v 0.090000 0.190000 0.155000
v -0.090000 0.190000 -0.155000
v -0.090000 0.095000 -0.155000
v -0.090000 0.000000 -0.155000
v -0.090000 -0.095000 -0.155000
v -0.090000 -0.190000 -0.155000
v 0.000000 0.190000 -0.155000
v 0.000000 0.095000 -0.155000
v 0.000000 0.000000 -0.155000
v 0.000000 -0.095000 -0.155000
v 0.000000 -0.190000 -0.155000
v 0.090000 0.190000 -0.155000
v 0.090000 0.095000 -0.155000
v 0.090000 0.000000 -0.155000
v 0.090000 -0.095000 -0.155000
v 0.090000 -0.190000 -0.155000
v -0.090000 -0.190000 -0.077500
v -0.090000 -0.095000 -0.077500
v -0.090000 0.000000 -0.077500
v -0.090000 0.095000 -0.077500
v -0.090000 0.190000 -0.077500
v -0.090000 -0.190000 0.000000
v -0.090000 -0.095000 0.000000
v -0.090000 0.000000 0.000000
v -0.090000 0.095000 0.000000
v -0.090000 0.190000 0.000000
v -0.090000 -0.190000 0.077500
v -0.090000 -0.095000 0.077500
v -0.090000 0.000000 0.077500
v -0.090000 0.095000 0.077500
v -0.090000 0.190000 0.077500
v 0.090000 -0.190000 0.077500
v 0.090000 -0.095000 0.077500
v 0.090000 0.000000 0.077500
v 0.090000 0.095000 0.077500
v 0.090000 0.190000 0.077500
v 0.090000 -0.190000 0.000000
v 0.090000 -0.095000 0.000000
v 0.090000 0.000000 0.000000
v 0.090000 0.095000 0.000000
v 0.090000 0.190000 0.000000
v 0.090000 -0.190000 -0.077500
v 0.090000 -0.095000 -0.077500
v 0.090000 0.000000 -0.077500
v 0.090000 0.095000 -0.077500
v 0.090000 0.190000 -0.077500
v -0.070000 -0.150000 -0.100000
v -0.070000 -0.150000 0.000000
v -0.070000 -0.150000 0.100000
v 0.000000 -0.150000 -0.100000
v 0.000000 -0.150000 0.000000
v 0.000000 -0.150000 0.100000
v 0.070000 -0.150000 -0.100000
v 0.070000 -0.150000 0.000000
v 0.070000 -0.150000 0.100000
v -0.070000 0.150000 0.100000
v -0.070000 0.150000 0.000000
v -0.070000 0.150000 -0.100000
v 0.000000 0.150000 0.100000
v 0.000000 0.150000 0.000000
v 0.000000 0.150000 -0.100000
v 0.070000 0.150000 0.100000
v 0.070000 0.150000 0.000000
v 0.070000 0.150000 -0.100000
v -0.070000 -0.050000 0.100000
v -0.070000 0.050000 0.100000
v 0.000000 -0.050000 0.100000
v 0.000000 0.050000 0.100000
v 0.070000 -0.050000 0.100000
v 0.070000 0.050000 0.100000
v -0.070000 0.050000 -0.100000
v -0.070000 -0.050000 -0.100000
v 0.000000 0.050000 -0.100000
v 0.000000 -0.050000 -0.100000
v 0.070000 0.050000 -0.100000
v 0.070000 -0.050000 -0.100000
v -0.070000 -0.050000 0.000000
v -0.070000 0.050000 0.000000
v 0.070000 -0.050000 0.000000
v 0.070000 0.050000 0.000000
v -0.085000 -0.205000 -0.160000
v -0.085000 -0.205000 -0.080000
v -0.085000 -0.205000 0.000000
v -0.085000 -0.205000 0.080000
v -0.085000 -0.205000 0.160000
v 0.000000 -0.205000 -0.160000
v 0.000000 -0.205000 -0.080000
v 0.000000 -0.205000 0.000000
v 0.000000 -0.205000 0.080000
v 0.000000 -0.205000 0.160000
v 0.085000 -0.205000 -0.160000
v 0.085000 -0.205000 -0.080000
v 0.085000 -0.205000 0.000000
v 0.085000 -0.205000 0.080000
v 0.085000 -0.205000 0.160000
v -0.085000 0.205000 0.160000
v -0.085000 0.205000 0.080000
v -0.085000 0.205000 0.000000
v -0.085000 0.205000 -0.080000
v -0.085000 0.205000 -0.160000
v 0.000000 0.205000 0.160000
v 0.000000 0.205000 0.080000
v 0.000000 0.205000 0.000000
v 0.000000 0.205000 -0.080000
v 0.000000 0.205000 -0.160000
v 0.085000 0.205000 0.160000
v 0.085000 0.205000 0.080000
v 0.085000 0.205000 0.000000
v 0.085000 0.205000 -0.080000
v 0.085000 0.205000 -0.160000
v -0.085000 -0.102500 0.160000
v -0.085000 0.000000 0.160000
v -0.085000 0.102500 0.160000
v 0.000000 -0.102500 0.160000
v 0.000000 0.000000 0.160000
v 0.000000 0.102500 0.160000
v 0.085000 -0.102500 0.160000
v 0.085000 0.000000 0.160000
v 0.085000 0.102500 0.160000
v -0.085000 0.102500 -0.160000
v -0.085000 0.000000 -0.160000
v -0.085000 -0.102500 -0.160000
v 0.000000 0.102500 -0.160000
v 0.000000 0.000000 -0.160000
v 0.000000 -0.102500 -0.160000
v 0.085000 0.102500 -0.160000
v 0.085000 0.000000 -0.160000
v 0.085000 -0.102500 -0.160000
v -0.085000 -0.102500 -0.080000
v -0.085000 0.000000 -0.080000
v -0.085000 0.102500 -0.080000
v -0.085000 -0.102500 0.000000
v -0.085000 0.000000 0.000000
v -0.085000 0.102500 0.000000
v -0.085000 -0.102500 0.080000
v -0.085000 0.000000 0.080000
v -0.085000 0.102500 0.080000
v 0.085000 -0.102500 0.080000
v 0.085000 0.000000 0.080000
v 0.085000 0.102500 0.080000
v 0.085000 -0.102500 0.000000
v 0.085000 0.000000 0.000000
v 0.085000 0.102500 0.000000
v 0.085000 -0.102500 -0.080000
v 0.085000 0.000000 -0.080000
v 0.085000 0.102500 -0.080000
v -0.105000 -0.270000 -0.200000
v -0.105000 -0.270000 -0.100000
v -0.105000 -0.270000 0.000000
v -0.105000 -0.270000 0.100000
v -0.105000 -0.270000 0.200000
v -0.035000 -0.270000 -0.200000
v -0.035000 -0.270000 -0.100000
v -0.035000 -0.270000 0.000000
v -0.035000 -0.270000 0.100000
v -0.035000 -0.270000 0.200000
v 0.035000 -0.270000 -0.200000
v 0.035000 -0.270000 -0.100000
v 0.035000 -0.270000 0.000000
v 0.035000 -0.270000 0.100000
v 0.035000 -0.270000 0.200000
v 0.105000 -0.270000 -0.200000
v 0.105000 -0.270000 -0.100000
v 0.105000 -0.270000 0.000000
v 0.105000 -0.270000 0.100000
v 0.105000 -0.270000 0.200000
v -0.105000 0.270000 0.200000
v -0.105000 0.270000 0.100000
v -0.105000 0.270000 0.000000
v -0.105000 0.270000 -0.100000
v -0.105000 0.270000 -0.200000
v -0.035000 0.270000 0.200000
v -0.035000 0.270000 0.100000
v -0.035000 0.270000 0.000000
v -0.035000 0.270000 -0.100000
v -0.035000 0.270000 -0.200000
v 0.035000 0.270000 0.200000
v 0.035000 0.270000 0.100000
v 0.035000 0.270000 0.000000
v 0.035000 0.270000 -0.100000
v 0.035000 0.270000 -0.200000
v 0.105000 0.270000 0.200000
v 0.105000 0.270000 0.100000
v 0.105000 0.270000 0.000000
v 0.105000 0.270000 -0.100000
v 0.105000 0.270000 -0.200000
v -0.105000 -0.180000 0.200000
v -0.105000 -0.090000 0.200000
v -0.105000 0.000000 0.200000
v -0.105000 0.090000 0.200000
v -0.105000 0.180000 0.200000
v -0.035000 -0.180000 0.200000
v -0.035000 -0.090000 0.200000
v -0.035000 0.000000 0.200000
v -0.035000 0.090000 0.200000
v -0.035000 0.180000 0.200000
v 0.035000 -0.180000 0.200000
v 0.035000 -0.090000 0.200000
v 0.035000 0.000000 0.200000
v 0.035000 0.090000 0.200000
v 0.035000 0.180000 0.200000
v 0.105000 -0.180000 0.200000
v 0.105000 -0.090000 0.200000
v 0.105000 0.000000 0.200000
v 0.105000 0.090000 0.200000
v 0.105000 0.180000 0.200000
v -0.105000 0.180000 -0.200000
v -0.105000 0.090000 -0.200000
v -0.105000 0.000000 -0.200000
v -0.105000 -0.090000 -0.200000
v -0.105000 -0.180000 -0.200000
v -0.035000 0.180000 -0.200000
v -0.035000 0.090000 -0.200000
v -0.035000 0.000000 -0.200000
v -0.035000 -0.090000 -0.200000
v -0.035000 -0.180000 -0.200000
v 0.035000 0.180000 -0.200000
v 0.035000 0.090000 -0.200000
v 0.035000 0.000000 -0.200000
v 0.035000 -0.090000 -0.200000
v 0.035000 -0.180000 -0.200000
v 0.105000 0.180000 -0.200000
v 0.105000 0.090000 -0.200000
v 0.105000 0.000000 -0.200000
v 0.105000 -0.090000 -0.200000
v 0.105000 -0.180000 -0.200000
v -0.105000 -0.180000 -0.100000
v -0.105000 -0.090000 -0.100000
v -0.105000 0.000000 -0.100000
v -0.105000 0.090000 -0.100000
v -0.105000 0.180000 -0.100000
v -0.105000 -0.180000 0.000000
v -0.105000 -0.090000 0.000000
v -0.105000 0.000000 0.000000
v -0.105000 0.090000 0.000000
v -0.105000 0.180000 0.000000
v -0.105000 -0.180000 0.100000
v -0.105000 -0.090000 0.100000
v -0.105000 0.000000 0.100000
v -0.105000 0.090000 0.100000
v -0.105000 0.180000 0.100000
v 0.105000 -0.180000 0.100000
v 0.105000 -0.090000 0.100000
v 0.105000 0.000000 0.100000
v 0.105000 0.090000 0.100000
v 0.105000 0.180000 0.100000
v 0.105000 -0.180000 0.000000
v 0.105000 -0.090000 0.000000
v 0.105000 0.000000 0.000000
v 0.105000 0.090000 0.000000
v 0.105000 0.180000 0.000000
v 0.105000 -0.180000 -0.100000
v 0.105000 -0.090000 -0.100000
v 0.105000 0.000000 -0.100000
v 0.105000 0.090000 -0.100000
v 0.105000 0.180000 -0.100000
v -0.105000 -0.270000 -0.200000
v -0.105000 -0.270000 -0.100000
v -0.105000 -0.270000 0.000000
v -0.105000 -0.270000 0.100000
v -0.105000 -0.270000 0.200000
v -0.035000 -0.270000 -0.200000
v -0.035000 -0.270000 -0.100000
v -0.035000 -0.270000 0.000000
v -0.035000 -0.270000 0.100000
v -0.035000 -0.270000 0.200000
v 0.035000 -0.270000 -0.200000
v 0.035000 -0.270000 -0.100000
v 0.035000 -0.270000 0.000000
v 0.035000 -0.270000 0.100000
v 0.035000 -0.270000 0.200000
v 0.105000 -0.270000 -0.200000
v 0.105000 -0.270000 -0.100000
v 0.105000 -0.270000 0.000000
v 0.105000 -0.270000 0.100000
v 0.105000 -0.270000 0.200000
v -0.105000 0.270000 0.200000
v -0.105000 0.270000 0.100000
v -0.105000 0.270000 0.000000
v -0.105000 0.270000 -0.100000
v -0.105000 0.270000 -0.200000
v -0.035000 0.270000 0.200000
v -0.035000 0.270000 0.100000
v -0.035000 0.270000 0.000000
v -0.035000 0.270000 -0.100000
v -0.035000 0.270000 -0.200000
v 0.035000 0.270000 0.200000
v 0.035000 0.270000 0.100000
v 0.035000 0.270000 0.000000
v 0.035000 0.270000 -0.100000
v 0.035000 0.270000 -0.200000
v 0.105000 0.270000 0.200000
v 0.105000 0.270000 0.100000
v 0.105000 0.270000 0.000000
v 0.105000 0.270000 -0.100000
v 0.105000 0.270000 -0.200000
v -0.105000 -0.180000 0.200000
v -0.105000 -0.090000 0.200000
v -0.105000 0.000000 0.200000
v -0.105000 0.090000 0.200000
v -0.105000 0.180000 0.200000
v -0.035000 -0.180000 0.200000
v -0.035000 -0.090000 0.200000
v -0.035000 0.000000 0.200000
v -0.035000 0.090000 0.200000
v -0.035000 0.180000 0.200000
v 0.035000 -0.180000 0.200000
v 0.035000 -0.090000 0.200000
v 0.035000 0.000000 0.200000
v 0.035000 0.090000 0.200000
v 0.035000 0.180000 0.200000
v 0.105000 -0.180000 0.200000
v 0.105000 -0.090000 0.200000
v 0.105000 0.000000 0.200000
v 0.105000 0.090000 0.200000
v 0.105000 0.180000 0.200000
v -0.105000 0.180000 -0.200000
v -0.105000 0.090000 -0.200000
v -0.105000 0.000000 -0.200000
v -0.105000 -0.090000 -0.200000
v -0.105000 -0.180000 -0.200000
v -0.035000 0.180000 -0.200000
v -0.035000 0.090000 -0.200000
v -0.035000 0.000000 -0.200000
v -0.035000 -0.090000 -0.200000
v -0.035000 -0.180000 -0.200000
v 0.035000 0.180000 -0.200000
v 0.035000 0.090000 -0.200000
v 0.035000 0.000000 -0.200000
v 0.035000 -0.090000 -0.200000
v 0.035000 -0.180000 -0.200000
v 0.105000 0.180000 -0.200000
v 0.105000 0.090000 -0.200000
v 0.105000 0.000000 -0.200000
v 0.105000 -0.090000 -0.200000
v 0.105000 -0.180000 -0.200000
v -0.105000 -0.180000 -0.100000
v -0.105000 -0.090000 -0.100000
v -0.105000 0.000000 -0.100000
v -0.105000 0.090000 -0.100000
v -0.105000 0.180000 -0.100000
v -0.105000 -0.180000 0.000000
v -0.105000 -0.090000 0.000000
v -0.105000 0.000000 0.000000
v -0.105000 0.090000 0.000000
v -0.105000 0.180000 0.000000
v -0.105000 -0.180000 0.100000
v -0.105000 -0.090000 0.100000
v -0.105000 0.000000 0.100000
v -0.105000 0.090000 0.100000
v -0.105000 0.180000 0.100000
v 0.105000 -0.180000 0.100000
v 0.105000 -0.090000 0.100000
v 0.105000 0.000000 0.100000
v 0.105000 0.090000 0.100000
v 0.105000 0.180000 0.100000
v 0.105000 -0.180000 0.000000
v 0.105000 -0.090000 0.000000
v 0.105000 0.000000 0.000000
v 0.105000 0.090000 0.000000
v 0.105000 0.180000 0.000000
v 0.105000 -0.180000 -0.100000
v 0.105000 -0.090000 -0.100000
v 0.105000 0.000000 -0.100000
v 0.105000 0.090000 -0.100000
v 0.105000 0.180000 -0.100000
v -0.095000 -0.130000 -0.100000
v -0.095000 -0.130000 0.000000
v -0.095000 -0.130000 0.100000
v 0.000000 -0.130000 -0.100000
v 0.000000 -0.130000 0.000000
v 0.000000 -0.130000 0.100000
v 0.095000 -0.130000 -0.100000
v 0.095000 -0.130000 0.000000
v 0.095000 -0.130000 0.100000
v -0.095000 0.130000 0.100000
v -0.095000 0.130000 0.000000
v -0.095000 0.130000 -0.100000
v 0.000000 0.130000 0.100000
v 0.000000 0.130000 0.000000
v 0.000000 0.130000 -0.100000
v 0.095000 0.130000 0.100000
v 0.095000 0.130000 0.000000
v 0.095000 0.130000 -0.100000
v -0.095000 -0.043333 0.100000
v -0.095000 0.043333 0.100000
v 0.000000 -0.043333 0.100000
v 0.000000 0.043333 0.100000
v 0.095000 -0.043333 0.100000
v 0.095000 0.043333 0.100000
v -0.095000 0.043333 -0.100000
v -0.095000 -0.043333 -0.100000
v 0.000000 0.043333 -0.100000
v 0.000000 -0.043333 -0.100000
v 0.095000 0.043333 -0.100000
v 0.095000 -0.043333 -0.100000
v -0.095000 -0.043333 0.000000
v -0.095000 0.043333 0.000000
v 0.095000 -0.043333 0.000000
v 0.095000 0.043333 0.000000
v -0.125000 -0.200000 -0.125000
v -0.125000 -0.200000 -0.041667
v -0.125000 -0.200000 0.041667
v -0.125000 -0.200000 0.125000
v -0.041667 -0.200000 -0.125000
v -0.041667 -0.200000 -0.041667
v -0.041667 -0.200000 0.041667
v -0.041667 -0.200000 0.125000
v 0.041667 -0.200000 -0.125000
v 0.041667 -0.200000 -0.041667
v 0.041667 -0.200000 0.041667
v 0.041667 -0.200000 0.125000
v 0.125000 -0.200000 -0.125000
v 0.125000 -0.200000 -0.041667
v 0.125000 -0.200000 0.041667
v 0.125000 -0.200000 0.125000
v -0.125000 0.200000 0.125000
v -0.125000 0.200000 0.041667
v -0.125000 0.200000 -0.041667
v -0.125000 0.200000 -0.125000
v -0.041667 0.200000 0.125000
v -0.041667 0.200000 0.041667
v -0.041667 0.200000 -0.041667
v -0.041667 0.200000 -0.125000
v 0.041667 0.200000 0.125000
v 0.041667 0.200000 0.041667
v 0.041667 0.200000 -0.041667
v 0.041667 0.200000 -0.125000
v 0.125000 0.200000 0.125000
v 0.125000 0.200000 0.041667
v 0.125000 0.200000 -0.041667
v 0.125000 0.200000 -0.125000
v -0.125000 -0.100000 0.125000
v -0.125000 0.000000 0.125000
v -0.125000 0.100000 0.125000
v -0.041667 -0.100000 0.125000
v -0.041667 0.000000 0.125000
v -0.041667 0.100000 0.125000
v 0.041667 -0.100000 0.125000
v 0.041667 0.000000 0.125000
v 0.041667 0.100000 0.125000
v 0.125000 -0.100000 0.125000
v 0.125000 0.000000 0.125000
v 0.125000 0.100000 0.125000
v -0.125000 0.100000 -0.125000
v -0.125000 0.000000 -0.125000
v -0.125000 -0.100000 -0.125000
v -0.041667 0.100000 -0.125000
v -0.041667 0.000000 -0.125000
v -0.041667 -0.100000 -0.125000
v 0.041667 0.100000 -0.125000
v 0.041667 0.000000 -0.125000
v 0.041667 -0.100000 -0.125000
v 0.125000 0.100000 -0.125000
v 0.125000 0.000000 -0.125000
v 0.125000 -0.100000 -0.125000
v -0.125000 -0.100000 -0.041667
v -0.125000 0.000000 -0.041667
v -0.125000 0.100000 -0.041667
v -0.125000 -0.100000 0.041667
v -0.125000 0.000000 0.041667
v -0.125000 0.100000 0.041667
v 0.125000 -0.100000 0.041667
v 0.125000 0.000000 0.041667
v 0.125000 0.100000 0.041667
v 0.125000 -0.100000 -0.041667
v 0.125000 0.000000 -0.041667
v 0.125000 0.100000 -0.041667
v -0.125000 -0.160000 -0.135000
v -0.125000 -0.160000 -0.045000
v -0.125000 -0.160000 0.045000
v -0.125000 -0.160000 0.135000
v -0.041667 -0.160000 -0.135000
v -0.041667 -0.160000 -0.045000
v -0.041667 -0.160000 0.045000
v -0.041667 -0.160000 0.135000
v 0.041667 -0.160000 -0.135000
v 0.041667 -0.160000 -0.045000
v 0.041667 -0.160000 0.045000
v 0.041667 -0.160000 0.135000
v 0.125000 -0.160000 -0.135000
v 0.125000 -0.160000 -0.045000
v 0.125000 -0.160000 0.045000
v 0.125000 -0.160000 0.135000
v -0.125000 0.160000 0.135000
v -0.125000 0.160000 0.045000
v -0.125000 0.160000 -0.045000
v -0.125000 0.160000 -0.135000
v -0.041667 0.160000 0.135000
v -0.041667 0.160000 0.045000
v -0.041667 0.160000 -0.045000
v -0.041667 0.160000 -0.135000
v 0.041667 0.160000 0.135000
v 0.041667 0.160000 0.045000
v 0.041667 0.160000 -0.045000
v 0.041667 0.160000 -0.135000
v 0.125000 0.160000 0.135000
v 0.125000 0.160000 0.045000
v 0.125000 0.160000 -0.045000
v 0.125000 0.160000 -0.135000
v -0.125000 -0.080000 0.135000
v -0.125000 0.000000 0.135000
v -0.125000 0.080000 0.135000
v -0.041667 -0.080000 0.135000
v -0.041667 0.000000 0.135000
v -0.041667 0.080000 0.135000
v 0.041667 -0.080000 0.135000
v 0.041667 0.000000 0.135000
v 0.041667 0.080000 0.135000
v 0.125000 -0.080000 0.135000
v 0.125000 0.000000 0.135000
v 0.125000 0.080000 0.135000
v -0.125000 0.080000 -0.135000
v -0.125000 0.000000 -0.135000
v -0.125000 -0.080000 -0.135000
v -0.041667 0.080000 -0.135000
v -0.041667 0.000000 -0.135000
v -0.041667 -0.080000 -0.135000
v 0.041667 0.080000 -0.135000
v 0.041667 0.000000 -0.135000
v 0.041667 -0.080000 -0.135000
v 0.125000 0.080000 -0.135000
v 0.125000 0.000000 -0.135000
v 0.125000 -0.080000 -0.135000
v -0.125000 -0.080000 -0.045000
v -0.125000 0.000000 -0.045000
v -0.125000 0.080000 -0.045000
v -0.125000 -0.080000 0.045000
v -0.125000 0.000000 0.045000
v -0.125000 0.080000 0.045000
v 0.125000 -0.080000 0.045000
v 0.125000 0.000000 0.045000
v 0.125000 0.080000 0.045000
v 0.125000 -0.080000 -0.045000
v 0.125000 0.000000 -0.045000
v 0.125000 0.080000 -0.045000
v -0.045000 -0.120000 -0.110000
v -0.045000 -0.120000 -0.036667
v -0.045000 -0.120000 0.036667
v -0.045000 -0.120000 0.110000
v 0.045000 -0.120000 -0.110000
v 0.045000 -0.120000 -0.036667
v 0.045000 -0.120000 0.036667
v 0.045000 -0.120000 0.110000
v -0.045000 0.120000 0.110000
v -0.045000 0.120000 0.036667
v -0.045000 0.120000 -0.036667
v -0.045000 0.120000 -0.110000
v 0.045000 0.120000 0.110000
v 0.045000 0.120000 0.036667
v 0.045000 0.120000 -0.036667
v 0.045000 0.120000 -0.110000
v -0.045000 -0.040000 0.110000
v -0.045000 0.040000 0.110000
v 0.045000 -0.040000 0.110000
v 0.045000 0.040000 0.110000
v -0.045000 0.040000 -0.110000
v -0.045000 -0.040000 -0.110000
v 0.045000 0.040000 -0.110000
v 0.045000 -0.040000 -0.110000
v -0.045000 -0.040000 -0.036667
v -0.045000 0.040000 -0.036667
v -0.045000 -0.040000 0.036667
v -0.045000 0.040000 0.036667
v 0.045000 -0.040000 0.036667
v 0.045000 0.040000 0.036667
v 0.045000 -0.040000 -0.036667
v 0.045000 0.040000 -0.036667
v -0.065000 -0.115000 -0.085000
v -0.065000 -0.115000 0.000000
v -0.065000 -0.115000 0.085000
v 0.000000 -0.115000 -0.085000
v 0.000000 -0.115000 0.000000
v 0.000000 -0.115000 0.085000
v 0.065000 -0.115000 -0.085000
v 0.065000 -0.115000 0.000000
v 0.065000 -0.115000 0.085000
v -0.065000 0.115000 0.085000
v -0.065000 0.115000 0.000000
v -0.065000 0.115000 -0.085000
v 0.000000 0.115000 0.085000
v 0.000000 0.115000 0.000000
v 0.000000 0.115000 -0.085000
v 0.065000 0.115000 0.085000
v 0.065000 0.115000 0.000000
v 0.065000 0.115000 -0.085000
v -0.065000 -0.038333 0.085000
v -0.065000 0.038333 0.085000
v 0.000000 -0.038333 0.085000
v 0.000000 0.038333 0.085000
v 0.065000 -0.038333 0.085000
v 0.065000 0.038333 0.085000
v -0.065000 0.038333 -0.085000
v -0.065000 -0.038333 -0.085000
v 0.000000 0.038333 -0.085000
v 0.000000 -0.038333 -0.085000
v 0.065000 0.038333 -0.085000
v 0.065000 -0.038333 -0.085000
v -0.065000 -0.038333 0.000000
v -0.065000 0.038333 0.000000
v 0.065000 -0.038333 0.000000
v 0.065000 0.038333 0.000000
v -0.075000 -0.100000 -0.100000
v -0.075000 -0.100000 0.000000
v -0.075000 -0.100000 0.100000
v 0.000000 -0.100000 -0.100000
v 0.000000 -0.100000 0.000000
v 0.000000 -0.100000 0.100000
v 0.075000 -0.100000 -0.100000
v 0.075000 -0.100000 0.000000
v 0.075000 -0.100000 0.100000
v -0.075000 0.100000 0.100000
v -0.075000 0.100000 0.000000
v -0.075000 0.100000 -0.100000
v 0.000000 0.100000 0.100000
v 0.000000 0.100000 0.000000
v 0.000000 0.100000 -0.100000
v 0.075000 0.100000 0.100000
v 0.075000 0.100000 0.000000
v 0.075000 0.100000 -0.100000
v -0.075000 0.000000 0.100000
v 0.000000 0.000000 0.100000
v 0.075000 0.000000 0.100000
v -0.075000 0.000000 -0.100000
v 0.000000 0.000000 -0.100000
v 0.075000 0.000000 -0.100000
v -0.075000 0.000000 0.000000
v 0.075000 0.000000 0.000000
v -0.065000 -0.115000 -0.085000
v -0.065000 -0.115000 0.000000
v -0.065000 -0.115000 0.085000
v 0.000000 -0.115000 -0.085000
v 0.000000 -0.115000 0.000000
v 0.000000 -0.115000 0.085000
v 0.065000 -0.115000 -0.085000
v 0.065000 -0.115000 0.000000
v 0.065000 -0.115000 0.085000
v -0.065000 0.115000 0.085000
v -0.065000 0.115000 0.000000
v -0.065000 0.115000 -0.085000
v 0.000000 0.115000 0.085000
v 0.000000 0.115000 0.000000
v 0.000000 0.115000 -0.085000
v 0.065000 0.115000 0.085000
v 0.065000 0.115000 0.000000
v 0.065000 0.115000 -0.085000
v -0.065000 -0.038333 0.085000
v -0.065000 0.038333 0.085000
v 0.000000 -0.038333 0.085000
v 0.000000 0.038333 0.085000
v 0.065000 -0.038333 0.085000
v 0.065000 0.038333 0.085000
v -0.065000 0.038333 -0.085000
v -0.065000 -0.038333 -0.085000
v 0.000000 0.038333 -0.085000
v 0.000000 -0.038333 -0.085000
v 0.065000 0.038333 -0.085000
v 0.065000 -0.038333 -0.085000
v -0.065000 -0.038333 0.000000
v -0.065000 0.038333 0.000000
v 0.065000 -0.038333 0.000000
v 0.065000 0.038333 0.000000
v -0.075000 -0.100000 -0.100000
v -0.075000 -0.100000 0.000000
v -0.075000 -0.100000 0.100000
v 0.000000 -0.100000 -0.100000
v 0.000000 -0.100000 0.000000
v 0.000000 -0.100000 0.100000
v 0.075000 -0.100000 -0.100000
v 0.075000 -0.100000 0.000000
v 0.075000 -0.100000 0.100000
v -0.075000 0.100000 0.100000
v -0.075000 0.100000 0.000000
v -0.075000 0.100000 -0.100000
v 0.000000 0.100000 0.100000
v 0.000000 0.100000 0.000000
v 0.000000 0.100000 -0.100000
v 0.075000 0.100000 0.100000
v 0.075000 0.100000 0.000000
v 0.075000 0.100000 -0.100000
v -0.075000 0.000000 0.100000
v 0.000000 0.000000 0.100000
v 0.075000 0.000000 0.100000
v -0.075000 0.000000 -0.100000
v 0.000000 0.000000 -0.100000
v 0.075000 0.000000 -0.100000
v -0.075000 0.000000 0.000000
v 0.075000 0.000000 0.000000
v -0.370000 0.012500 0.000000
v -0.370000 0.010825 0.006250
v -0.370000 0.006250 0.010825
v -0.370000 0.000000 0.012500
v -0.370000 -0.006250 0.010825
v -0.370000 -0.010825 0.006250
v -0.370000 -0.012500 0.000000
v -0.370000 -0.010825 -0.006250
v -0.370000 -0.006250 -0.010825
v -0.370000 0.000000 -0.012500
v -0.370000 0.006250 -0.010825
v -0.370000 0.010825 -0.006250
v -0.370000 0.012500 0.000000
v -0.277500 0.012500 0.000000
v -0.277500 0.010825 0.006250
v -0.277500 0.006250 0.010825
v -0.277500 0.000000 0.012500
v -0.277500 -0.006250 0.010825
v -0.277500 -0.010825 0.006250
v -0.277500 -0.012500 0.000000
v -0.277500 -0.010825 -0.006250
v -0.277500 -0.006250 -0.010825
v -0.277500 0.000000 -0.012500
v -0.277500 0.006250 -0.010825
v -0.277500 0.010825 -0.006250
v -0.277500 0.012500 0.000000
v -0.185000 0.012500 0.000000
v -0.185000 0.010825 0.006250
v -0.185000 0.006250 0.010825
v -0.185000 0.000000 0.012500
v -0.185000 -0.006250 0.010825
v -0.185000 -0.010825 0.006250
v -0.185000 -0.012500 0.000000
v -0.185000 -0.010825 -0.006250
v -0.185000 -0.006250 -0.010825
v -0.185000 0.000000 -0.012500
v -0.185000 0.006250 -0.010825
v -0.185000 0.010825 -0.006250
v -0.185000 0.012500 0.000000
v -0.092500 0.012500 0.000000
v -0.092500 0.010825 0.006250
v -0.092500 0.006250 0.010825
v -0.092500 0.000000 0.012500
v -0.092500 -0.006250 0.010825
v -0.092500 -0.010825 0.006250
v -0.092500 -0.012500 0.000000
v -0.092500 -0.010825 -0.006250
v -0.092500 -0.006250 -0.010825
v -0.092500 0.000000 -0.012500
v -0.092500 0.006250 -0.010825
v -0.092500 0.010825 -0.006250
v -0.092500 0.012500 0.000000
v 0.000000 0.012500 0.000000
v 0.000000 0.010825 0.006250
v 0.000000 0.006250 0.010825
v 0.000000 0.000000 0.012500
v 0.000000 -0.006250 0.010825
v 0.000000 -0.010825 0.006250
v 0.000000 -0.012500 0.000000
v 0.000000 -0.010825 -0.006250
v 0.000000 -0.006250 -0.010825
v 0.000000 0.000000 -0.012500
v 0.000000 0.006250 -0.010825
v 0.000000 0.010825 -0.006250
v 0.000000 0.012500 0.000000
v 0.092500 0.012500 0.000000
v 0.092500 0.010825 0.006250
v 0.092500 0.006250 0.010825
v 0.092500 0.000000 0.012500
v 0.092500 -0.006250 0.010825
v 0.092500 -0.010825 0.006250
v 0.092500 -0.012500 0.000000
v 0.092500 -0.010825 -0.006250
v 0.092500 -0.006250 -0.010825
v 0.092500 0.000000 -0.012500
v 0.092500 0.006250 -0.010825
v 0.092500 0.010825 -0.006250
v 0.092500 0.012500 0.000000
v 0.185000 0.012500 0.000000
v 0.185000 0.010825 0.006250
v 0.185000 0.006250 0.010825
v 0.185000 0.000000 0.012500
v 0.185000 -0.006250 0.010825
v 0.185000 -0.010825 0.006250
v 0.185000 -0.012500 0.000000
v 0.185000 -0.010825 -0.006250
v 0.185000 -0.006250 -0.010825
v 0.185000 0.000000 -0.012500
v 0.185000 0.006250 -0.010825
v 0.185000 0.010825 -0.006250
v 0.185000 0.012500 0.000000
v 0.277500 0.012500 0.000000
v 0.277500 0.010825 0.006250
v 0.277500 0.006250 0.010825
v 0.277500 0.000000 0.012500
v 0.277500 -0.006250 0.010825
v 0.277500 -0.010825 0.006250
v 0.277500 -0.012500 0.000000
v 0.277500 -0.010825 -0.006250
v 0.277500 -0.006250 -0.010825
v 0.277500 0.000000 -0.012500
v 0.277500 0.006250 -0.010825
v 0.277500 0.010825 -0.006250
v 0.277500 0.012500 0.000000
v 0.370000 0.012500 0.000000
v 0.370000 0.010825 0.006250
v 0.370000 0.006250 0.010825
v 0.370000 0.000000 0.012500
v 0.370000 -0.006250 0.010825
v 0.370000 -0.010825 0.006250
v 0.370000 -0.012500 0.000000
v 0.370000 -0.010825 -0.006250
v 0.370000 -0.006250 -0.010825
v 0.370000 0.000000 -0.012500
v 0.370000 0.006250 -0.010825
v 0.370000 0.010825 -0.006250
v 0.370000 0.012500 0.000000
v -0.370000 0.000000 0.000000
v 0.370000 0.000000 0.000000
v -0.370000 0.012500 0.000000
v -0.370000 0.010825 0.006250
v -0.370000 0.006250 0.010825
v -0.370000 0.000000 0.012500
v -0.370000 -0.006250 0.010825
v -0.370000 -0.010825 0.006250
v -0.370000 -0.012500 0.000000
v -0.370000 -0.010825 -0.006250
v -0.370000 -0.006250 -0.010825
v -0.370000 0.000000 -0.012500
v -0.370000 0.006250 -0.010825
v -0.370000 0.010825 -0.006250
v -0.370000 0.012500 0.000000
v -0.277500 0.012500 0.000000
v -0.277500 0.010825 0.006250
v -0.277500 0.006250 0.010825
v -0.277500 0.000000 0.012500
v -0.277500 -0.006250 0.010825
v -0.277500 -0.010825 0.006250
v -0.277500 -0.012500 0.000000
v -0.277500 -0.010825 -0.006250
v -0.277500 -0.006250 -0.010825
v -0.277500 0.000000 -0.012500
v -0.277500 0.006250 -0.010825
v -0.277500 0.010825 -0.006250
v -0.277500 0.012500 0.000000
v -0.185000 0.012500 0.000000
v -0.185000 0.010825 0.006250
v -0.185000 0.006250 0.010825
v -0.185000 0.000000 0.012500
v -0.185000 -0.006250 0.010825
v -0.185000 -0.010825 0.006250
v -0.185000 -0.012500 0.000000
v -0.185000 -0.010825 -0.006250
v -0.185000 -0.006250 -0.010825
v -0.185000 0.000000 -0.012500
v -0.185000 0.006250 -0.010825
v -0.185000 0.010825 -0.006250
v -0.185000 0.012500 0.000000
v -0.092500 0.012500 0.000000
v -0.092500 0.010825 0.006250
v -0.092500 0.006250 0.010825
v -0.092500 0.000000 0.012500
v -0.092500 -0.006250 0.010825
v -0.092500 -0.010825 0.006250
v -0.092500 -0.012500 0.000000
v -0.092500 -0.010825 -0.006250
v -0.092500 -0.006250 -0.010825
v -0.092500 0.000000 -0.012500
v -0.092500 0.006250 -0.010825
v -0.092500 0.010825 -0.006250
v -0.092500 0.012500 0.000000
v 0.000000 0.012500 0.000000
v 0.000000 0.010825 0.006250
v 0.000000 0.006250 0.010825
v 0.000000 0.000000 0.012500
v 0.000000 -0.006250 0.010825
v 0.000000 -0.010825 0.006250
v 0.000000 -0.012500 0.000000
v 0.000000 -0.010825 -0.006250
v 0.000000 -0.006250 -0.010825
v 0.000000 0.000000 -0.012500
v 0.000000 0.006250 -0.010825
v 0.000000 0.010825 -0.006250
v 0.000000 0.012500 0.000000
v 0.092500 0.012500 0.000000
v 0.092500 0.010825 0.006250
v 0.092500 0.006250 0.010825
v 0.092500 0.000000 0.012500
v 0.092500 -0.006250 0.010825
v 0.092500 -0.010825 0.006250
v 0.092500 -0.012500 0.000000
v 0.092500 -0.010825 -0.006250
v 0.092500 -0.006250 -0.010825
v 0.092500 0.000000 -0.012500
v 0.092500 0.006250 -0.010825
v 0.092500 0.010825 -0.006250
v 0.092500 0.012500 0.000000
v 0.185000 0.012500 0.000000
v 0.185000 0.010825 0.006250
v 0.185000 0.006250 0.010825
v 0.185000 0.000000 0.012500
v 0.185000 -0.006250 0.010825
v 0.185000 -0.010825 0.006250
v 0.185000 -0.012500 0.000000
v 0.185000 -0.010825 -0.006250
v 0.185000 -0.006250 -0.010825
v 0.185000 0.000000 -0.012500
v 0.185000 0.006250 -0.010825
v 0.185000 0.010825 -0.006250
v 0.185000 0.012500 0.000000
v 0.277500 0.012500 0.000000
v 0.277500 0.010825 0.006250
v 0.277500 0.006250 0.010825
v 0.277500 0.000000 0.012500
v 0.277500 -0.006250 0.010825
v 0.277500 -0.010825 0.006250
v 0.277500 -0.012500 0.000000
v 0.277500 -0.010825 -0.006250
v 0.277500 -0.006250 -0.010825
v 0.277500 0.000000 -0.012500
v 0.277500 0.006250 -0.010825
v 0.277500 0.010825 -0.006250
v 0.277500 0.012500 0.000000
v 0.370000 0.012500 0.000000
v 0.370000 0.010825 0.006250
v 0.370000 0.006250 0.010825
v 0.370000 0.000000 0.012500
v 0.370000 -0.006250 0.010825
v 0.370000 -0.010825 0.006250
v 0.370000 -0.012500 0.000000
v 0.370000 -0.010825 -0.006250
v 0.370000 -0.006250 -0.010825
v 0.370000 0.000000 -0.012500
v 0.370000 0.006250 -0.010825
v 0.370000 0.010825 -0.006250
v 0.370000 0.012500 0.000000
v -0.370000 0.000000 0.000000
v 0.370000 0.000000 0.000000
v -0.370000 0.012500 0.000000
v -0.370000 0.010825 0.006250
v -0.370000 0.006250 0.010825
v -0.370000 0.000000 0.012500
v -0.370000 -0.006250 0.010825
v -0.370000 -0.010825 0.006250
v -0.370000 -0.012500 0.000000
v -0.370000 -0.010825 -0.006250
v -0.370000 -0.006250 -0.010825
v -0.370000 0.000000 -0.012500
v -0.370000 0.006250 -0.010825
v -0.370000 0.010825 -0.006250
v -0.370000 0.012500 0.000000
v -0.277500 0.012500 0.000000
v -0.277500 0.010825 0.006250
v -0.277500 0.006250 0.010825
v -0.277500 0.000000 0.012500
v -0.277500 -0.006250 0.010825
v -0.277500 -0.010825 0.006250
v -0.277500 -0.012500 0.000000
v -0.277500 -0.010825 -0.006250
v -0.277500 -0.006250 -0.010825
v -0.277500 0.000000 -0.012500
v -0.277500 0.006250 -0.010825
v -0.277500 0.010825 -0.006250
v -0.277500 0.012500 0.000000
v -0.185000 0.012500 0.000000
v -0.185000 0.010825 0.006250
v -0.185000 0.006250 0.010825
v -0.185000 0.000000 0.012500
v -0.185000 -0.006250 0.010825
v -0.185000 -0.010825 0.006250
v -0.185000 -0.012500 0.000000
v -0.185000 -0.010825 -0.006250
v -0.185000 -0.006250 -0.010825
v -0.185000 0.000000 -0.012500
v -0.185000 0.006250 -0.010825
v -0.185000 0.010825 -0.006250
v -0.185000 0.012500 0.000000
v -0.092500 0.012500 0.000000
v -0.092500 0.010825 0.006250
v -0.092500 0.006250 0.010825
v -0.092500 0.000000 0.012500
v -0.092500 -0.006250 0.010825
v -0.092500 -0.010825 0.006250
v -0.092500 -0.012500 0.000000
v -0.092500 -0.010825 -0.006250
v -0.092500 -0.006250 -0.010825
v -0.092500 0.000000 -0.012500
v -0.092500 0.006250 -0.010825
v -0.092500 0.010825 -0.006250
v -0.092500 0.012500 0.000000
v 0.000000 0.012500 0.000000
v 0.000000 0.010825 0.006250
v 0.000000 0.006250 0.010825
v 0.000000 0.000000 0.012500
v 0.000000 -0.006250 0.010825
v 0.000000 -0.010825 0.006250
v 0.000000 -0.012500 0.000000
v 0.000000 -0.010825 -0.006250
v 0.000000 -0.006250 -0.010825
v 0.000000 0.000000 -0.012500
v 0.000000 0.006250 -0.010825
v 0.000000 0.010825 -0.006250
v 0.000000 0.012500 0.000000
v 0.092500 0.012500 0.000000
v 0.092500 0.010825 0.006250
v 0.092500 0.006250 0.010825
v 0.092500 0.000000 0.012500
v 0.092500 -0.006250 0.010825
v 0.092500 -0.010825 0.006250
v 0.092500 -0.012500 0.000000
v 0.092500 -0.010825 -0.006250
v 0.092500 -0.006250 -0.010825
v 0.092500 0.000000 -0.012500
v 0.092500 0.006250 -0.010825
v 0.092500 0.010825 -0.006250
v 0.092500 0.012500 0.000000
v 0.185000 0.012500 0.000000
v 0.185000 0.010825 0.006250
v 0.185000 0.006250 0.010825
v 0.185000 0.000000 0.012500
v 0.185000 -0.006250 0.010825
v 0.185000 -0.010825 0.006250
v 0.185000 -0.012500 0.000000
v 0.185000 -0.010825 -0.006250
v 0.185000 -0.006250 -0.010825
v 0.185000 0.000000 -0.012500
v 0.185000 0.006250 -0.010825
v 0.185000 0.010825 -0.006250
v 0.185000 0.012500 0.000000
v 0.277500 0.012500 0.000000
v 0.277500 0.010825 0.006250
v 0.277500 0.006250 0.010825
v 0.277500 0.000000 0.012500
v 0.277500 -0.006250 0.010825
v 0.277500 -0.010825 0.006250
v 0.277500 -0.012500 0.000000
v 0.277500 -0.010825 -0.006250
v 0.277500 -0.006250 -0.010825
v 0.277500 0.000000 -0.012500
v 0.277500 0.006250 -0.010825
v 0.277500 0.010825 -0.006250
v 0.277500 0.012500 0.000000
v 0.370000 0.012500 0.000000
v 0.370000 0.010825 0.006250
v 0.370000 0.006250 0.010825
v 0.370000 0.000000 0.012500
v 0.370000 -0.006250 0.010825
v 0.370000 -0.010825 0.006250
v 0.370000 -0.012500 0.000000
v 0.370000 -0.010825 -0.006250
v 0.370000 -0.006250 -0.010825
v 0.370000 0.000000 -0.012500
v 0.370000 0.006250 -0.010825
v 0.370000 0.010825 -0.006250
v 0.370000 0.012500 0.000000
v -0.370000 0.000000 0.000000
v 0.370000 0.000000 0.000000
v -0.060000 -0.145000 -0.080000
v -0.060000 -0.145000 0.000000
v -0.060000 -0.145000 0.080000
v 0.000000 -0.145000 -0.080000
v 0.000000 -0.145000 0.000000
v 0.000000 -0.145000 0.080000
v 0.060000 -0.145000 -0.080000
v 0.060000 -0.145000 0.000000
v 0.060000 -0.145000 0.080000
v -0.060000 0.145000 0.080000
v -0.060000 0.145000 0.000000
v -0.060000 0.145000 -0.080000
v 0.000000 0.145000 0.080000
v 0.000000 0.145000 0.000000
v 0.000000 0.145000 -0.080000
v 0.060000 0.145000 0.080000
v 0.060000 0.145000 0.000000
v 0.060000 0.145000 -0.080000
v -0.060000 -0.048333 0.080000
v -0.060000 0.048333 0.080000
v 0.000000 -0.048333 0.080000
v 0.000000 0.048333 0.080000
v 0.060000 -0.048333 0.080000
v 0.060000 0.048333 0.080000
v -0.060000 0.048333 -0.080000
v -0.060000 -0.048333 -0.080000
v 0.000000 0.048333 -0.080000
v 0.000000 -0.048333 -0.080000
v 0.060000 0.048333 -0.080000
v 0.060000 -0.048333 -0.080000
v -0.060000 -0.048333 0.000000
v -0.060000 0.048333 0.000000
v 0.060000 -0.048333 0.000000
v 0.060000 0.048333 0.000000
v -0.065000 -0.130000 -0.110000
v -0.065000 -0.130000 -0.036667
v -0.065000 -0.130000 0.036667
v -0.065000 -0.130000 0.110000
v 0.000000 -0.130000 -0.110000
v 0.000000 -0.130000 -0.036667
v 0.000000 -0.130000 0.036667
v 0.000000 -0.130000 0.110000
v 0.065000 -0.130000 -0.110000
v 0.065000 -0.130000 -0.036667
v 0.065000 -0.130000 0.036667
v 0.065000 -0.130000 0.110000
v -0.065000 0.130000 0.110000
v -0.065000 0.130000 0.036667
v -0.065000 0.130000 -0.036667
v -0.065000 0.130000 -0.110000
v 0.000000 0.130000 0.110000
v 0.000000 0.130000 0.036667
v 0.000000 0.130000 -0.036667
v 0.000000 0.130000 -0.110000
v 0.065000 0.130000 0.110000
v 0.065000 0.130000 0.036667
v 0.065000 0.130000 -0.036667
v 0.065000 0.130000 -0.110000
v -0.065000 -0.043333 0.110000
v -0.065000 0.043333 0.110000
v 0.000000 -0.043333 0.110000
v 0.000000 0.043333 0.110000
v 0.065000 -0.043333 0.110000
v 0.065000 0.043333 0.110000
v -0.065000 0.043333 -0.110000
v -0.065000 -0.043333 -0.110000
v 0.000000 0.043333 -0.110000
v 0.000000 -0.043333 -0.110000
v 0.065000 0.043333 -0.110000
v 0.065000 -0.043333 -0.110000
v -0.065000 -0.043333 -0.036667
v -0.065000 0.043333 -0.036667
v -0.065000 -0.043333 0.036667
v -0.065000 0.043333 0.036667
v 0.065000 -0.043333 0.036667
v 0.065000 0.043333 0.036667
v 0.065000 -0.043333 -0.036667
v 0.065000 0.043333 -0.036667
v -0.080000 -0.195000 -0.150000
v -0.080000 -0.195000 -0.050000
v -0.080000 -0.195000 0.050000
v -0.080000 -0.195000 0.150000
v 0.000000 -0.195000 -0.150000
v 0.000000 -0.195000 -0.050000
v 0.000000 -0.195000 0.050000
v 0.000000 -0.195000 0.150000
v 0.080000 -0.195000 -0.150000
v 0.080000 -0.195000 -0.050000
v 0.080000 -0.195000 0.050000
v 0.080000 -0.195000 0.150000
v -0.080000 0.195000 0.150000
v -0.080000 0.195000 0.050000
v -0.080000 0.195000 -0.050000
v -0.080000 0.195000 -0.150000
v 0.000000 0.195000 0.150000
v 0.000000 0.195000 0.050000
v 0.000000 0.195000 -0.050000
v 0.000000 0.195000 -0.150000
v 0.080000 0.195000 0.150000
v 0.080000 0.195000 0.050000
v 0.080000 0.195000 -0.050000
v 0.080000 0.195000 -0.150000
v -0.080000 -0.097500 0.150000
v -0.080000 0.000000 0.150000
v -0.080000 0.097500 0.150000
v 0.000000 -0.097500 0.150000
v 0.000000 0.000000 0.150000
v 0.000000 0.097500 0.150000
v 0.080000 -0.097500 0.150000
v 0.080000 0.000000 0.150000
v 0.080000 0.097500 0.150000
v -0.080000 0.097500 -0.150000
v -0.080000 0.000000 -0.150000
v -0.080000 -0.097500 -0.150000
v 0.000000 0.097500 -0.150000
v 0.000000 0.000000 -0.150000
v 0.000000 -0.097500 -0.150000
v 0.080000 0.097500 -0.150000
v 0.080000 0.000000 -0.150000
v 0.080000 -0.097500 -0.150000
v -0.080000 -0.097500 -0.050000
v -0.080000 0.000000 -0.050000
v -0.080000 0.097500 -0.050000
v -0.080000 -0.097500 0.050000
v -0.080000 0.000000 0.050000
v -0.080000 0.097500 0.050000
v 0.080000 -0.097500 0.050000
v 0.080000 0.000000 0.050000
v 0.080000 0.097500 0.050000
v 0.080000 -0.097500 -0.050000
v 0.080000 0.000000 -0.050000
v 0.080000 0.097500 -0.050000
v -0.040000 -0.130000 -0.100000
v -0.040000 -0.130000 0.000000
v -0.040000 -0.130000 0.100000
v 0.040000 -0.130000 -0.100000
v 0.040000 -0.130000 0.000000
v 0.040000 -0.130000 0.100000
v -0.040000 0.130000 0.100000
v -0.040000 0.130000 0.000000
v -0.040000 0.130000 -0.100000
v 0.040000 0.130000 0.100000
v 0.040000 0.130000 0.000000
v 0.040000 0.130000 -0.100000
v -0.040000 -0.043333 0.100000
v -0.040000 0.043333 0.100000
v 0.040000 -0.043333 0.100000
v 0.040000 0.043333 0.100000
v -0.040000 0.043333 -0.100000
v -0.040000 -0.043333 -0.100000
v 0.040000 0.043333 -0.100000
v 0.040000 -0.043333 -0.100000
v -0.040000 -0.043333 0.000000
v -0.040000 0.043333 0.000000
v 0.040000 -0.043333 0.000000
v 0.040000 0.043333 0.000000
v -0.040000 -0.130000 -0.100000
v -0.040000 -0.130000 0.000000
v -0.040000 -0.130000 0.100000
v 0.040000 -0.130000 -0.100000
v 0.040000 -0.130000 0.000000
v 0.040000 -0.130000 0.100000
v -0.040000 0.130000 0.100000
v -0.040000 0.130000 0.000000
v -0.040000 0.130000 -0.100000
v 0.040000 0.130000 0.100000
v 0.040000 0.130000 0.000000
v 0.040000 0.130000 -0.100000
v -0.040000 -0.043333 0.100000
v -0.040000 0.043333 0.100000
v 0.040000 -0.043333 0.100000
v 0.040000 0.043333 0.100000
v -0.040000 0.043333 -0.100000
v -0.040000 -0.043333 -0.100000
v 0.040000 0.043333 -0.100000
v 0.040000 -0.043333 -0.100000
v -0.040000 -0.043333 0.000000
v -0.040000 0.043333 0.000000
v 0.040000 -0.043333 0.000000
v 0.040000 0.043333 0.000000
v -0.025000 0.155000 0.000000
v -0.025000 0.134234 0.077500
v -0.025000 0.077500 0.134234
v -0.025000 0.000000 0.155000
v -0.025000 -0.077500 0.134234
v -0.025000 -0.134234 0.077500
v -0.025000 -0.155000 0.000000
v -0.025000 -0.134234 -0.077500
v -0.025000 -0.077500 -0.134234
v -0.025000 0.000000 -0.155000
v -0.025000 0.077500 -0.134234
v -0.025000 0.134234 -0.077500
v -0.025000 0.155000 0.000000
v 0.025000 0.155000 0.000000
v 0.025000 0.134234 0.077500
v 0.025000 0.077500 0.134234
v 0.025000 0.000000 0.155000
v 0.025000 -0.077500 0.134234
v 0.025000 -0.134234 0.077500
v 0.025000 -0.155000 0.000000
v 0.025000 -0.134234 -0.077500
v 0.025000 -0.077500 -0.134234
v 0.025000 0.000000 -0.155000
v 0.025000 0.077500 -0.134234
v 0.025000 0.134234 -0.077500
v 0.025000 0.155000 0.000000
v -0.025000 0.077500 0.000000
v -0.025000 0.067117 0.038750
v -0.025000 0.038750 0.067117
v -0.025000 0.000000 0.077500
v -0.025000 -0.038750 0.067117
v -0.025000 -0.067117 0.038750
v -0.025000 -0.077500 0.000000
v -0.025000 -0.067117 -0.038750
v -0.025000 -0.038750 -0.067117
v -0.025000 0.000000 -0.077500
v -0.025000 0.038750 -0.067117
v -0.025000 0.067117 -0.038750
v -0.025000 0.077500 0.000000
v -0.025000 0.000000 0.000000
v 0.025000 0.077500 0.000000
v 0.025000 0.067117 0.038750
v 0.025000 0.038750 0.067117
v 0.025000 0.000000 0.077500
v 0.025000 -0.038750 0.067117
v 0.025000 -0.067117 0.038750
v 0.025000 -0.077500 0.000000
v 0.025000 -0.067117 -0.038750
v 0.025000 -0.038750 -0.067117
v 0.025000 0.000000 -0.077500
v 0.025000 0.038750 -0.067117
v 0.025000 0.067117 -0.038750
v 0.025000 0.077500 0.000000
v 0.025000 0.000000 0.000000
v -0.025000 0.155000 0.000000
v -0.025000 0.134234 0.077500
v -0.025000 0.077500 0.134234
v -0.025000 0.000000 0.155000
v -0.025000 -0.077500 0.134234
v -0.025000 -0.134234 0.077500
v -0.025000 -0.155000 0.000000
v -0.025000 -0.134234 -0.077500
v -0.025000 -0.077500 -0.134234
v -0.025000 0.000000 -0.155000
v -0.025000 0.077500 -0.134234
v -0.025000 0.134234 -0.077500
v -0.025000 0.155000 0.000000
v 0.025000 0.155000 0.000000
v 0.025000 0.134234 0.077500
v 0.025000 0.077500 0.134234
v 0.025000 0.000000 0.155000
v 0.025000 -0.077500 0.134234
v 0.025000 -0.134234 0.077500
v 0.025000 -0.155000 0.000000
v 0.025000 -0.134234 -0.077500
v 0.025000 -0.077500 -0.134234
v 0.025000 0.000000 -0.155000
v 0.025000 0.077500 -0.134234
v 0.025000 0.134234 -0.077500
v 0.025000 0.155000 0.000000
v -0.025000 0.077500 0.000000
v -0.025000 0.067117 0.038750
v -0.025000 0.038750 0.067117
v -0.025000 0.000000 0.077500
v -0.025000 -0.038750 0.067117
v -0.025000 -0.067117 0.038750
v -0.025000 -0.077500 0.000000
v -0.025000 -0.067117 -0.038750
v -0.025000 -0.038750 -0.067117
v -0.025000 0.000000 -0.077500
v -0.025000 0.038750 -0.067117
v -0.025000 0.067117 -0.038750
v -0.025000 0.077500 0.000000
v -0.025000 0.000000 0.000000
v 0.025000 0.077500 0.000000
v 0.025000 0.067117 0.038750
v 0.025000 0.038750 0.067117
v 0.025000 0.000000 0.077500
v 0.025000 -0.038750 0.067117
v 0.025000 -0.067117 0.038750
v 0.025000 -0.077500 0.000000
v 0.025000 -0.067117 -0.038750
v 0.025000 -0.038750 -0.067117
v 0.025000 0.000000 -0.077500
v 0.025000 0.038750 -0.067117
v 0.025000 0.067117 -0.038750
v 0.025000 0.077500 0.000000
v 0.025000 0.000000 0.000000
v -0.025000 0.155000 0.000000
v -0.025000 0.134234 0.077500
v -0.025000 0.077500 0.134234
v -0.025000 0.000000 0.155000
v -0.025000 -0.077500 0.134234
v -0.025000 -0.134234 0.077500
v -0.025000 -0.155000 0.000000
v -0.025000 -0.134234 -0.077500
v -0.025000 -0.077500 -0.134234
v -0.025000 0.000000 -0.155000
v -0.025000 0.077500 -0.134234
v -0.025000 0.134234 -0.077500
v -0.025000 0.155000 0.000000
v 0.025000 0.155000 0.000000
v 0.025000 0.134234 0.077500
v 0.025000 0.077500 0.134234
v 0.025000 0.000000 0.155000
v 0.025000 -0.077500 0.134234
v 0.025000 -0.134234 0.077500
v 0.025000 -0.155000 0.000000
v 0.025000 -0.134234 -0.077500
v 0.025000 -0.077500 -0.134234
v 0.025000 0.000000 -0.155000
v 0.025000 0.077500 -0.134234
v 0.025000 0.134234 -0.077500
v 0.025000 0.155000 0.000000
v -0.025000 0.077500 0.000000
v -0.025000 0.067117 0.038750
v -0.025000 0.038750 0.067117
v -0.025000 0.000000 0.077500
v -0.025000 -0.038750 0.067117
v -0.025000 -0.067117 0.038750
v -0.025000 -0.077500 0.000000
v -0.025000 -0.067117 -0.038750
v -0.025000 -0.038750 -0.067117
v -0.025000 0.000000 -0.077500
v -0.025000 0.038750 -0.067117
v -0.025000 0.067117 -0.038750
v -0.025000 0.077500 0.000000
v -0.025000 0.000000 0.000000
v 0.025000 0.077500 0.000000
v 0.025000 0.067117 0.038750
v 0.025000 0.038750 0.067117
v 0.025000 0.000000 0.077500
v 0.025000 -0.038750 0.067117
v 0.025000 -0.067117 0.038750
v 0.025000 -0.077500 0.000000
v 0.025000 -0.067117 -0.038750
v 0.025000 -0.038750 -0.067117
v 0.025000 0.000000 -0.077500
v 0.025000 0.038750 -0.067117
v 0.025000 0.067117 -0.038750
v 0.025000 0.077500 0.000000
v 0.025000 0.000000 0.000000
v -0.060000 -0.110000 -0.110000
v -0.060000 -0.110000 -0.036667
v -0.060000 -0.110000 0.036667
v -0.060000 -0.110000 0.110000
v 0.000000 -0.110000 -0.110000
v 0.000000 -0.110000 -0.036667
v 0.000000 -0.110000 0.036667
v 0.000000 -0.110000 0.110000
v 0.060000 -0.110000 -0.110000
v 0.060000 -0.110000 -0.036667
v 0.060000 -0.110000 0.036667
v 0.060000 -0.110000 0.110000
v -0.060000 0.110000 0.110000
v -0.060000 0.110000 0.036667
v -0.060000 0.110000 -0.036667
v -0.060000 0.110000 -0.110000
v 0.000000 0.110000 0.110000
v 0.000000 0.110000 0.036667
v 0.000000 0.110000 -0.036667
v 0.000000 0.110000 -0.110000
v 0.060000 0.110000 0.110000
v 0.060000 0.110000 0.036667
v 0.060000 0.110000 -0.036667
v 0.060000 0.110000 -0.110000
v -0.060000 -0.036667 0.110000
v -0.060000 0.036667 0.110000
v 0.000000 -0.036667 0.110000
v 0.000000 0.036667 0.110000
v 0.060000 -0.036667 0.110000
v 0.060000 0.036667 0.110000
v -0.060000 0.036667 -0.110000
v -0.060000 -0.036667 -0.110000
v 0.000000 0.036667 -0.110000
v 0.000000 -0.036667 -0.110000
v 0.060000 0.036667 -0.110000
v 0.060000 -0.036667 -0.110000
v -0.060000 -0.036667 -0.036667
v -0.060000 0.036667 -0.036667
v -0.060000 -0.036667 0.036667
v -0.060000 0.036667 0.036667
v 0.060000 -0.036667 0.036667
v 0.060000 0.036667 0.036667
v 0.060000 -0.036667 -0.036667
v 0.060000 0.036667 -0.036667
v -0.060000 -0.110000 -0.110000
v -0.060000 -0.110000 -0.036667
v -0.060000 -0.110000 0.036667
v -0.060000 -0.110000 0.110000
v 0.000000 -0.110000 -0.110000
v 0.000000 -0.110000 -0.036667
v 0.000000 -0.110000 0.036667
v 0.000000 -0.110000 0.110000
v 0.060000 -0.110000 -0.110000
v 0.060000 -0.110000 -0.036667
v 0.060000 -0.110000 0.036667
v 0.060000 -0.110000 0.110000
v -0.060000 0.110000 0.110000
v -0.060000 0.110000 0.036667
v -0.060000 0.110000 -0.036667
v -0.060000 0.110000 -0.110000
v 0.000000 0.110000 0.110000
v 0.000000 0.110000 0.036667
v 0.000000 0.110000 -0.036667
v 0.000000 0.110000 -0.110000
v 0.060000 0.110000 0.110000
v 0.060000 0.110000 0.036667
v 0.060000 0.110000 -0.036667
v 0.060000 0.110000 -0.110000
v -0.060000 -0.036667 0.110000
v -0.060000 0.036667 0.110000
v 0.000000 -0.036667 0.110000
v 0.000000 0.036667 0.110000
v 0.060000 -0.036667 0.110000
v 0.060000 0.036667 0.110000
v -0.060000 0.036667 -0.110000
v -0.060000 -0.036667 -0.110000
v 0.000000 0.036667 -0.110000
v 0.000000 -0.036667 -0.110000
v 0.060000 0.036667 -0.110000
v 0.060000 -0.036667 -0.110000
v -0.060000 -0.036667 -0.036667
v -0.060000 0.036667 -0.036667
v -0.060000 -0.036667 0.036667
v -0.060000 0.036667 0.036667
v 0.060000 -0.036667 0.036667
v 0.060000 0.036667 0.036667
v 0.060000 -0.036667 -0.036667
v 0.060000 0.036667 -0.036667
v -0.060000 -0.100000 -0.080000
v -0.060000 -0.100000 0.000000
v -0.060000 -0.100000 0.080000
v 0.000000 -0.100000 -0.080000
v 0.000000 -0.100000 0.000000
v 0.000000 -0.100000 0.080000
v 0.060000 -0.100000 -0.080000
v 0.060000 -0.100000 0.000000
v 0.060000 -0.100000 0.080000
v -0.060000 0.100000 0.080000
v -0.060000 0.100000 0.000000
v -0.060000 0.100000 -0.080000
v 0.000000 0.100000 0.080000
v 0.000000 0.100000 0.000000
v 0.000000 0.100000 -0.080000
v 0.060000 0.100000 0.080000
v 0.060000 0.100000 0.000000
v 0.060000 0.100000 -0.080000
v -0.060000 0.000000 0.080000
v 0.000000 0.000000 0.080000
v 0.060000 0.000000 0.080000
v -0.060000 0.000000 -0.080000
v 0.000000 0.000000 -0.080000
v 0.060000 0.000000 -0.080000
v -0.060000 0.000000 0.000000
v 0.060000 0.000000 0.000000
v -0.060000 -0.100000 -0.080000
v -0.060000 -0.100000 0.000000
v -0.060000 -0.100000 0.080000
v 0.000000 -0.100000 -0.080000
v 0.000000 -0.100000 0.000000
v 0.000000 -0.100000 0.080000
v 0.060000 -0.100000 -0.080000
v 0.060000 -0.100000 0.000000
v 0.060000 -0.100000 0.080000
v -0.060000 0.100000 0.080000
v -0.060000 0.100000 0.000000
v -0.060000 0.100000 -0.080000
v 0.000000 0.100000 0.080000
v 0.000000 0.100000 0.000000
v 0.000000 0.100000 -0.080000
v 0.060000 0.100000 0.080000
v 0.060000 0.100000 0.000000
v 0.060000 0.100000 -0.080000
v -0.060000 0.000000 0.080000
v 0.000000 0.000000 0.080000
v 0.060000 0.000000 0.080000
v -0.060000 0.000000 -0.080000
v 0.000000 0.000000 -0.080000
v 0.060000 0.000000 -0.080000
v -0.060000 0.000000 0.000000
v 0.060000 0.000000 0.000000
v -0.060000 -0.100000 -0.080000
v -0.060000 -0.100000 0.000000
v -0.060000 -0.100000 0.080000
v 0.000000 -0.100000 -0.080000
v 0.000000 -0.100000 0.000000
v 0.000000 -0.100000 0.080000
v 0.060000 -0.100000 -0.080000
v 0.060000 -0.100000 0.000000
v 0.060000 -0.100000 0.080000
v -0.060000 0.100000 0.080000
v -0.060000 0.100000 0.000000
v -0.060000 0.100000 -0.080000
v 0.000000 0.100000 0.080000
v 0.000000 0.100000 0.000000
v 0.000000 0.100000 -0.080000
v 0.060000 0.100000 0.080000
v 0.060000 0.100000 0.000000
v 0.060000 0.100000 -0.080000
v -0.060000 0.000000 0.080000
v 0.000000 0.000000 0.080000
v 0.060000 0.000000 0.080000
v -0.060000 0.000000 -0.080000
v 0.000000 0.000000 -0.080000
v 0.060000 0.000000 -0.080000
v -0.060000 0.000000 0.000000
v 0.060000 0.000000 0.000000
v -0.060000 -0.100000 -0.060000
v -0.060000 -0.100000 0.000000
v -0.060000 -0.100000 0.060000
v 0.000000 -0.100000 -0.060000
v 0.000000 -0.100000 0.000000
v 0.000000 -0.100000 0.060000
v 0.060000 -0.100000 -0.060000
v 0.060000 -0.100000 0.000000
v 0.060000 -0.100000 0.060000
v -0.060000 0.100000 0.060000
v -0.060000 0.100000 0.000000
v -0.060000 0.100000 -0.060000
v 0.000000 0.100000 0.060000
v 0.000000 0.100000 0.000000
v 0.000000 0.100000 -0.060000
v 0.060000 0.100000 0.060000
v 0.060000 0.100000 0.000000
v 0.060000 0.100000 -0.060000
v -0.060000 0.000000 0.060000
v 0.000000 0.000000 0.060000
v 0.060000 0.000000 0.060000
v -0.060000 0.000000 -0.060000
v 0.000000 0.000000 -0.060000
v 0.060000 0.000000 -0.060000
v -0.060000 0.000000 0.000000
v 0.060000 0.000000 0.000000
v -0.060000 -0.100000 -0.060000
v -0.060000 -0.100000 0.000000
v -0.060000 -0.100000 0.060000
v 0.000000 -0.100000 -0.060000
v 0.000000 -0.100000 0.000000
v 0.000000 -0.100000 0.060000
v 0.060000 -0.100000 -0.060000
v 0.060000 -0.100000 0.000000
v 0.060000 -0.100000 0.060000
v -0.060000 0.100000 0.060000
v -0.060000 0.100000 0.000000
v -0.060000 0.100000 -0.060000
v 0.000000 0.100000 0.060000
v 0.000000 0.100000 0.000000
v 0.000000 0.100000 -0.060000
v 0.060000 0.100000 0.060000
v 0.060000 0.100000 0.000000
v 0.060000 0.100000 -0.060000
v -0.060000 0.000000 0.060000
v 0.000000 0.000000 0.060000
v 0.060000 0.000000 0.060000
v -0.060000 0.000000 -0.060000
v 0.000000 0.000000 -0.060000
v 0.060000 0.000000 -0.060000
v -0.060000 0.000000 0.000000
v 0.060000 0.000000 0.000000
v -0.060000 -0.100000 -0.060000
v -0.060000 -0.100000 0.000000
v -0.060000 -0.100000 0.060000
v 0.000000 -0.100000 -0.060000
v 0.000000 -0.100000 0.000000
v 0.000000 -0.100000 0.060000
v 0.060000 -0.100000 -0.060000
v 0.060000 -0.100000 0.000000
v 0.060000 -0.100000 0.060000
v -0.060000 0.100000 0.060000
v -0.060000 0.100000 0.000000
v -0.060000 0.100000 -0.060000
v 0.000000 0.100000 0.060000
v 0.000000 0.100000 0.000000
v 0.000000 0.100000 -0.060000
v 0.060000 0.100000 0.060000
v 0.060000 0.100000 0.000000
v 0.060000 0.100000 -0.060000
v -0.060000 0.000000 0.060000
v 0.000000 0.000000 0.060000
v 0.060000 0.000000 0.060000
v -0.060000 0.000000 -0.060000
v 0.000000 0.000000 -0.060000
v 0.060000 0.000000 -0.060000
v -0.060000 0.000000 0.000000
v 0.060000 0.000000 0.000000
v 0.075000 0.000000 -0.129904
v 0.064952 0.037500 -0.129904
v 0.037500 0.064952 -0.129904
v 0.000000 0.075000 -0.129904
v -0.037500 0.064952 -0.129904
v -0.064952 0.037500 -0.129904
v -0.075000 0.000000 -0.129904
v -0.064952 -0.037500 -0.129904
v -0.037500 -0.064952 -0.129904
v 0.000000 -0.075000 -0.129904
v 0.037500 -0.064952 -0.129904
v 0.064952 -0.037500 -0.129904
v 0.075000 0.000000 -0.129904
v 0.129904 0.000000 -0.075000
v 0.112500 0.064952 -0.075000
v 0.064952 0.112500 -0.075000
v 0.000000 0.129904 -0.075000
v -0.064952 0.112500 -0.075000
v -0.112500 0.064952 -0.075000
v -0.129904 0.000000 -0.075000
v -0.112500 -0.064952 -0.075000
v -0.064952 -0.112500 -0.075000
v 0.000000 -0.129904 -0.075000
v 0.064952 -0.112500 -0.075000
v 0.112500 -0.064952 -0.075000
v 0.129904 0.000000 -0.075000
v 0.150000 0.000000 0.000000
v 0.129904 0.075000 0.000000
v 0.075000 0.129904 0.000000
v 0.000000 0.150000 0.000000
v -0.075000 0.129904 0.000000
v -0.129904 0.075000 0.000000
v -0.150000 0.000000 0.000000
v -0.129904 -0.075000 0.000000
v -0.075000 -0.129904 0.000000
v 0.000000 -0.150000 0.000000
v 0.075000 -0.129904 0.000000
v 0.129904 -0.075000 0.000000
v 0.150000 0.000000 0.000000
v 0.129904 0.000000 0.075000
v 0.112500 0.064952 0.075000
v 0.064952 0.112500 0.075000
v 0.000000 0.129904 0.075000
v -0.064952 0.112500 0.075000
v -0.112500 0.064952 0.075000
v -0.129904 0.000000 0.075000
v -0.112500 -0.064952 0.075000
v -0.064952 -0.112500 0.075000
v 0.000000 -0.129904 0.075000
v 0.064952 -0.112500 0.075000
v 0.112500 -0.064952 0.075000
v 0.129904 0.000000 0.075000
v 0.075000 0.000000 0.129904
v 0.064952 0.037500 0.129904
v 0.037500 0.064952 0.129904
v 0.000000 0.075000 0.129904
v -0.037500 0.064952 0.129904
v -0.064952 0.037500 0.129904
v -0.075000 0.000000 0.129904
v -0.064952 -0.037500 0.129904
v -0.037500 -0.064952 0.129904
v 0.000000 -0.075000 0.129904
v 0.037500 -0.064952 0.129904
v 0.064952 -0.037500 0.129904
v 0.075000 0.000000 0.129904
v 0.000000 0.000000 -0.150000
v 0.000000 0.000000 0.150000
v 0.075000 0.000000 -0.129904
v 0.064952 0.037500 -0.129904
v 0.037500 0.064952 -0.129904
v 0.000000 0.075000 -0.129904
v -0.037500 0.064952 -0.129904
v -0.064952 0.037500 -0.129904
v -0.075000 0.000000 -0.129904
v -0.064952 -0.037500 -0.129904
v -0.037500 -0.064952 -0.129904
v 0.000000 -0.075000 -0.129904
v 0.037500 -0.064952 -0.129904
v 0.064952 -0.037500 -0.129904
v 0.075000 0.000000 -0.129904
v 0.129904 0.000000 -0.075000
v 0.112500 0.064952 -0.075000
v 0.064952 0.112500 -0.075000
v 0.000000 0.129904 -0.075000
v -0.064952 0.112500 -0.075000
v -0.112500 0.064952 -0.075000
v -0.129904 0.000000 -0.075000
v -0.112500 -0.064952 -0.075000
v -0.064952 -0.112500 -0.075000
v 0.000000 -0.129904 -0.075000
v 0.064952 -0.112500 -0.075000
v 0.112500 -0.064952 -0.075000
v 0.129904 0.000000 -0.075000
v 0.150000 0.000000 0.000000
v 0.129904 0.075000 0.000000
v 0.075000 0.129904 0.000000
v 0.000000 0.150000 0.000000
v -0.075000 0.129904 0.000000
v -0.129904 0.075000 0.000000
v -0.150000 0.000000 0.000000
v -0.129904 -0.075000 0.000000
v -0.075000 -0.129904 0.000000
v 0.000000 -0.150000 0.000000
v 0.075000 -0.129904 0.000000
v 0.129904 -0.075000 0.000000
v 0.150000 0.000000 0.000000
v 0.129904 0.000000 0.075000
v 0.112500 0.064952 0.075000
v 0.064952 0.112500 0.075000
v 0.000000 0.129904 0.075000
v -0.064952 0.112500 0.075000
v -0.112500 0.064952 0.075000
v -0.129904 0.000000 0.075000
v -0.112500 -0.064952 0.075000
v -0.064952 -0.112500 0.075000
v 0.000000 -0.129904 0.075000
v 0.064952 -0.112500 0.075000
v 0.112500 -0.064952 0.075000
v 0.129904 0.000000 0.075000
v 0.075000 0.000000 0.129904
v 0.064952 0.037500 0.129904
v 0.037500 0.064952 0.129904
v 0.000000 0.075000 0.129904
v -0.037500 0.064952 0.129904
v -0.064952 0.037500 0.129904
v -0.075000 0.000000 0.129904
v -0.064952 -0.037500 0.129904
v -0.037500 -0.064952 0.129904
v 0.000000 -0.075000 0.129904
v 0.037500 -0.064952 0.129904
v 0.064952 -0.037500 0.129904
v 0.075000 0.000000 0.129904
v 0.000000 0.000000 -0.150000
v 0.000000 0.000000 0.150000
v 0.075000 0.000000 -0.129904
v 0.064952 0.037500 -0.129904
v 0.037500 0.064952 -0.129904
v 0.000000 0.075000 -0.129904
v -0.037500 0.064952 -0.129904
v -0.064952 0.037500 -0.129904
v -0.075000 0.000000 -0.129904
v -0.064952 -0.037500 -0.129904
v -0.037500 -0.064952 -0.129904
v 0.000000 -0.075000 -0.129904
v 0.037500 -0.064952 -0.129904
v 0.064952 -0.037500 -0.129904
v 0.075000 0.000000 -0.129904
v 0.129904 0.000000 -0.075000
v 0.112500 0.064952 -0.075000
v 0.064952 0.112500 -0.075000
v 0.000000 0.129904 -0.075000
v -0.064952 0.112500 -0.075000
v -0.112500 0.064952 -0.075000
v -0.129904 0.000000 -0.075000
v -0.112500 -0.064952 -0.075000
v -0.064952 -0.112500 -0.075000
v 0.000000 -0.129904 -0.075000
v 0.064952 -0.112500 -0.075000
v 0.112500 -0.064952 -0.075000
v 0.129904 0.000000 -0.075000
v 0.150000 0.000000 0.000000
v 0.129904 0.075000 0.000000
v 0.075000 0.129904 0.000000
v 0.000000 0.150000 0.000000
v -0.075000 0.129904 0.000000
v -0.129904 0.075000 0.000000
v -0.150000 0.000000 0.000000
v -0.129904 -0.075000 0.000000
v -0.075000 -0.129904 0.000000
v 0.000000 -0.150000 0.000000
v 0.075000 -0.129904 0.000000
v 0.129904 -0.075000 0.000000
v 0.150000 0.000000 0.000000
v 0.129904 0.000000 0.075000
v 0.112500 0.064952 0.075000
v 0.064952 0.112500 0.075000
v 0.000000 0.129904 0.075000
v -0.064952 0.112500 0.075000
v -0.112500 0.064952 0.075000
v -0.129904 0.000000 0.075000
v -0.112500 -0.064952 0.075000
v -0.064952 -0.112500 0.075000
v 0.000000 -0.129904 0.075000
v 0.064952 -0.112500 0.075000
v 0.112500 -0.064952 0.075000
v 0.129904 0.000000 0.075000
v 0.075000 0.000000 0.129904
v 0.064952 0.037500 0.129904
v 0.037500 0.064952 0.129904
v 0.000000 0.075000 0.129904
v -0.037500 0.064952 0.129904
v -0.064952 0.037500 0.129904
v -0.075000 0.000000 0.129904
v -0.064952 -0.037500 0.129904
v -0.037500 -0.064952 0.129904
v 0.000000 -0.075000 0.129904
v 0.037500 -0.064952 0.129904
v 0.064952 -0.037500 0.129904
v 0.075000 0.000000 0.129904
v 0.000000 0.000000 -0.150000
v 0.000000 0.000000 0.150000
v 0.075000 0.000000 -0.129904
v 0.064952 0.037500 -0.129904
v 0.037500 0.064952 -0.129904
v 0.000000 0.075000 -0.129904
v -0.037500 0.064952 -0.129904
v -0.064952 0.037500 -0.129904
v -0.075000 0.000000 -0.129904
v -0.064952 -0.037500 -0.129904
v -0.037500 -0.064952 -0.129904
v 0.000000 -0.075000 -0.129904
v 0.037500 -0.064952 -0.129904
v 0.064952 -0.037500 -0.129904
v 0.075000 0.000000 -0.129904
v 0.129904 0.000000 -0.075000
v 0.112500 0.064952 -0.075000
v 0.064952 0.112500 -0.075000
v 0.000000 0.129904 -0.075000
v -0.064952 0.112500 -0.075000
v -0.112500 0.064952 -0.075000
v -0.129904 0.000000 -0.075000
v -0.112500 -0.064952 -0.075000
v -0.064952 -0.112500 -0.075000
v 0.000000 -0.129904 -0.075000
v 0.064952 -0.112500 -0.075000
v 0.112500 -0.064952 -0.075000
v 0.129904 0.000000 -0.075000
v 0.150000 0.000000 0.000000
v 0.129904 0.075000 0.000000
v 0.075000 0.129904 0.000000
v 0.000000 0.150000 0.000000
v -0.075000 0.129904 0.000000
v -0.129904 0.075000 0.000000
v -0.150000 0.000000 0.000000
v -0.129904 -0.075000 0.000000
v -0.075000 -0.129904 0.000000
v 0.000000 -0.150000 0.000000
v 0.075000 -0.129904 0.000000
v 0.129904 -0.075000 0.000000
v 0.150000 0.000000 0.000000
v 0.129904 0.000000 0.075000
v 0.112500 0.064952 0.075000
v 0.064952 0.112500 0.075000
v 0.000000 0.129904 0.075000
v -0.064952 0.112500 0.075000
v -0.112500 0.064952 0.075000
v -0.129904 0.000000 0.075000
v -0.112500 -0.064952 0.075000
v -0.064952 -0.112500 0.075000
v 0.000000 -0.129904 0.075000
v 0.064952 -0.112500 0.075000
v 0.112500 -0.064952 0.075000
v 0.129904 0.000000 0.075000
v 0.075000 0.000000 0.129904
v 0.064952 0.037500 0.129904
v 0.037500 0.064952 0.129904
v 0.000000 0.075000 0.129904
v -0.037500 0.064952 0.129904
v -0.064952 0.037500 0.129904
v -0.075000 0.000000 0.129904
v -0.064952 -0.037500 0.129904
v -0.037500 -0.064952 0.129904
v 0.000000 -0.075000 0.129904
v 0.037500 -0.064952 0.129904
v 0.064952 -0.037500 0.129904
v 0.075000 0.000000 0.129904
v 0.000000 0.000000 -0.150000
v 0.000000 0.000000 0.150000
v -0.090000 0.016000 0.000000
v -0.090000 0.013856 0.008000
v -0.090000 0.008000 0.013856
v -0.090000 0.000000 0.016000
v -0.090000 -0.008000 0.013856
v -0.090000 -0.013856 0.008000
v -0.090000 -0.016000 0.000000
v -0.090000 -0.013856 -0.008000
v -0.090000 -0.008000 -0.013856
v -0.090000 0.000000 -0.016000
v -0.090000 0.008000 -0.013856
v -0.090000 0.013856 -0.008000
v -0.090000 0.016000 0.000000
v 0.000000 0.016000 0.000000
v 0.000000 0.013856 0.008000
v 0.000000 0.008000 0.013856
v 0.000000 0.000000 0.016000
v 0.000000 -0.008000 0.013856
v 0.000000 -0.013856 0.008000
v 0.000000 -0.016000 0.000000
v 0.000000 -0.013856 -0.008000
v 0.000000 -0.008000 -0.013856
v 0.000000 0.000000 -0.016000
v 0.000000 0.008000 -0.013856
v 0.000000 0.013856 -0.008000
v 0.000000 0.016000 0.000000
v 0.090000 0.016000 0.000000
v 0.090000 0.013856 0.008000
v 0.090000 0.008000 0.013856
v 0.090000 0.000000 0.016000
v 0.090000 -0.008000 0.013856
v 0.090000 -0.013856 0.008000
v 0.090000 -0.016000 0.000000
v 0.090000 -0.013856 -0.008000
v 0.090000 -0.008000 -0.013856
v 0.090000 0.000000 -0.016000
v 0.090000 0.008000 -0.013856
v 0.090000 0.013856 -0.008000
v 0.090000 0.016000 0.000000
v -0.090000 0.000000 0.000000
v 0.090000 0.000000 0.000000
v -0.090000 0.016000 0.000000
v -0.090000 0.013856 0.008000
v -0.090000 0.008000 0.013856
v -0.090000 0.000000 0.016000
v -0.090000 -0.008000 0.013856
v -0.090000 -0.013856 0.008000
v -0.090000 -0.016000 0.000000
v -0.090000 -0.013856 -0.008000
v -0.090000 -0.008000 -0.013856
v -0.090000 0.000000 -0.016000
v -0.090000 0.008000 -0.013856
v -0.090000 0.013856 -0.008000
v -0.090000 0.016000 0.000000
v 0.000000 0.016000 0.000000
v 0.000000 0.013856 0.008000
v 0.000000 0.008000 0.013856
v 0.000000 0.000000 0.016000
v 0.000000 -0.008000 0.013856
v 0.000000 -0.013856 0.008000
v 0.000000 -0.016000 0.000000
v 0.000000 -0.013856 -0.008000
v 0.000000 -0.008000 -0.013856
v 0.000000 0.000000 -0.016000
v 0.000000 0.008000 -0.013856
v 0.000000 0.013856 -0.008000
v 0.000000 0.016000 0.000000
v 0.090000 0.016000 0.000000
v 0.090000 0.013856 0.008000
v 0.090000 0.008000 0.013856
v 0.090000 0.000000 0.016000
v 0.090000 -0.008000 0.013856
v 0.090000 -0.013856 0.008000
v 0.090000 -0.016000 0.000000
v 0.090000 -0.013856 -0.008000
v 0.090000 -0.008000 -0.013856
v 0.090000 0.000000 -0.016000
v 0.090000 0.008000 -0.013856
v 0.090000 0.013856 -0.008000
v 0.090000 0.016000 0.000000
v -0.090000 0.000000 0.000000
v 0.090000 0.000000 0.000000
v -0.090000 0.016000 0.000000
v -0.090000 0.013856 0.008000
v -0.090000 0.008000 0.013856
v -0.090000 0.000000 0.016000
v -0.090000 -0.008000 0.013856
v -0.090000 -0.013856 0.008000
v -0.090000 -0.016000 0.000000
v -0.090000 -0.013856 -0.008000
v -0.090000 -0.008000 -0.013856
v -0.090000 0.000000 -0.016000
v -0.090000 0.008000 -0.013856
v -0.090000 0.013856 -0.008000
v -0.090000 0.016000 0.000000
v 0.000000 0.016000 0.000000
v 0.000000 0.013856 0.008000
v 0.000000 0.008000 0.013856
v 0.000000 0.000000 0.016000
v 0.000000 -0.008000 0.013856
v 0.000000 -0.013856 0.008000
v 0.000000 -0.016000 0.000000
v 0.000000 -0.013856 -0.008000
v 0.000000 -0.008000 -0.013856
v 0.000000 0.000000 -0.016000
v 0.000000 0.008000 -0.013856
v 0.000000 0.013856 -0.008000
v 0.000000 0.016000 0.000000
v 0.090000 0.016000 0.000000
v 0.090000 0.013856 0.008000
v 0.090000 0.008000 0.013856
v 0.090000 0.000000 0.016000
v 0.090000 -0.008000 0.013856
v 0.090000 -0.013856 0.008000
v 0.090000 -0.016000 0.000000
v 0.090000 -0.013856 -0.008000
v 0.090000 -0.008000 -0.013856
v 0.090000 0.000000 -0.016000
v 0.090000 0.008000 -0.013856
v 0.090000 0.013856 -0.008000
v 0.090000 0.016000 0.000000
v -0.090000 0.000000 0.000000
v 0.090000 0.000000 0.000000
v -0.090000 0.016000 0.000000
v -0.090000 0.013856 0.008000
v -0.090000 0.008000 0.013856
v -0.090000 0.000000 0.016000
v -0.090000 -0.008000 0.013856
v -0.090000 -0.013856 0.008000
v -0.090000 -0.016000 0.000000
v -0.090000 -0.013856 -0.008000
v -0.090000 -0.008000 -0.013856
v -0.090000 0.000000 -0.016000
v -0.090000 0.008000 -0.013856
v -0.090000 0.013856 -0.008000
v -0.090000 0.016000 0.000000
v 0.000000 0.016000 0.000000
v 0.000000 0.013856 0.008000
v 0.000000 0.008000 0.013856
v 0.000000 0.000000 0.016000
v 0.000000 -0.008000 0.013856
v 0.000000 -0.013856 0.008000
v 0.000000 -0.016000 0.000000
v 0.000000 -0.013856 -0.008000
v 0.000000 -0.008000 -0.013856
v 0.000000 0.000000 -0.016000
v 0.000000 0.008000 -0.013856
v 0.000000 0.013856 -0.008000
v 0.000000 0.016000 0.000000
v 0.090000 0.016000 0.000000
v 0.090000 0.013856 0.008000
v 0.090000 0.008000 0.013856
v 0.090000 0.000000 0.016000
v 0.090000 -0.008000 0.013856
v 0.090000 -0.013856 0.008000
v 0.090000 -0.016000 0.000000
v 0.090000 -0.013856 -0.008000
v 0.090000 -0.008000 -0.013856
v 0.090000 0.000000 -0.016000
v 0.090000 0.008000 -0.013856
v 0.090000 0.013856 -0.008000
v 0.090000 0.016000 0.000000
v -0.090000 0.000000 0.000000
v 0.090000 0.000000 0.000000
v -0.090000 0.016000 0.000000
v -0.090000 0.013856 0.008000
v -0.090000 0.008000 0.013856
v -0.090000 0.000000 0.016000
v -0.090000 -0.008000 0.013856
v -0.090000 -0.013856 0.008000
v -0.090000 -0.016000 0.000000
v -0.090000 -0.013856 -0.008000
v -0.090000 -0.008000 -0.013856
v -0.090000 0.000000 -0.016000
v -0.090000 0.008000 -0.013856
v -0.090000 0.013856 -0.008000
v -0.090000 0.016000 0.000000
v 0.000000 0.016000 0.000000
v 0.000000 0.013856 0.008000
v 0.000000 0.008000 0.013856
v 0.000000 0.000000 0.016000
v 0.000000 -0.008000 0.013856
v 0.000000 -0.013856 0.008000
v 0.000000 -0.016000 0.000000
v 0.000000 -0.013856 -0.008000
v 0.000000 -0.008000 -0.013856
v 0.000000 0.000000 -0.016000
v 0.000000 0.008000 -0.013856
v 0.000000 0.013856 -0.008000
v 0.000000 0.016000 0.000000
v 0.090000 0.016000 0.000000
v 0.090000 0.013856 0.008000
v 0.090000 0.008000 0.013856
v 0.090000 0.000000 0.016000
v 0.090000 -0.008000 0.013856
v 0.090000 -0.013856 0.008000
v 0.090000 -0.016000 0.000000
v 0.090000 -0.013856 -0.008000
v 0.090000 -0.008000 -0.013856
v 0.090000 0.000000 -0.016000
v 0.090000 0.008000 -0.013856
v 0.090000 0.013856 -0.008000
v 0.090000 0.016000 0.000000
v -0.090000 0.000000 0.000000
v 0.090000 0.000000 0.000000
v -0.090000 0.016000 0.000000
v -0.090000 0.013856 0.008000
v -0.090000 0.008000 0.013856
v -0.090000 0.000000 0.016000
v -0.090000 -0.008000 0.013856
v -0.090000 -0.013856 0.008000
v -0.090000 -0.016000 0.000000
v -0.090000 -0.013856 -0.008000
v -0.090000 -0.008000 -0.013856
v -0.090000 0.000000 -0.016000
v -0.090000 0.008000 -0.013856
v -0.090000 0.013856 -0.008000
v -0.090000 0.016000 0.000000
v 0.000000 0.016000 0.000000
v 0.000000 0.013856 0.008000
v 0.000000 0.008000 0.013856
v 0.000000 0.000000 0.016000
v 0.000000 -0.008000 0.013856
v 0.000000 -0.013856 0.008000
v 0.000000 -0.016000 0.000000
v 0.000000 -0.013856 -0.008000
v 0.000000 -0.008000 -0.013856
v 0.000000 0.000000 -0.016000
v 0.000000 0.008000 -0.013856
v 0.000000 0.013856 -0.008000
v 0.000000 0.016000 0.000000
v 0.090000 0.016000 0.000000
v 0.090000 0.013856 0.008000
v 0.090000 0.008000 0.013856
v 0.090000 0.000000 0.016000
v 0.090000 -0.008000 0.013856
v 0.090000 -0.013856 0.008000
v 0.090000 -0.016000 0.000000
v 0.090000 -0.013856 -0.008000
v 0.090000 -0.008000 -0.013856
v 0.090000 0.000000 -0.016000
v 0.090000 0.008000 -0.013856
v 0.090000 0.013856 -0.008000
v 0.090000 0.016000 0.000000
v -0.090000 0.000000 0.000000
v 0.090000 0.000000 0.000000
v -0.090000 0.016000 0.000000
v -0.090000 0.013856 0.008000
v -0.090000 0.008000 0.013856
v -0.090000 0.000000 0.016000
v -0.090000 -0.008000 0.013856
v -0.090000 -0.013856 0.008000
v -0.090000 -0.016000 0.000000
v -0.090000 -0.013856 -0.008000
v -0.090000 -0.008000 -0.013856
v -0.090000 0.000000 -0.016000
v -0.090000 0.008000 -0.013856
v -0.090000 0.013856 -0.008000
v -0.090000 0.016000 0.000000
v 0.000000 0.016000 0.000000
v 0.000000 0.013856 0.008000
v 0.000000 0.008000 0.013856
v 0.000000 0.000000 0.016000
v 0.000000 -0.008000 0.013856
v 0.000000 -0.013856 0.008000
v 0.000000 -0.016000 0.000000
v 0.000000 -0.013856 -0.008000
v 0.000000 -0.008000 -0.013856
v 0.000000 0.000000 -0.016000
v 0.000000 0.008000 -0.013856
v 0.000000 0.013856 -0.008000
v 0.000000 0.016000 0.000000
v 0.090000 0.016000 0.000000
v 0.090000 0.013856 0.008000
v 0.090000 0.008000 0.013856
v 0.090000 0.000000 0.016000
v 0.090000 -0.008000 0.013856
v 0.090000 -0.013856 0.008000
v 0.090000 -0.016000 0.000000
v 0.090000 -0.013856 -0.008000
v 0.090000 -0.008000 -0.013856
v 0.090000 0.000000 -0.016000
v 0.090000 0.008000 -0.013856
v 0.090000 0.013856 -0.008000
v 0.090000 0.016000 0.000000
v -0.090000 0.000000 0.000000
v 0.090000 0.000000 0.000000
v -0.090000 0.016000 0.000000
v -0.090000 0.013856 0.008000
v -0.090000 0.008000 0.013856
v -0.090000 0.000000 0.016000
v -0.090000 -0.008000 0.013856
v -0.090000 -0.013856 0.008000
v -0.090000 -0.016000 0.000000
v -0.090000 -0.013856 -0.008000
v -0.090000 -0.008000 -0.013856
v -0.090000 0.000000 -0.016000
v -0.090000 0.008000 -0.013856
v -0.090000 0.013856 -0.008000
v -0.090000 0.016000 0.000000
v 0.000000 0.016000 0.000000
v 0.000000 0.013856 0.008000
v 0.000000 0.008000 0.013856
v 0.000000 0.000000 0.016000
v 0.000000 -0.008000 0.013856
v 0.000000 -0.013856 0.008000
v 0.000000 -0.016000 0.000000
v 0.000000 -0.013856 -0.008000
v 0.000000 -0.008000 -0.013856
v 0.000000 0.000000 -0.016000
v 0.000000 0.008000 -0.013856
v 0.000000 0.013856 -0.008000
v 0.000000 0.016000 0.000000
v 0.090000 0.016000 0.000000
v 0.090000 0.013856 0.008000
v 0.090000 0.008000 0.013856
v 0.090000 0.000000 0.016000
v 0.090000 -0.008000 0.013856
v 0.090000 -0.013856 0.008000
v 0.090000 -0.016000 0.000000
v 0.090000 -0.013856 -0.008000
v 0.090000 -0.008000 -0.013856
v 0.090000 0.000000 -0.016000
v 0.090000 0.008000 -0.013856
v 0.090000 0.013856 -0.008000
v 0.090000 0.016000 0.000000
v -0.090000 0.000000 0.000000
v 0.090000 0.000000 0.000000
v -0.090000 0.016000 0.000000
v -0.090000 0.013856 0.008000
v -0.090000 0.008000 0.013856
v -0.090000 0.000000 0.016000
v -0.090000 -0.008000 0.013856
v -0.090000 -0.013856 0.008000
v -0.090000 -0.016000 0.000000
v -0.090000 -0.013856 -0.008000
v -0.090000 -0.008000 -0.013856
v -0.090000 0.000000 -0.016000
v -0.090000 0.008000 -0.013856
v -0.090000 0.013856 -0.008000
v -0.090000 0.016000 0.000000
v 0.000000 0.016000 0.000000
v 0.000000 0.013856 0.008000
v 0.000000 0.008000 0.013856
v 0.000000 0.000000 0.016000
v 0.000000 -0.008000 0.013856
v 0.000000 -0.013856 0.008000
v 0.000000 -0.016000 0.000000
v 0.000000 -0.013856 -0.008000
v 0.000000 -0.008000 -0.013856
v 0.000000 0.000000 -0.016000
v 0.000000 0.008000 -0.013856
v 0.000000 0.013856 -0.008000
v 0.000000 0.016000 0.000000
v 0.090000 0.016000 0.000000
v 0.090000 0.013856 0.008000
v 0.090000 0.008000 0.013856
v 0.090000 0.000000 0.016000
v 0.090000 -0.008000 0.013856
v 0.090000 -0.013856 0.008000
v 0.090000 -0.016000 0.000000
v 0.090000 -0.013856 -0.008000
v 0.090000 -0.008000 -0.013856
v 0.090000 0.000000 -0.016000
v 0.090000 0.008000 -0.013856
v 0.090000 0.013856 -0.008000
v 0.090000 0.016000 0.000000
v -0.090000 0.000000 0.000000
v 0.090000 0.000000 0.000000
v -0.090000 0.016000 0.000000
v -0.090000 0.013856 0.008000
v -0.090000 0.008000 0.013856
v -0.090000 0.000000 0.016000
v -0.090000 -0.008000 0.013856
v -0.090000 -0.013856 0.008000
v -0.090000 -0.016000 0.000000
v -0.090000 -0.013856 -0.008000
v -0.090000 -0.008000 -0.013856
v -0.090000 0.000000 -0.016000
v -0.090000 0.008000 -0.013856
v -0.090000 0.013856 -0.008000
v -0.090000 0.016000 0.000000
v 0.000000 0.016000 0.000000
v 0.000000 0.013856 0.008000
v 0.000000 0.008000 0.013856
v 0.000000 0.000000 0.016000
v 0.000000 -0.008000 0.013856
v 0.000000 -0.013856 0.008000
v 0.000000 -0.016000 0.000000
v 0.000000 -0.013856 -0.008000
v 0.000000 -0.008000 -0.013856
v 0.000000 0.000000 -0.016000
v 0.000000 0.008000 -0.013856
v 0.000000 0.013856 -0.008000
v 0.000000 0.016000 0.000000
v 0.090000 0.016000 0.000000
v 0.090000 0.013856 0.008000
v 0.090000 0.008000 0.013856
v 0.090000 0.000000 0.016000
v 0.090000 -0.008000 0.013856
v 0.090000 -0.013856 0.008000
v 0.090000 -0.016000 0.000000
v 0.090000 -0.013856 -0.008000
v 0.090000 -0.008000 -0.013856
v 0.090000 0.000000 -0.016000
v 0.090000 0.008000 -0.013856
v 0.090000 0.013856 -0.008000
v 0.090000 0.016000 0.000000
v -0.090000 0.000000 0.000000
v 0.090000 0.000000 0.000000
v -0.090000 0.016000 0.000000
v -0.090000 0.013856 0.008000
v -0.090000 0.008000 0.013856
v -0.090000 0.000000 0.016000
v -0.090000 -0.008000 0.013856
v -0.090000 -0.013856 0.008000
v -0.090000 -0.016000 0.000000
v -0.090000 -0.013856 -0.008000
v -0.090000 -0.008000 -0.013856
v -0.090000 0.000000 -0.016000
v -0.090000 0.008000 -0.013856
v -0.090000 0.013856 -0.008000
v -0.090000 0.016000 0.000000
v 0.000000 0.016000 0.000000
v 0.000000 0.013856 0.008000
v 0.000000 0.008000 0.013856
v 0.000000 0.000000 0.016000
v 0.000000 -0.008000 0.013856
v 0.000000 -0.013856 0.008000
v 0.000000 -0.016000 0.000000
v 0.000000 -0.013856 -0.008000
v 0.000000 -0.008000 -0.013856
v 0.000000 0.000000 -0.016000
v 0.000000 0.008000 -0.013856
v 0.000000 0.013856 -0.008000
v 0.000000 0.016000 0.000000
v 0.090000 0.016000 0.000000
v 0.090000 0.013856 0.008000
v 0.090000 0.008000 0.013856
v 0.090000 0.000000 0.016000
v 0.090000 -0.008000 0.013856
v 0.090000 -0.013856 0.008000
v 0.090000 -0.016000 0.000000
v 0.090000 -0.013856 -0.008000
v 0.090000 -0.008000 -0.013856
v 0.090000 0.000000 -0.016000
v 0.090000 0.008000 -0.013856
v 0.090000 0.013856 -0.008000
v 0.090000 0.016000 0.000000
v -0.090000 0.000000 0.000000
v 0.090000 0.000000 0.000000
v -0.090000 0.016000 0.000000
v -0.090000 0.013856 0.008000
v -0.090000 0.008000 0.013856
v -0.090000 0.000000 0.016000
v -0.090000 -0.008000 0.013856
v -0.090000 -0.013856 0.008000
v -0.090000 -0.016000 0.000000
v -0.090000 -0.013856 -0.008000
v -0.090000 -0.008000 -0.013856
v -0.090000 0.000000 -0.016000
v -0.090000 0.008000 -0.013856
v -0.090000 0.013856 -0.008000
v -0.090000 0.016000 0.000000
v 0.000000 0.016000 0.000000
v 0.000000 0.013856 0.008000
v 0.000000 0.008000 0.013856
v 0.000000 0.000000 0.016000
v 0.000000 -0.008000 0.013856
v 0.000000 -0.013856 0.008000
v 0.000000 -0.016000 0.000000
v 0.000000 -0.013856 -0.008000
v 0.000000 -0.008000 -0.013856
v 0.000000 0.000000 -0.016000
v 0.000000 0.008000 -0.013856
v 0.000000 0.013856 -0.008000
v 0.000000 0.016000 0.000000
v 0.090000 0.016000 0.000000
v 0.090000 0.013856 0.008000
v 0.090000 0.008000 0.013856
v 0.090000 0.000000 0.016000
v 0.090000 -0.008000 0.013856
v 0.090000 -0.013856 0.008000
v 0.090000 -0.016000 0.000000
v 0.090000 -0.013856 -0.008000
v 0.090000 -0.008000 -0.013856
v 0.090000 0.000000 -0.016000
v 0.090000 0.008000 -0.013856
v 0.090000 0.013856 -0.008000
v 0.090000 0.016000 0.000000
v -0.090000 0.000000 0.000000
v 0.090000 0.000000 0.000000
v -0.120000 -0.200000 -0.125000
v -0.120000 -0.200000 -0.041667
v -0.120000 -0.200000 0.041667
v -0.120000 -0.200000 0.125000
v -0.040000 -0.200000 -0.125000
v -0.040000 -0.200000 -0.041667
v -0.040000 -0.200000 0.041667
v -0.040000 -0.200000 0.125000
v 0.040000 -0.200000 -0.125000
v 0.040000 -0.200000 -0.041667
v 0.040000 -0.200000 0.041667
v 0.040000 -0.200000 0.125000
v 0.120000 -0.200000 -0.125000
v 0.120000 -0.200000 -0.041667
v 0.120000 -0.200000 0.041667
v 0.120000 -0.200000 0.125000
v -0.120000 0.200000 0.125000
v -0.120000 0.200000 0.041667
v -0.120000 0.200000 -0.041667
v -0.120000 0.200000 -0.125000
v -0.040000 0.200000 0.125000
v -0.040000 0.200000 0.041667
v -0.040000 0.200000 -0.041667
v -0.040000 0.200000 -0.125000
v 0.040000 0.200000 0.125000
v 0.040000 0.200000 0.041667
v 0.040000 0.200000 -0.041667
v 0.040000 0.200000 -0.125000
v 0.120000 0.200000 0.125000
v 0.120000 0.200000 0.041667
v 0.120000 0.200000 -0.041667
v 0.120000 0.200000 -0.125000
v -0.120000 -0.100000 0.125000
v -0.120000 0.000000 0.125000
v -0.120000 0.100000 0.125000
v -0.040000 -0.100000 0.125000
v -0.040000 0.000000 0.125000
v -0.040000 0.100000 0.125000
v 0.040000 -0.100000 0.125000
v 0.040000 0.000000 0.125000
v 0.040000 0.100000 0.125000
v 0.120000 -0.100000 0.125000
v 0.120000 0.000000 0.125000
v 0.120000 0.100000 0.125000
v -0.120000 0.100000 -0.125000
v -0.120000 0.000000 -0.125000
v -0.120000 -0.100000 -0.125000
v -0.040000 0.100000 -0.125000
v -0.040000 0.000000 -0.125000
v -0.040000 -0.100000 -0.125000
v 0.040000 0.100000 -0.125000
v 0.040000 0.000000 -0.125000
v 0.040000 -0.100000 -0.125000
v 0.120000 0.100000 -0.125000
v 0.120000 0.000000 -0.125000
v 0.120000 -0.100000 -0.125000
v -0.120000 -0.100000 -0.041667
v -0.120000 0.000000 -0.041667
v -0.120000 0.100000 -0.041667
v -0.120000 -0.100000 0.041667
v -0.120000 0.000000 0.041667
v -0.120000 0.100000 0.041667
v 0.120000 -0.100000 0.041667
v 0.120000 0.000000 0.041667
v 0.120000 0.100000 0.041667
v 0.120000 -0.100000 -0.041667
v 0.120000 0.000000 -0.041667
v 0.120000 0.100000 -0.041667
v -0.120000 -0.200000 -0.125000
v -0.120000 -0.200000 -0.041667
v -0.120000 -0.200000 0.041667
v -0.120000 -0.200000 0.125000
v -0.040000 -0.200000 -0.125000
v -0.040000 -0.200000 -0.041667
v -0.040000 -0.200000 0.041667
v -0.040000 -0.200000 0.125000
v 0.040000 -0.200000 -0.125000
v 0.040000 -0.200000 -0.041667
v 0.040000 -0.200000 0.041667
v 0.040000 -0.200000 0.125000
v 0.120000 -0.200000 -0.125000
v 0.120000 -0.200000 -0.041667
v 0.120000 -0.200000 0.041667
v 0.120000 -0.200000 0.125000
v -0.120000 0.200000 0.125000
v -0.120000 0.200000 0.041667
v -0.120000 0.200000 -0.041667
v -0.120000 0.200000 -0.125000
v -0.040000 0.200000 0.125000
v -0.040000 0.200000 0.041667
v -0.040000 0.200000 -0.041667
v -0.040000 0.200000 -0.125000
v 0.040000 0.200000 0.125000
v 0.040000 0.200000 0.041667
v 0.040000 0.200000 -0.041667
v 0.040000 0.200000 -0.125000
v 0.120000 0.200000 0.125000
v 0.120000 0.200000 0.041667
v 0.120000 0.200000 -0.041667
v 0.120000 0.200000 -0.125000
v -0.120000 -0.100000 0.125000
v -0.120000 0.000000 0.125000
v -0.120000 0.100000 0.125000
v -0.040000 -0.100000 0.125000
v -0.040000 0.000000 0.125000
v -0.040000 0.100000 0.125000
v 0.040000 -0.100000 0.125000
v 0.040000 0.000000 0.125000
v 0.040000 0.100000 0.125000
v 0.120000 -0.100000 0.125000
v 0.120000 0.000000 0.125000
v 0.120000 0.100000 0.125000
v -0.120000 0.100000 -0.125000
v -0.120000 0.000000 -0.125000
v -0.120000 -0.100000 -0.125000
v -0.040000 0.100000 -0.125000
v -0.040000 0.000000 -0.125000
v -0.040000 -0.100000 -0.125000
v 0.040000 0.100000 -0.125000
v 0.040000 0.000000 -0.125000
v 0.040000 -0.100000 -0.125000
v 0.120000 0.100000 -0.125000
v 0.120000 0.000000 -0.125000
v 0.120000 -0.100000 -0.125000
v -0.120000 -0.100000 -0.041667
v -0.120000 0.000000 -0.041667
v -0.120000 0.100000 -0.041667
v -0.120000 -0.100000 0.041667
v -0.120000 0.000000 0.041667
v -0.120000 0.100000 0.041667
v 0.120000 -0.100000 0.041667
v 0.120000 0.000000 0.041667
v 0.120000 0.100000 0.041667
v 0.120000 -0.100000 -0.041667
v 0.120000 0.000000 -0.041667
v 0.120000 0.100000 -0.041667
v -0.060000 -0.125000 -0.115000
v -0.060000 -0.125000 -0.038333
v -0.060000 -0.125000 0.038333
v -0.060000 -0.125000 0.115000
v 0.000000 -0.125000 -0.115000
v 0.000000 -0.125000 -0.038333
v 0.000000 -0.125000 0.038333
v 0.000000 -0.125000 0.115000
v 0.060000 -0.125000 -0.115000
v 0.060000 -0.125000 -0.038333
v 0.060000 -0.125000 0.038333
v 0.060000 -0.125000 0.115000
v -0.060000 0.125000 0.115000
v -0.060000 0.125000 0.038333
v -0.060000 0.125000 -0.038333
v -0.060000 0.125000 -0.115000
v 0.000000 0.125000 0.115000
v 0.000000 0.125000 0.038333
v 0.000000 0.125000 -0.038333
v 0.000000 0.125000 -0.115000
v 0.060000 0.125000 0.115000
v 0.060000 0.125000 0.038333
v 0.060000 0.125000 -0.038333
v 0.060000 0.125000 -0.115000
v -0.060000 -0.041667 0.115000
v -0.060000 0.041667 0.115000
v 0.000000 -0.041667 0.115000
v 0.000000 0.041667 0.115000
v 0.060000 -0.041667 0.115000
v 0.060000 0.041667 0.115000
v -0.060000 0.041667 -0.115000
v -0.060000 -0.041667 -0.115000
v 0.000000 0.041667 -0.115000
v 0.000000 -0.041667 -0.115000
v 0.060000 0.041667 -0.115000
v 0.060000 -0.041667 -0.115000
v -0.060000 -0.041667 -0.038333
v -0.060000 0.041667 -0.038333
v -0.060000 -0.041667 0.038333
v -0.060000 0.041667 0.038333
v 0.060000 -0.041667 0.038333
v 0.060000 0.041667 0.038333
v 0.060000 -0.041667 -0.038333
v 0.060000 0.041667 -0.038333
v -0.200000 -0.450000 -0.200000
v -0.200000 -0.450000 -0.100000
v -0.200000 -0.450000 0.000000
v -0.200000 -0.450000 0.100000
v -0.200000 -0.450000 0.200000
v -0.100000 -0.450000 -0.200000
v -0.100000 -0.450000 -0.100000
v -0.100000 -0.450000 0.000000
v -0.100000 -0.450000 0.100000
v -0.100000 -0.450000 0.200000
v 0.000000 -0.450000 -0.200000
v 0.000000 -0.450000 -0.100000
v 0.000000 -0.450000 0.000000
v 0.000000 -0.450000 0.100000
v 0.000000 -0.450000 0.200000
v 0.100000 -0.450000 -0.200000
v 0.100000 -0.450000 -0.100000
v 0.100000 -0.450000 0.000000
v 0.100000 -0.450000 0.100000
v 0.100000 -0.450000 0.200000
v 0.200000 -0.450000 -0.200000
v 0.200000 -0.450000 -0.100000
v 0.200000 -0.450000 0.000000
v 0.200000 -0.450000 0.100000
v 0.200000 -0.450000 0.200000
v -0.200000 0.450000 0.200000
v -0.200000 0.450000 0.100000
v -0.200000 0.450000 0.000000
v -0.200000 0.450000 -0.100000
v -0.200000 0.450000 -0.200000
v -0.100000 0.450000 0.200000
v -0.100000 0.450000 0.100000
v -0.100000 0.450000 0.000000
v -0.100000 0.450000 -0.100000
v -0.100000 0.450000 -0.200000
v 0.000000 0.450000 0.200000
v 0.000000 0.450000 0.100000
v 0.000000 0.450000 0.000000
v 0.000000 0.450000 -0.100000
v 0.000000 0.450000 -0.200000
v 0.100000 0.450000 0.200000
v 0.100000 0.450000 0.100000
v 0.100000 0.450000 0.000000
v 0.100000 0.450000 -0.100000
v 0.100000 0.450000 -0.200000
v 0.200000 0.450000 0.200000
v 0.200000 0.450000 0.100000
v 0.200000 0.450000 0.000000
v 0.200000 0.450000 -0.100000
v 0.200000 0.450000 -0.200000
v -0.200000 -0.350000 0.200000
v -0.200000 -0.250000 0.200000
v -0.200000 -0.150000 0.200000
v -0.200000 -0.050000 0.200000
v -0.200000 0.050000 0.200000
v -0.200000 0.150000 0.200000
v -0.200000 0.250000 0.200000
v -0.200000 0.350000 0.200000
v -0.100000 -0.350000 0.200000
v -0.100000 -0.250000 0.200000
v -0.100000 -0.150000 0.200000
v -0.100000 -0.050000 0.200000
v -0.100000 0.050000 0.200000
v -0.100000 0.150000 0.200000
v -0.100000 0.250000 0.200000
v -0.100000 0.350000 0.200000
v 0.000000 -0.350000 0.200000
v 0.000000 -0.250000 0.200000
v 0.000000 -0.150000 0.200000
v 0.000000 -0.050000 0.200000
v 0.000000 0.050000 0.200000
v 0.000000 0.150000 0.200000
v 0.000000 0.250000 0.200000
v 0.000000 0.350000 0.200000
v 0.100000 -0.350000 0.200000
v 0.100000 -0.250000 0.200000
v 0.100000 -0.150000 0.200000
v 0.100000 -0.050000 0.200000
v 0.100000 0.050000 0.200000
v 0.100000 0.150000 0.200000
v 0.100000 0.250000 0.200000
v 0.100000 0.350000 0.200000
v 0.200000 -0.350000 0.200000
v 0.200000 -0.250000 0.200000
v 0.200000 -0.150000 0.200000
v 0.200000 -0.050000 0.200000
v 0.200000 0.050000 0.200000
v 0.200000 0.150000 0.200000
v 0.200000 0.250000 0.200000
v 0.200000 0.350000 0.200000
v -0.200000 0.350000 -0.200000
v -0.200000 0.250000 -0.200000
v -0.200000 0.150000 -0.200000
v -0.200000 0.050000 -0.200000
v -0.200000 -0.050000 -0.200000
v -0.200000 -0.150000 -0.200000
v -0.200000 -0.250000 -0.200000
v -0.200000 -0.350000 -0.200000
v -0.100000 0.350000 -0.200000
v -0.100000 0.250000 -0.200000
v -0.100000 0.150000 -0.200000
v -0.100000 0.050000 -0.200000
v -0.100000 -0.050000 -0.200000
v -0.100000 -0.150000 -0.200000
v -0.100000 -0.250000 -0.200000
v -0.100000 -0.350000 -0.200000
v 0.000000 0.350000 -0.200000
v 0.000000 0.250000 -0.200000
v 0.000000 0.150000 -0.200000
v 0.000000 0.050000 -0.200000
v 0.000000 -0.050000 -0.200000
v 0.000000 -0.150000 -0.200000
v 0.000000 -0.250000 -0.200000
v 0.000000 -0.350000 -0.200000
v 0.100000 0.350000 -0.200000
v 0.100000 0.250000 -0.200000
v 0.100000 0.150000 -0.200000
v 0.100000 0.050000 -0.200000
v 0.100000 -0.050000 -0.200000
v 0.100000 -0.150000 -0.200000
v 0.100000 -0.250000 -0.200000
v 0.100000 -0.350000 -0.200000
v 0.200000 0.350000 -0.200000
v 0.200000 0.250000 -0.200000
v 0.200000 0.150000 -0.200000
v 0.200000 0.050000 -0.200000
v 0.200000 -0.050000 -0.200000
v 0.200000 -0.150000 -0.200000
v 0.200000 -0.250000 -0.200000
v 0.200000 -0.350000 -0.200000
v -0.200000 -0.350000 -0.100000
v -0.200000 -0.250000 -0.100000
v -0.200000 -0.150000 -0.100000
v -0.200000 -0.050000 -0.100000
v -0.200000 0.050000 -0.100000
v -0.200000 0.150000 -0.100000
v -0.200000 0.250000 -0.100000
v -0.200000 0.350000 -0.100000
v -0.200000 -0.350000 0.000000
v -0.200000 -0.250000 0.000000
v -0.200000 -0.150000 0.000000
v -0.200000 -0.050000 0.000000
v -0.200000 0.050000 0.000000
v -0.200000 0.150000 0.000000
v -0.200000 0.250000 0.000000
v -0.200000 0.350000 0.000000
v -0.200000 -0.350000 0.100000
v -0.200000 -0.250000 0.100000
v -0.200000 -0.150000 0.100000
v -0.200000 -0.050000 0.100000
v -0.200000 0.050000 0.100000
v -0.200000 0.150000 0.100000
v -0.200000 0.250000 0.100000
v -0.200000 0.350000 0.100000
v 0.200000 -0.350000 0.100000
v 0.200000 -0.250000 0.100000
v 0.200000 -0.150000 0.100000
v 0.200000 -0.050000 0.100000
v 0.200000 0.050000 0.100000
v 0.200000 0.150000 0.100000
v 0.200000 0.250000 0.100000
v 0.200000 0.350000 0.100000
v 0.200000 -0.350000 0.000000
v 0.200000 -0.250000 0.000000
v 0.200000 -0.150000 0.000000
v 0.200000 -0.050000 0.000000
v 0.200000 0.050000 0.000000
v 0.200000 0.150000 0.000000
v 0.200000 0.250000 0.000000
v 0.200000 0.350000 0.000000
v 0.200000 -0.350000 -0.100000
v 0.200000 -0.250000 -0.100000
v 0.200000 -0.150000 -0.100000
v 0.200000 -0.050000 -0.100000
v 0.200000 0.050000 -0.100000
v 0.200000 0.150000 -0.100000
v 0.200000 0.250000 -0.100000
v 0.200000 0.350000 -0.100000
v -0.175000 0.085000 0.000000
v -0.175000 0.073612 0.042500
v -0.175000 0.042500 0.073612
v -0.175000 0.000000 0.085000
v -0.175000 -0.042500 0.073612
v -0.175000 -0.073612 0.042500
v -0.175000 -0.085000 0.000000
v -0.175000 -0.073612 -0.042500
v -0.175000 -0.042500 -0.073612
v -0.175000 0.000000 -0.085000
v -0.175000 0.042500 -0.073612
v -0.175000 0.073612 -0.042500
v -0.175000 0.085000 0.000000
v -0.087500 0.085000 0.000000
v -0.087500 0.073612 0.042500
v -0.087500 0.042500 0.073612
v -0.087500 0.000000 0.085000
v -0.087500 -0.042500 0.073612
v -0.087500 -0.073612 0.042500
v -0.087500 -0.085000 0.000000
v -0.087500 -0.073612 -0.042500
v -0.087500 -0.042500 -0.073612
v -0.087500 0.000000 -0.085000
v -0.087500 0.042500 -0.073612
v -0.087500 0.073612 -0.042500
v -0.087500 0.085000 0.000000
v 0.000000 0.085000 0.000000
v 0.000000 0.073612 0.042500
v 0.000000 0.042500 0.073612
v 0.000000 0.000000 0.085000
v 0.000000 -0.042500 0.073612
v 0.000000 -0.073612 0.042500
v 0.000000 -0.085000 0.000000
v 0.000000 -0.073612 -0.042500
v 0.000000 -0.042500 -0.073612
v 0.000000 0.000000 -0.085000
v 0.000000 0.042500 -0.073612
v 0.000000 0.073612 -0.042500
v 0.000000 0.085000 0.000000
v 0.087500 0.085000 0.000000
v 0.087500 0.073612 0.042500
v 0.087500 0.042500 0.073612
v 0.087500 0.000000 0.085000
v 0.087500 -0.042500 0.073612
v 0.087500 -0.073612 0.042500
v 0.087500 -0.085000 0.000000
v 0.087500 -0.073612 -0.042500
v 0.087500 -0.042500 -0.073612
v 0.087500 0.000000 -0.085000
v 0.087500 0.042500 -0.073612
v 0.087500 0.073612 -0.042500
v 0.087500 0.085000 0.000000
v 0.175000 0.085000 0.000000
v 0.175000 0.073612 0.042500
v 0.175000 0.042500 0.073612
v 0.175000 0.000000 0.085000
v 0.175000 -0.042500 0.073612
v 0.175000 -0.073612 0.042500
v 0.175000 -0.085000 0.000000
v 0.175000 -0.073612 -0.042500
v 0.175000 -0.042500 -0.073612
v 0.175000 0.000000 -0.085000
v 0.175000 0.042500 -0.073612
v 0.175000 0.073612 -0.042500
v 0.175000 0.085000 0.000000
v -0.175000 0.000000 0.000000
v 0.175000 0.000000 0.000000
v -0.175000 0.085000 0.000000
v -0.175000 0.073612 0.042500
v -0.175000 0.042500 0.073612
v -0.175000 0.000000 0.085000
v -0.175000 -0.042500 0.073612
v -0.175000 -0.073612 0.042500
v -0.175000 -0.085000 0.000000
v -0.175000 -0.073612 -0.042500
v -0.175000 -0.042500 -0.073612
v -0.175000 0.000000 -0.085000
v -0.175000 0.042500 -0.073612
v -0.175000 0.073612 -0.042500
v -0.175000 0.085000 0.000000
v -0.087500 0.085000 0.000000
v -0.087500 0.073612 0.042500
v -0.087500 0.042500 0.073612
v -0.087500 0.000000 0.085000
v -0.087500 -0.042500 0.073612
v -0.087500 -0.073612 0.042500
v -0.087500 -0.085000 0.000000
v -0.087500 -0.073612 -0.042500
v -0.087500 -0.042500 -0.073612
v -0.087500 0.000000 -0.085000
v -0.087500 0.042500 -0.073612
v -0.087500 0.073612 -0.042500
v -0.087500 0.085000 0.000000
v 0.000000 0.085000 0.000000
v 0.000000 0.073612 0.042500
v 0.000000 0.042500 0.073612
v 0.000000 0.000000 0.085000
v 0.000000 -0.042500 0.073612
v 0.000000 -0.073612 0.042500
v 0.000000 -0.085000 0.000000
v 0.000000 -0.073612 -0.042500
v 0.000000 -0.042500 -0.073612
v 0.000000 0.000000 -0.085000
v 0.000000 0.042500 -0.073612
v 0.000000 0.073612 -0.042500
v 0.000000 0.085000 0.000000
v 0.087500 0.085000 0.000000
v 0.087500 0.073612 0.042500
v 0.087500 0.042500 0.073612
v 0.087500 0.000000 0.085000
v 0.087500 -0.042500 0.073612
v 0.087500 -0.073612 0.042500
v 0.087500 -0.085000 0.000000
v 0.087500 -0.073612 -0.042500
v 0.087500 -0.042500 -0.073612
v 0.087500 0.000000 -0.085000
v 0.087500 0.042500 -0.073612
v 0.087500 0.073612 -0.042500
v 0.087500 0.085000 0.000000
v 0.175000 0.085000 0.000000
v 0.175000 0.073612 0.042500
v 0.175000 0.042500 0.073612
v 0.175000 0.000000 0.085000
v 0.175000 -0.042500 0.073612
v 0.175000 -0.073612 0.042500
v 0.175000 -0.085000 0.000000
v 0.175000 -0.073612 -0.042500
v 0.175000 -0.042500 -0.073612
v 0.175000 0.000000 -0.085000
v 0.175000 0.042500 -0.073612
v 0.175000 0.073612 -0.042500
v 0.175000 0.085000 0.000000
v -0.175000 0.000000 0.000000
v 0.175000 0.000000 0.000000
v -0.175000 0.085000 0.000000
v -0.175000 0.073612 0.042500
v -0.175000 0.042500 0.073612
v -0.175000 0.000000 0.085000
v -0.175000 -0.042500 0.073612
v -0.175000 -0.073612 0.042500
v -0.175000 -0.085000 0.000000
v -0.175000 -0.073612 -0.042500
v -0.175000 -0.042500 -0.073612
v -0.175000 0.000000 -0.085000
v -0.175000 0.042500 -0.073612
v -0.175000 0.073612 -0.042500
v -0.175000 0.085000 0.000000
v -0.087500 0.085000 0.000000
v -0.087500 0.073612 0.042500
v -0.087500 0.042500 0.073612
v -0.087500 0.000000 0.085000
v -0.087500 -0.042500 0.073612
v -0.087500 -0.073612 0.042500
v -0.087500 -0.085000 0.000000
v -0.087500 -0.073612 -0.042500
v -0.087500 -0.042500 -0.073612
v -0.087500 0.000000 -0.085000
v -0.087500 0.042500 -0.073612
v -0.087500 0.073612 -0.042500
v -0.087500 0.085000 0.000000
v 0.000000 0.085000 0.000000
v 0.000000 0.073612 0.042500
v 0.000000 0.042500 0.073612
v 0.000000 0.000000 0.085000
v 0.000000 -0.042500 0.073612
v 0.000000 -0.073612 0.042500
v 0.000000 -0.085000 0.000000
v 0.000000 -0.073612 -0.042500
v 0.000000 -0.042500 -0.073612
v 0.000000 0.000000 -0.085000
v 0.000000 0.042500 -0.073612
v 0.000000 0.073612 -0.042500
v 0.000000 0.085000 0.000000
v 0.087500 0.085000 0.000000
v 0.087500 0.073612 0.042500
v 0.087500 0.042500 0.073612
v 0.087500 0.000000 0.085000
v 0.087500 -0.042500 0.073612
v 0.087500 -0.073612 0.042500
v 0.087500 -0.085000 0.000000
v 0.087500 -0.073612 -0.042500
v 0.087500 -0.042500 -0.073612
v 0.087500 0.000000 -0.085000
v 0.087500 0.042500 -0.073612
v 0.087500 0.073612 -0.042500
v 0.087500 0.085000 0.000000
v 0.175000 0.085000 0.000000
v 0.175000 0.073612 0.042500
v 0.175000 0.042500 0.073612
v 0.175000 0.000000 0.085000
v 0.175000 -0.042500 0.073612
v 0.175000 -0.073612 0.042500
v 0.175000 -0.085000 0.000000
v 0.175000 -0.073612 -0.042500
v 0.175000 -0.042500 -0.073612
v 0.175000 0.000000 -0.085000
v 0.175000 0.042500 -0.073612
v 0.175000 0.073612 -0.042500
v 0.175000 0.085000 0.000000
v -0.175000 0.000000 0.000000
v 0.175000 0.000000 0.000000
v -0.175000 0.085000 0.000000
v -0.175000 0.073612 0.042500
v -0.175000 0.042500 0.073612
v -0.175000 0.000000 0.085000
v -0.175000 -0.042500 0.073612
v -0.175000 -0.073612 0.042500
v -0.175000 -0.085000 0.000000
v -0.175000 -0.073612 -0.042500
v -0.175000 -0.042500 -0.073612
v -0.175000 0.000000 -0.085000
v -0.175000 0.042500 -0.073612
v -0.175000 0.073612 -0.042500
v -0.175000 0.085000 0.000000
v -0.087500 0.085000 0.000000
v -0.087500 0.073612 0.042500
v -0.087500 0.042500 0.073612
v -0.087500 0.000000 0.085000
v -0.087500 -0.042500 0.073612
v -0.087500 -0.073612 0.042500
v -0.087500 -0.085000 0.000000
v -0.087500 -0.073612 -0.042500
v -0.087500 -0.042500 -0.073612
v -0.087500 0.000000 -0.085000
v -0.087500 0.042500 -0.073612
v -0.087500 0.073612 -0.042500
v -0.087500 0.085000 0.000000
v 0.000000 0.085000 0.000000
v 0.000000 0.073612 0.042500
v 0.000000 0.042500 0.073612
v 0.000000 0.000000 0.085000
v 0.000000 -0.042500 0.073612
v 0.000000 -0.073612 0.042500
v 0.000000 -0.085000 0.000000
v 0.000000 -0.073612 -0.042500
v 0.000000 -0.042500 -0.073612
v 0.000000 0.000000 -0.085000
v 0.000000 0.042500 -0.073612
v 0.000000 0.073612 -0.042500
v 0.000000 0.085000 0.000000
v 0.087500 0.085000 0.000000
v 0.087500 0.073612 0.042500
v 0.087500 0.042500 0.073612
v 0.087500 0.000000 0.085000
v 0.087500 -0.042500 0.073612
v 0.087500 -0.073612 0.042500
v 0.087500 -0.085000 0.000000
v 0.087500 -0.073612 -0.042500
v 0.087500 -0.042500 -0.073612
v 0.087500 0.000000 -0.085000
v 0.087500 0.042500 -0.073612
v 0.087500 0.073612 -0.042500
v 0.087500 0.085000 0.000000
v 0.175000 0.085000 0.000000
v 0.175000 0.073612 0.042500
v 0.175000 0.042500 0.073612
v 0.175000 0.000000 0.085000
v 0.175000 -0.042500 0.073612
v 0.175000 -0.073612 0.042500
v 0.175000 -0.085000 0.000000
v 0.175000 -0.073612 -0.042500
v 0.175000 -0.042500 -0.073612
v 0.175000 0.000000 -0.085000
v 0.175000 0.042500 -0.073612
v 0.175000 0.073612 -0.042500
v 0.175000 0.085000 0.000000
v -0.175000 0.000000 0.000000
v 0.175000 0.000000 0.000000
v -0.110000 0.060000 0.000000
v -0.110000 0.051962 0.030000
v -0.110000 0.030000 0.051962
v -0.110000 0.000000 0.060000
v -0.110000 -0.030000 0.051962
v -0.110000 -0.051962 0.030000
v -0.110000 -0.060000 0.000000
v -0.110000 -0.051962 -0.030000
v -0.110000 -0.030000 -0.051962
v -0.110000 0.000000 -0.060000
v -0.110000 0.030000 -0.051962
v -0.110000 0.051962 -0.030000
v -0.110000 0.060000 0.000000
v -0.036667 0.060000 0.000000
v -0.036667 0.051962 0.030000
v -0.036667 0.030000 0.051962
v -0.036667 0.000000 0.060000
v -0.036667 -0.030000 0.051962
v -0.036667 -0.051962 0.030000
v -0.036667 -0.060000 0.000000
v -0.036667 -0.051962 -0.030000
v -0.036667 -0.030000 -0.051962
v -0.036667 0.000000 -0.060000
v -0.036667 0.030000 -0.051962
v -0.036667 0.051962 -0.030000
v -0.036667 0.060000 0.000000
v 0.036667 0.060000 0.000000
v 0.036667 0.051962 0.030000
v 0.036667 0.030000 0.051962
v 0.036667 0.000000 0.060000
v 0.036667 -0.030000 0.051962
v 0.036667 -0.051962 0.030000
v 0.036667 -0.060000 0.000000
v 0.036667 -0.051962 -0.030000
v 0.036667 -0.030000 -0.051962
v 0.036667 0.000000 -0.060000
v 0.036667 0.030000 -0.051962
v 0.036667 0.051962 -0.030000
v 0.036667 0.060000 0.000000
v 0.110000 0.060000 0.000000
v 0.110000 0.051962 0.030000
v 0.110000 0.030000 0.051962
v 0.110000 0.000000 0.060000
v 0.110000 -0.030000 0.051962
v 0.110000 -0.051962 0.030000
v 0.110000 -0.060000 0.000000
v 0.110000 -0.051962 -0.030000
v 0.110000 -0.030000 -0.051962
v 0.110000 0.000000 -0.060000
v 0.110000 0.030000 -0.051962
v 0.110000 0.051962 -0.030000
v 0.110000 0.060000 0.000000
v -0.110000 0.000000 0.000000
v 0.110000 0.000000 0.000000
v -0.110000 0.060000 0.000000
v -0.110000 0.051962 0.030000
v -0.110000 0.030000 0.051962
v -0.110000 0.000000 0.060000
v -0.110000 -0.030000 0.051962
v -0.110000 -0.051962 0.030000
v -0.110000 -0.060000 0.000000
v -0.110000 -0.051962 -0.030000
v -0.110000 -0.030000 -0.051962
v -0.110000 0.000000 -0.060000
v -0.110000 0.030000 -0.051962
v -0.110000 0.051962 -0.030000
v -0.110000 0.060000 0.000000
v -0.036667 0.060000 0.000000
v -0.036667 0.051962 0.030000
v -0.036667 0.030000 0.051962
v -0.036667 0.000000 0.060000
v -0.036667 -0.030000 0.051962
v -0.036667 -0.051962 0.030000
v -0.036667 -0.060000 0.000000
v -0.036667 -0.051962 -0.030000
v -0.036667 -0.030000 -0.051962
v -0.036667 0.000000 -0.060000
v -0.036667 0.030000 -0.051962
v -0.036667 0.051962 -0.030000
v -0.036667 0.060000 0.000000
v 0.036667 0.060000 0.000000
v 0.036667 0.051962 0.030000
v 0.036667 0.030000 0.051962
v 0.036667 0.000000 0.060000
v 0.036667 -0.030000 0.051962
v 0.036667 -0.051962 0.030000
v 0.036667 -0.060000 0.000000
v 0.036667 -0.051962 -0.030000
v 0.036667 -0.030000 -0.051962
v 0.036667 0.000000 -0.060000
v 0.036667 0.030000 -0.051962
v 0.036667 0.051962 -0.030000
v 0.036667 0.060000 0.000000
v 0.110000 0.060000 0.000000
v 0.110000 0.051962 0.030000
v 0.110000 0.030000 0.051962
v 0.110000 0.000000 0.060000
v 0.110000 -0.030000 0.051962
v 0.110000 -0.051962 0.030000
v 0.110000 -0.060000 0.000000
v 0.110000 -0.051962 -0.030000
v 0.110000 -0.030000 -0.051962
v 0.110000 0.000000 -0.060000
v 0.110000 0.030000 -0.051962
v 0.110000 0.051962 -0.030000
v 0.110000 0.060000 0.000000
v -0.110000 0.000000 0.000000
v 0.110000 0.000000 0.000000
v -0.110000 0.060000 0.000000
v -0.110000 0.051962 0.030000
v -0.110000 0.030000 0.051962
v -0.110000 0.000000 0.060000
v -0.110000 -0.030000 0.051962
v -0.110000 -0.051962 0.030000
v -0.110000 -0.060000 0.000000
v -0.110000 -0.051962 -0.030000
v -0.110000 -0.030000 -0.051962
v -0.110000 0.000000 -0.060000
v -0.110000 0.030000 -0.051962
v -0.110000 0.051962 -0.030000
v -0.110000 0.060000 0.000000
v -0.036667 0.060000 0.000000
v -0.036667 0.051962 0.030000
v -0.036667 0.030000 0.051962
v -0.036667 0.000000 0.060000
v -0.036667 -0.030000 0.051962
v -0.036667 -0.051962 0.030000
v -0.036667 -0.060000 0.000000
v -0.036667 -0.051962 -0.030000
v -0.036667 -0.030000 -0.051962
v -0.036667 0.000000 -0.060000
v -0.036667 0.030000 -0.051962
v -0.036667 0.051962 -0.030000
v -0.036667 0.060000 0.000000
v 0.036667 0.060000 0.000000
v 0.036667 0.051962 0.030000
v 0.036667 0.030000 0.051962
v 0.036667 0.000000 0.060000
v 0.036667 -0.030000 0.051962
v 0.036667 -0.051962 0.030000
v 0.036667 -0.060000 0.000000
v 0.036667 -0.051962 -0.030000
v 0.036667 -0.030000 -0.051962
v 0.036667 0.000000 -0.060000
v 0.036667 0.030000 -0.051962
v 0.036667 0.051962 -0.030000
v 0.036667 0.060000 0.000000
v 0.110000 0.060000 0.000000
v 0.110000 0.051962 0.030000
v 0.110000 0.030000 0.051962
v 0.110000 0.000000 0.060000
v 0.110000 -0.030000 0.051962
v 0.110000 -0.051962 0.030000
v 0.110000 -0.060000 0.000000
v 0.110000 -0.051962 -0.030000
v 0.110000 -0.030000 -0.051962
v 0.110000 0.000000 -0.060000
v 0.110000 0.030000 -0.051962
v 0.110000 0.051962 -0.030000
v 0.110000 0.060000 0.000000
v -0.110000 0.000000 0.000000
v 0.110000 0.000000 0.000000
v -0.110000 0.060000 0.000000
v -0.110000 0.051962 0.030000
v -0.110000 0.030000 0.051962
v -0.110000 0.000000 0.060000
v -0.110000 -0.030000 0.051962
v -0.110000 -0.051962 0.030000
v -0.110000 -0.060000 0.000000
v -0.110000 -0.051962 -0.030000
v -0.110000 -0.030000 -0.051962
v -0.110000 0.000000 -0.060000
v -0.110000 0.030000 -0.051962
v -0.110000 0.051962 -0.030000
v -0.110000 0.060000 0.000000
v -0.036667 0.060000 0.000000
v -0.036667 0.051962 0.030000
v -0.036667 0.030000 0.051962
v -0.036667 0.000000 0.060000
v -0.036667 -0.030000 0.051962
v -0.036667 -0.051962 0.030000
v -0.036667 -0.060000 0.000000
v -0.036667 -0.051962 -0.030000
v -0.036667 -0.030000 -0.051962
v -0.036667 0.000000 -0.060000
v -0.036667 0.030000 -0.051962
v -0.036667 0.051962 -0.030000
v -0.036667 0.060000 0.000000
v 0.036667 0.060000 0.000000
v 0.036667 0.051962 0.030000
v 0.036667 0.030000 0.051962
v 0.036667 0.000000 0.060000
v 0.036667 -0.030000 0.051962
v 0.036667 -0.051962 0.030000
v 0.036667 -0.060000 0.000000
v 0.036667 -0.051962 -0.030000
v 0.036667 -0.030000 -0.051962
v 0.036667 0.000000 -0.060000
v 0.036667 0.030000 -0.051962
v 0.036667 0.051962 -0.030000
v 0.036667 0.060000 0.000000
v 0.110000 0.060000 0.000000
v 0.110000 0.051962 0.030000
v 0.110000 0.030000 0.051962
v 0.110000 0.000000 0.060000
v 0.110000 -0.030000 0.051962
v 0.110000 -0.051962 0.030000
v 0.110000 -0.060000 0.000000
v 0.110000 -0.051962 -0.030000
v 0.110000 -0.030000 -0.051962
v 0.110000 0.000000 -0.060000
v 0.110000 0.030000 -0.051962
v 0.110000 0.051962 -0.030000
v 0.110000 0.060000 0.000000
v -0.110000 0.000000 0.000000
v 0.110000 0.000000 0.000000
v -0.120000 -0.200000 -0.125000
v -0.120000 -0.200000 -0.041667
v -0.120000 -0.200000 0.041667
v -0.120000 -0.200000 0.125000
v -0.040000 -0.200000 -0.125000
v -0.040000 -0.200000 -0.041667
v -0.040000 -0.200000 0.041667
v -0.040000 -0.200000 0.125000
v 0.040000 -0.200000 -0.125000
v 0.040000 -0.200000 -0.041667
v 0.040000 -0.200000 0.041667
v 0.040000 -0.200000 0.125000
v 0.120000 -0.200000 -0.125000
v 0.120000 -0.200000 -0.041667
v 0.120000 -0.200000 0.041667
v 0.120000 -0.200000 0.125000
v -0.120000 0.200000 0.125000
v -0.120000 0.200000 0.041667
v -0.120000 0.200000 -0.041667
v -0.120000 0.200000 -0.125000
v -0.040000 0.200000 0.125000
v -0.040000 0.200000 0.041667
v -0.040000 0.200000 -0.041667
v -0.040000 0.200000 -0.125000
v 0.040000 0.200000 0.125000
v 0.040000 0.200000 0.041667
v 0.040000 0.200000 -0.041667
v 0.040000 0.200000 -0.125000
v 0.120000 0.200000 0.125000
v 0.120000 0.200000 0.041667
v 0.120000 0.200000 -0.041667
v 0.120000 0.200000 -0.125000
v -0.120000 -0.100000 0.125000
v -0.120000 0.000000 0.125000
v -0.120000 0.100000 0.125000
v -0.040000 -0.100000 0.125000
v -0.040000 0.000000 0.125000
v -0.040000 0.100000 0.125000
v 0.040000 -0.100000 0.125000
v 0.040000 0.000000 0.125000
v 0.040000 0.100000 0.125000
v 0.120000 -0.100000 0.125000
v 0.120000 0.000000 0.125000
v 0.120000 0.100000 0.125000
v -0.120000 0.100000 -0.125000
v -0.120000 0.000000 -0.125000
v -0.120000 -0.100000 -0.125000
v -0.040000 0.100000 -0.125000
v -0.040000 0.000000 -0.125000
v -0.040000 -0.100000 -0.125000
v 0.040000 0.100000 -0.125000
v 0.040000 0.000000 -0.125000
v 0.040000 -0.100000 -0.125000
v 0.120000 0.100000 -0.125000
v 0.120000 0.000000 -0.125000
v 0.120000 -0.100000 -0.125000
v -0.120000 -0.100000 -0.041667
v -0.120000 0.000000 -0.041667
v -0.120000 0.100000 -0.041667
v -0.120000 -0.100000 0.041667
v -0.120000 0.000000 0.041667
v -0.120000 0.100000 0.041667
v 0.120000 -0.100000 0.041667
v 0.120000 0.000000 0.041667
v 0.120000 0.100000 0.041667
v 0.120000 -0.100000 -0.041667
v 0.120000 0.000000 -0.041667
v 0.120000 0.100000 -0.041667
v -0.045000 -0.160000 -0.110000
v -0.045000 -0.160000 -0.036667
v -0.045000 -0.160000 0.036667
v -0.045000 -0.160000 0.110000
v 0.045000 -0.160000 -0.110000
v 0.045000 -0.160000 -0.036667
v 0.045000 -0.160000 0.036667
v 0.045000 -0.160000 0.110000
v -0.045000 0.160000 0.110000
v -0.045000 0.160000 0.036667
v -0.045000 0.160000 -0.036667
v -0.045000 0.160000 -0.110000
v 0.045000 0.160000 0.110000
v 0.045000 0.160000 0.036667
v 0.045000 0.160000 -0.036667
v 0.045000 0.160000 -0.110000
v -0.045000 -0.080000 0.110000
v -0.045000 0.000000 0.110000
v -0.045000 0.080000 0.110000
v 0.045000 -0.080000 0.110000
v 0.045000 0.000000 0.110000
v 0.045000 0.080000 0.110000
v -0.045000 0.080000 -0.110000
v -0.045000 0.000000 -0.110000
v -0.045000 -0.080000 -0.110000
v 0.045000 0.080000 -0.110000
v 0.045000 0.000000 -0.110000
v 0.045000 -0.080000 -0.110000
v -0.045000 -0.080000 -0.036667
v -0.045000 0.000000 -0.036667
v -0.045000 0.080000 -0.036667
v -0.045000 -0.080000 0.036667
v -0.045000 0.000000 0.036667
v -0.045000 0.080000 0.036667
v 0.045000 -0.080000 0.036667
v 0.045000 0.000000 0.036667
v 0.045000 0.080000 0.036667
v 0.045000 -0.080000 -0.036667
v 0.045000 0.000000 -0.036667
v 0.045000 0.080000 -0.036667
v -0.095000 -0.175000 -0.105000
v -0.095000 -0.175000 -0.035000
v -0.095000 -0.175000 0.035000
v -0.095000 -0.175000 0.105000
v 0.000000 -0.175000 -0.105000
v 0.000000 -0.175000 -0.035000
v 0.000000 -0.175000 0.035000
v 0.000000 -0.175000 0.105000
v 0.095000 -0.175000 -0.105000
v 0.095000 -0.175000 -0.035000
v 0.095000 -0.175000 0.035000
v 0.095000 -0.175000 0.105000
v -0.095000 0.175000 0.105000
v -0.095000 0.175000 0.035000
v -0.095000 0.175000 -0.035000
v -0.095000 0.175000 -0.105000
v 0.000000 0.175000 0.105000
v 0.000000 0.175000 0.035000
v 0.000000 0.175000 -0.035000
v 0.000000 0.175000 -0.105000
v 0.095000 0.175000 0.105000
v 0.095000 0.175000 0.035000
v 0.095000 0.175000 -0.035000
v 0.095000 0.175000 -0.105000
v -0.095000 -0.087500 0.105000
v -0.095000 0.000000 0.105000
v -0.095000 0.087500 0.105000
v 0.000000 -0.087500 0.105000
v 0.000000 0.000000 0.105000
v 0.000000 0.087500 0.105000
v 0.095000 -0.087500 0.105000
v 0.095000 0.000000 0.105000
v 0.095000 0.087500 0.105000
v -0.095000 0.087500 -0.105000
v -0.095000 0.000000 -0.105000
v -0.095000 -0.087500 -0.105000
v 0.000000 0.087500 -0.105000
v 0.000000 0.000000 -0.105000
v 0.000000 -0.087500 -0.105000
v 0.095000 0.087500 -0.105000
v 0.095000 0.000000 -0.105000
v 0.095000 -0.087500 -0.105000
v -0.095000 -0.087500 -0.035000
v -0.095000 0.000000 -0.035000
v -0.095000 0.087500 -0.035000
v -0.095000 -0.087500 0.035000
v -0.095000 0.000000 0.035000
v -0.095000 0.087500 0.035000
v 0.095000 -0.087500 0.035000
v 0.095000 0.000000 0.035000
v 0.095000 0.087500 0.035000
v 0.095000 -0.087500 -0.035000
v 0.095000 0.000000 -0.035000
v 0.095000 0.087500 -0.035000
v -0.400000 -2.500000 -0.555000
v -0.400000 -2.500000 -0.545000
v -0.300000 -2.500000 -0.555000
v -0.300000 -2.500000 -0.545000
v -0.200000 -2.500000 -0.555000
v -0.200000 -2.500000 -0.545000
v -0.100000 -2.500000 -0.555000
v -0.100000 -2.500000 -0.545000
v 0.000000 -2.500000 -0.555000
v 0.000000 -2.500000 -0.545000
v 0.100000 -2.500000 -0.555000
v 0.100000 -2.500000 -0.545000
v 0.200000 -2.500000 -0.555000
v 0.200000 -2.500000 -0.545000
v 0.300000 -2.500000 -0.555000
v 0.300000 -2.500000 -0.545000
v 0.400000 -2.500000 -0.555000
v 0.400000 -2.500000 -0.545000
v -0.400000 2.500000 -0.545000
v -0.400000 2.500000 -0.555000
v -0.300000 2.500000 -0.545000
v -0.300000 2.500000 -0.555000
v -0.200000 2.500000 -0.545000
v -0.200000 2.500000 -0.555000
v -0.100000 2.500000 -0.545000
v -0.100000 2.500000 -0.555000
v 0.000000 2.500000 -0.545000
v 0.000000 2.500000 -0.555000
v 0.100000 2.500000 -0.545000
v 0.100000 2.500000 -0.555000
v 0.200000 2.500000 -0.545000
v 0.200000 2.500000 -0.555000
v 0.300000 2.500000 -0.545000
v 0.300000 2.500000 -0.555000
v 0.400000 2.500000 -0.545000
v 0.400000 2.500000 -0.555000
v -0.400000 -2.400000 -0.545000
v -0.400000 -2.300000 -0.545000
v -0.400000 -2.200000 -0.545000
v -0.400000 -2.100000 -0.545000
v -0.400000 -2.000000 -0.545000
v -0.400000 -1.900000 -0.545000
v -0.400000 -1.800000 -0.545000
v -0.400000 -1.700000 -0.545000
v -0.400000 -1.600000 -0.545000
v -0.400000 -1.500000 -0.545000
v -0.400000 -1.400000 -0.545000
v -0.400000 -1.300000 -0.545000
v -0.400000 -1.200000 -0.545000
v -0.400000 -1.100000 -0.545000
v -0.400000 -1.000000 -0.545000
v -0.400000 -0.900000 -0.545000
v -0.400000 -0.800000 -0.545000
v -0.400000 -0.700000 -0.545000
v -0.400000 -0.600000 -0.545000
v -0.400000 -0.500000 -0.545000
v -0.400000 -0.400000 -0.545000
v -0.400000 -0.300000 -0.545000
v -0.400000 -0.200000 -0.545000
v -0.400000 -0.100000 -0.545000
v -0.400000 0.000000 -0.545000
v -0.400000 0.100000 -0.545000
v -0.400000 0.200000 -0.545000
v -0.400000 0.300000 -0.545000
v -0.400000 0.400000 -0.545000
v -0.400000 0.500000 -0.545000
v -0.400000 0.600000 -0.545000
v -0.400000 0.700000 -0.545000
v -0.400000 0.800000 -0.545000
v -0.400000 0.900000 -0.545000
v -0.400000 1.000000 -0.545000
v -0.400000 1.100000 -0.545000
v -0.400000 1.200000 -0.545000
v -0.400000 1.300000 -0.545000
v -0.400000 1.400000 -0.545000
v -0.400000 1.500000 -0.545000
v -0.400000 1.600000 -0.545000
v -0.400000 1.700000 -0.545000
v -0.400000 1.800000 -0.545000
v -0.400000 1.900000 -0.545000
v -0.400000 2.000000 -0.545000
v -0.400000 2.100000 -0.545000
v -0.400000 2.200000 -0.545000
v -0.400000 2.300000 -0.545000
v -0.400000 2.400000 -0.545000
v -0.300000 -2.400000 -0.545000
v -0.300000 -2.300000 -0.545000
v -0.300000 -2.200000 -0.545000
v -0.300000 -2.100000 -0.545000
v -0.300000 -2.000000 -0.545000
v -0.300000 -1.900000 -0.545000
v -0.300000 -1.800000 -0.545000
v -0.300000 -1.700000 -0.545000
v -0.300000 -1.600000 -0.545000
v -0.300000 -1.500000 -0.545000
v -0.300000 -1.400000 -0.545000
v -0.300000 -1.300000 -0.545000
v -0.300000 -1.200000 -0.545000
v -0.300000 -1.100000 -0.545000
v -0.300000 -1.000000 -0.545000
v -0.300000 -0.900000 -0.545000
v -0.300000 -0.800000 -0.545000
v -0.300000 -0.700000 -0.545000
v -0.300000 -0.600000 -0.545000
v -0.300000 -0.500000 -0.545000
v -0.300000 -0.400000 -0.545000
v -0.300000 -0.300000 -0.545000
v -0.300000 -0.200000 -0.545000
v -0.300000 -0.100000 -0.545000
v -0.300000 0.000000 -0.545000
v -0.300000 0.100000 -0.545000
v -0.300000 0.200000 -0.545000
v -0.300000 0.300000 -0.545000
v -0.300000 0.400000 -0.545000
v -0.300000 0.500000 -0.545000
v -0.300000 0.600000 -0.545000
v -0.300000 0.700000 -0.545000
v -0.300000 0.800000 -0.545000
v -0.300000 0.900000 -0.545000
v -0.300000 1.000000 -0.545000
v -0.300000 1.100000 -0.545000
v -0.300000 1.200000 -0.545000
v -0.300000 1.300000 -0.545000
v -0.300000 1.400000 -0.545000
v -0.300000 1.500000 -0.545000
v -0.300000 1.600000 -0.545000
v -0.300000 1.700000 -0.545000
v -0.300000 1.800000 -0.545000
v -0.300000 1.900000 -0.545000
v -0.300000 2.000000 -0.545000
v -0.300000 2.100000 -0.545000
v -0.300000 2.200000 -0.545000
v -0.300000 2.300000 -0.545000
v -0.300000 2.400000 -0.545000
v -0.200000 -2.400000 -0.545000
v -0.200000 -2.300000 -0.545000
v -0.200000 -2.200000 -0.545000
v -0.200000 -2.100000 -0.545000
v -0.200000 -2.000000 -0.545000
v -0.200000 -1.900000 -0.545000
v -0.200000 -1.800000 -0.545000
v -0.200000 -1.700000 -0.545000
v -0.200000 -1.600000 -0.545000
v -0.200000 -1.500000 -0.545000
v -0.200000 -1.400000 -0.545000
v -0.200000 -1.300000 -0.545000
v -0.200000 -1.200000 -0.545000
v -0.200000 -1.100000 -0.545000
v -0.200000 -1.000000 -0.545000
v -0.200000 -0.900000 -0.545000
v -0.200000 -0.800000 -0.545000
v -0.200000 -0.700000 -0.545000
v -0.200000 -0.600000 -0.545000
v -0.200000 -0.500000 -0.545000
v -0.200000 -0.400000 -0.545000
v -0.200000 -0.300000 -0.545000
v -0.200000 -0.200000 -0.545000
v -0.200000 -0.100000 -0.545000
v -0.200000 0.000000 -0.545000
v -0.200000 0.100000 -0.545000
v -0.200000 0.200000 -0.545000
v -0.200000 0.300000 -0.545000
v -0.200000 0.400000 -0.545000
v -0.200000 0.500000 -0.545000
v -0.200000 0.600000 -0.545000
v -0.200000 0.700000 -0.545000
v -0.200000 0.800000 -0.545000
v -0.200000 0.900000 -0.545000
v -0.200000 1.000000 -0.545000
v -0.200000 1.100000 -0.545000
v -0.200000 1.200000 -0.545000
v -0.200000 1.300000 -0.545000
v -0.200000 1.400000 -0.545000
v -0.200000 1.500000 -0.545000
v -0.200000 1.600000 -0.545000
v -0.200000 1.700000 -0.545000
v -0.200000 1.800000 -0.545000
v -0.200000 1.900000 -0.545000
v -0.200000 2.000000 -0.545000
v -0.200000 2.100000 -0.545000
v -0.200000 2.200000 -0.545000
v -0.200000 2.300000 -0.545000
v -0.200000 2.400000 -0.545000
v -0.100000 -2.400000 -0.545000
v -0.100000 -2.300000 -0.545000
v -0.100000 -2.200000 -0.545000
v -0.100000 -2.100000 -0.545000
v -0.100000 -2.000000 -0.545000
v -0.100000 -1.900000 -0.545000
v -0.100000 -1.800000 -0.545000
v -0.100000 -1.700000 -0.545000
v -0.100000 -1.600000 -0.545000
v -0.100000 -1.500000 -0.545000
v -0.100000 -1.400000 -0.545000
v -0.100000 -1.300000 -0.545000
v -0.100000 -1.200000 -0.545000
v -0.100000 -1.100000 -0.545000
v -0.100000 -1.000000 -0.545000
v -0.100000 -0.900000 -0.545000
v -0.100000 -0.800000 -0.545000
v -0.100000 -0.700000 -0.545000
v -0.100000 -0.600000 -0.545000
v -0.100000 -0.500000 -0.545000
v -0.100000 -0.400000 -0.545000
v -0.100000 -0.300000 -0.545000
v -0.100000 -0.200000 -0.545000
v -0.100000 -0.100000 -0.545000
v -0.100000 0.000000 -0.545000
v -0.100000 0.100000 -0.545000
v -0.100000 0.200000 -0.545000
v -0.100000 0.300000 -0.545000
v -0.100000 0.400000 -0.545000
v -0.100000 0.500000 -0.545000
v -0.100000 0.600000 -0.545000
v -0.100000 0.700000 -0.545000
v -0.100000 0.800000 -0.545000
v -0.100000 0.900000 -0.545000
v -0.100000 1.000000 -0.545000
v -0.100000 1.100000 -0.545000
v -0.100000 1.200000 -0.545000
v -0.100000 1.300000 -0.545000
v -0.100000 1.400000 -0.545000
v -0.100000 1.500000 -0.545000
v -0.100000 1.600000 -0.545000
v -0.100000 1.700000 -0.545000
v -0.100000 1.800000 -0.545000
v -0.100000 1.900000 -0.545000
v -0.100000 2.000000 -0.545000
v -0.100000 2.100000 -0.545000
v -0.100000 2.200000 -0.545000
v -0.100000 2.300000 -0.545000
v -0.100000 2.400000 -0.545000
v 0.000000 -2.400000 -0.545000
v 0.000000 -2.300000 -0.545000
v 0.000000 -2.200000 -0.545000
v 0.000000 -2.100000 -0.545000
v 0.000000 -2.000000 -0.545000
v 0.000000 -1.900000 -0.545000
v 0.000000 -1.800000 -0.545000
v 0.000000 -1.700000 -0.545000
v 0.000000 -1.600000 -0.545000
v 0.000000 -1.500000 -0.545000
v 0.000000 -1.400000 -0.545000
v 0.000000 -1.300000 -0.545000
v 0.000000 -1.200000 -0.545000
v 0.000000 -1.100000 -0.545000
v 0.000000 -1.000000 -0.545000
v 0.000000 -0.900000 -0.545000
v 0.000000 -0.800000 -0.545000
v 0.000000 -0.700000 -0.545000
v 0.000000 -0.600000 -0.545000
v 0.000000 -0.500000 -0.545000
v 0.000000 -0.400000 -0.545000
v 0.000000 -0.300000 -0.545000
v 0.000000 -0.200000 -0.545000
v 0.000000 -0.100000 -0.545000
v 0.000000 0.000000 -0.545000
v 0.000000 0.100000 -0.545000
v 0.000000 0.200000 -0.545000
v 0.000000 0.300000 -0.545000
v 0.000000 0.400000 -0.545000
v 0.000000 0.500000 -0.545000
v 0.000000 0.600000 -0.545000
v 0.000000 0.700000 -0.545000
v 0.000000 0.800000 -0.545000
v 0.000000 0.900000 -0.545000
v 0.000000 1.000000 -0.545000
v 0.000000 1.100000 -0.545000
v 0.000000 1.200000 -0.545000
v 0.000000 1.300000 -0.545000
v 0.000000 1.400000 -0.545000
v 0.000000 1.500000 -0.545000
v 0.000000 1.600000 -0.545000
v 0.000000 1.700000 -0.545000
v 0.000000 1.800000 -0.545000
v 0.000000 1.900000 -0.545000
v 0.000000 2.000000 -0.545000
v 0.000000 2.100000 -0.545000
v 0.000000 2.200000 -0.545000
v 0.000000 2.300000 -0.545000
v 0.000000 2.400000 -0.545000
v 0.100000 -2.400000 -0.545000
v 0.100000 -2.300000 -0.545000
v 0.100000 -2.200000 -0.545000
v 0.100000 -2.100000 -0.545000
v 0.100000 -2.000000 -0.545000
v 0.100000 -1.900000 -0.545000
v 0.100000 -1.800000 -0.545000
v 0.100000 -1.700000 -0.545000
v 0.100000 -1.600000 -0.545000
v 0.100000 -1.500000 -0.545000
v 0.100000 -1.400000 -0.545000
v 0.100000 -1.300000 -0.545000
v 0.100000 -1.200000 -0.545000
v 0.100000 -1.100000 -0.545000
v 0.100000 -1.000000 -0.545000
v 0.100000 -0.900000 -0.545000
v 0.100000 -0.800000 -0.545000
v 0.100000 -0.700000 -0.545000
v 0.100000 -0.600000 -0.545000
v 0.100000 -0.500000 -0.545000
v 0.100000 -0.400000 -0.545000
v 0.100000 -0.300000 -0.545000
v 0.100000 -0.200000 -0.545000
v 0.100000 -0.100000 -0.545000
v 0.100000 0.000000 -0.545000
v 0.100000 0.100000 -0.545000
v 0.100000 0.200000 -0.545000
v 0.100000 0.300000 -0.545000
v 0.100000 0.400000 -0.545000
v 0.100000 0.500000 -0.545000
v 0.100000 0.600000 -0.545000
v 0.100000 0.700000 -0.545000
v 0.100000 0.800000 -0.545000
v 0.100000 0.900000 -0.545000
v 0.100000 1.000000 -0.545000
v 0.100000 1.100000 -0.545000
v 0.100000 1.200000 -0.545000
v 0.100000 1.300000 -0.545000
v 0.100000 1.400000 -0.545000
v 0.100000 1.500000 -0.545000
v 0.100000 1.600000 -0.545000
v 0.100000 1.700000 -0.545000
v 0.100000 1.800000 -0.545000
v 0.100000 1.900000 -0.545000
v 0.100000 2.000000 -0.545000
v 0.100000 2.100000 -0.545000
v 0.100000 2.200000 -0.545000
v 0.100000 2.300000 -0.545000
v 0.100000 2.400000 -0.545000
v 0.200000 -2.400000 -0.545000
v 0.200000 -2.300000 -0.545000
v 0.200000 -2.200000 -0.545000
v 0.200000 -2.100000 -0.545000
v 0.200000 -2.000000 -0.545000
v 0.200000 -1.900000 -0.545000
v 0.200000 -1.800000 -0.545000
v 0.200000 -1.700000 -0.545000
v 0.200000 -1.600000 -0.545000
v 0.200000 -1.500000 -0.545000
v 0.200000 -1.400000 -0.545000
v 0.200000 -1.300000 -0.545000
v 0.200000 -1.200000 -0.545000
v 0.200000 -1.100000 -0.545000
v 0.200000 -1.000000 -0.545000
v 0.200000 -0.900000 -0.545000
v 0.200000 -0.800000 -0.545000
v 0.200000 -0.700000 -0.545000
v 0.200000 -0.600000 -0.545000
v 0.200000 -0.500000 -0.545000
v 0.200000 -0.400000 -0.545000
v 0.200000 -0.300000 -0.545000
v 0.200000 -0.200000 -0.545000
v 0.200000 -0.100000 -0.545000
v 0.200000 0.000000 -0.545000
v 0.200000 0.100000 -0.545000
v 0.200000 0.200000 -0.545000
v 0.200000 0.300000 -0.545000
v 0.200000 0.400000 -0.545000
v 0.200000 0.500000 -0.545000
v 0.200000 0.600000 -0.545000
v 0.200000 0.700000 -0.545000
v 0.200000 0.800000 -0.545000
v 0.200000 0.900000 -0.545000
v 0.200000 1.000000 -0.545000
v 0.200000 1.100000 -0.545000
v 0.200000 1.200000 -0.545000
v 0.200000 1.300000 -0.545000
v 0.200000 1.400000 -0.545000
v 0.200000 1.500000 -0.545000
v 0.200000 1.600000 -0.545000
v 0.200000 1.700000 -0.545000
v 0.200000 1.800000 -0.545000
v 0.200000 1.900000 -0.545000
v 0.200000 2.000000 -0.545000
v 0.200000 2.100000 -0.545000
v 0.200000 2.200000 -0.545000
v 0.200000 2.300000 -0.545000
v 0.200000 2.400000 -0.545000
v 0.300000 -2.400000 -0.545000
v 0.300000 -2.300000 -0.545000
v 0.300000 -2.200000 -0.545000
v 0.300000 -2.100000 -0.545000
v 0.300000 -2.000000 -0.545000
v 0.300000 -1.900000 -0.545000
v 0.300000 -1.800000 -0.545000
v 0.300000 -1.700000 -0.545000
v 0.300000 -1.600000 -0.545000
v 0.300000 -1.500000 -0.545000
v 0.300000 -1.400000 -0.545000
v 0.300000 -1.300000 -0.545000
v 0.300000 -1.200000 -0.545000
v 0.300000 -1.100000 -0.545000
v 0.300000 -1.000000 -0.545000
v 0.300000 -0.900000 -0.545000
v 0.300000 -0.800000 -0.545000
v 0.300000 -0.700000 -0.545000
v 0.300000 -0.600000 -0.545000
v 0.300000 -0.500000 -0.545000
v 0.300000 -0.400000 -0.545000
v 0.300000 -0.300000 -0.545000
v 0.300000 -0.200000 -0.545000
v 0.300000 -0.100000 -0.545000
v 0.300000 0.000000 -0.545000
v 0.300000 0.100000 -0.545000
v 0.300000 0.200000 -0.545000
v 0.300000 0.300000 -0.545000
v 0.300000 0.400000 -0.545000
v 0.300000 0.500000 -0.545000
v 0.300000 0.600000 -0.545000
v 0.300000 0.700000 -0.545000
v 0.300000 0.800000 -0.545000
v 0.300000 0.900000 -0.545000
v 0.300000 1.000000 -0.545000
v 0.300000 1.100000 -0.545000
v 0.300000 1.200000 -0.545000
v 0.300000 1.300000 -0.545000
v 0.300000 1.400000 -0.545000
v 0.300000 1.500000 -0.545000
v 0.300000 1.600000 -0.545000
v 0.300000 1.700000 -0.545000
v 0.300000 1.800000 -0.545000
v 0.300000 1.900000 -0.545000
v 0.300000 2.000000 -0.545000
v 0.300000 2.100000 -0.545000
v 0.300000 2.200000 -0.545000
v 0.300000 2.300000 -0.545000
v 0.300000 2.400000 -0.545000
v 0.400000 -2.400000 -0.545000
v 0.400000 -2.300000 -0.545000
v 0.400000 -2.200000 -0.545000
v 0.400000 -2.100000 -0.545000
v 0.400000 -2.000000 -0.545000
v 0.400000 -1.900000 -0.545000
v 0.400000 -1.800000 -0.545000
v 0.400000 -1.700000 -0.545000
v 0.400000 -1.600000 -0.545000
v 0.400000 -1.500000 -0.545000
v 0.400000 -1.400000 -0.545000
v 0.400000 -1.300000 -0.545000
v 0.400000 -1.200000 -0.545000
v 0.400000 -1.100000 -0.545000
v 0.400000 -1.000000 -0.545000
v 0.400000 -0.900000 -0.545000
v 0.400000 -0.800000 -0.545000
v 0.400000 -0.700000 -0.545000
v 0.400000 -0.600000 -0.545000
v 0.400000 -0.500000 -0.545000
v 0.400000 -0.400000 -0.545000
v 0.400000 -0.300000 -0.545000
v 0.400000 -0.200000 -0.545000
v 0.400000 -0.100000 -0.545000
v 0.400000 0.000000 -0.545000
v 0.400000 0.100000 -0.545000
v 0.400000 0.200000 -0.545000
v 0.400000 0.300000 -0.545000
v 0.400000 0.400000 -0.545000
v 0.400000 0.500000 -0.545000
v 0.400000 0.600000 -0.545000
v 0.400000 0.700000 -0.545000
v 0.400000 0.800000 -0.545000
v 0.400000 0.900000 -0.545000
v 0.400000 1.000000 -0.545000
v 0.400000 1.100000 -0.545000
v 0.400000 1.200000 -0.545000
v 0.400000 1.300000 -0.545000
v 0.400000 1.400000 -0.545000
v 0.400000 1.500000 -0.545000
v 0.400000 1.600000 -0.545000
v 0.400000 1.700000 -0.545000
v 0.400000 1.800000 -0.545000
v 0.400000 1.900000 -0.545000
v 0.400000 2.000000 -0.545000
v 0.400000 2.100000 -0.545000
v 0.400000 2.200000 -0.545000
v 0.400000 2.300000 -0.545000
v 0.400000 2.400000 -0.545000
v -0.400000 2.400000 -0.555000
v -0.400000 2.300000 -0.555000
v -0.400000 2.200000 -0.555000
v -0.400000 2.100000 -0.555000
v -0.400000 2.000000 -0.555000
v -0.400000 1.900000 -0.555000
v -0.400000 1.800000 -0.555000
v -0.400000 1.700000 -0.555000
v -0.400000 1.600000 -0.555000
v -0.400000 1.500000 -0.555000
v -0.400000 1.400000 -0.555000
v -0.400000 1.300000 -0.555000
v -0.400000 1.200000 -0.555000
v -0.400000 1.100000 -0.555000
v -0.400000 1.000000 -0.555000
v -0.400000 0.900000 -0.555000
v -0.400000 0.800000 -0.555000
v -0.400000 0.700000 -0.555000
v -0.400000 0.600000 -0.555000
v -0.400000 0.500000 -0.555000
v -0.400000 0.400000 -0.555000
v -0.400000 0.300000 -0.555000
v -0.400000 0.200000 -0.555000
v -0.400000 0.100000 -0.555000
v -0.400000 0.000000 -0.555000
v -0.400000 -0.100000 -0.555000
v -0.400000 -0.200000 -0.555000
v -0.400000 -0.300000 -0.555000
v -0.400000 -0.400000 -0.555000
v -0.400000 -0.500000 -0.555000
v -0.400000 -0.600000 -0.555000
v -0.400000 -0.700000 -0.555000
v -0.400000 -0.800000 -0.555000
v -0.400000 -0.900000 -0.555000
v -0.400000 -1.000000 -0.555000
v -0.400000 -1.100000 -0.555000
v -0.400000 -1.200000 -0.555000
v -0.400000 -1.300000 -0.555000
v -0.400000 -1.400000 -0.555000
v -0.400000 -1.500000 -0.555000
v -0.400000 -1.600000 -0.555000
v -0.400000 -1.700000 -0.555000
v -0.400000 -1.800000 -0.555000
v -0.400000 -1.900000 -0.555000
v -0.400000 -2.000000 -0.555000
v -0.400000 -2.100000 -0.555000
v -0.400000 -2.200000 -0.555000
v -0.400000 -2.300000 -0.555000
v -0.400000 -2.400000 -0.555000
v -0.300000 2.400000 -0.555000
v -0.300000 2.300000 -0.555000
v -0.300000 2.200000 -0.555000
v -0.300000 2.100000 -0.555000
v -0.300000 2.000000 -0.555000
v -0.300000 1.900000 -0.555000
v -0.300000 1.800000 -0.555000
v -0.300000 1.700000 -0.555000
v -0.300000 1.600000 -0.555000
v -0.300000 1.500000 -0.555000
v -0.300000 1.400000 -0.555000
v -0.300000 1.300000 -0.555000
v -0.300000 1.200000 -0.555000
v -0.300000 1.100000 -0.555000
v -0.300000 1.000000 -0.555000
v -0.300000 0.900000 -0.555000
v -0.300000 0.800000 -0.555000
v -0.300000 0.700000 -0.555000
v -0.300000 0.600000 -0.555000
v -0.300000 0.500000 -0.555000
v -0.300000 0.400000 -0.555000
v -0.300000 0.300000 -0.555000
v -0.300000 0.200000 -0.555000
v -0.300000 0.100000 -0.555000
v -0.300000 0.000000 -0.555000
v -0.300000 -0.100000 -0.555000
v -0.300000 -0.200000 -0.555000
v -0.300000 -0.300000 -0.555000
v -0.300000 -0.400000 -0.555000
v -0.300000 -0.500000 -0.555000
v -0.300000 -0.600000 -0.555000
v -0.300000 -0.700000 -0.555000
v -0.300000 -0.800000 -0.555000
v -0.300000 -0.900000 -0.555000
v -0.300000 -1.000000 -0.555000
v -0.300000 -1.100000 -0.555000
v -0.300000 -1.200000 -0.555000
v -0.300000 -1.300000 -0.555000
v -0.300000 -1.400000 -0.555000
v -0.300000 -1.500000 -0.555000
v -0.300000 -1.600000 -0.555000
v -0.300000 -1.700000 -0.555000
v -0.300000 -1.800000 -0.555000
v -0.300000 -1.900000 -0.555000
v -0.300000 -2.000000 -0.555000
v -0.300000 -2.100000 -0.555000
v -0.300000 -2.200000 -0.555000
v -0.300000 -2.300000 -0.555000
v -0.300000 -2.400000 -0.555000
v -0.200000 2.400000 -0.555000
v -0.200000 2.300000 -0.555000
v -0.200000 2.200000 -0.555000
v -0.200000 2.100000 -0.555000
v -0.200000 2.000000 -0.555000
v -0.200000 1.900000 -0.555000
v -0.200000 1.800000 -0.555000
v -0.200000 1.700000 -0.555000
v -0.200000 1.600000 -0.555000
v -0.200000 1.500000 -0.555000
v -0.200000 1.400000 -0.555000
v -0.200000 1.300000 -0.555000
v -0.200000 1.200000 -0.555000
v -0.200000 1.100000 -0.555000
v -0.200000 1.000000 -0.555000
v -0.200000 0.900000 -0.555000
v -0.200000 0.800000 -0.555000
v -0.200000 0.700000 -0.555000
v -0.200000 0.600000 -0.555000
v -0.200000 0.500000 -0.555000
v -0.200000 0.400000 -0.555000
v -0.200000 0.300000 -0.555000
v -0.200000 0.200000 -0.555000
v -0.200000 0.100000 -0.555000
v -0.200000 0.000000 -0.555000
v -0.200000 -0.100000 -0.555000
v -0.200000 -0.200000 -0.555000
v -0.200000 -0.300000 -0.555000
v -0.200000 -0.400000 -0.555000
v -0.200000 -0.500000 -0.555000
v -0.200000 -0.600000 -0.555000
v -0.200000 -0.700000 -0.555000
v -0.200000 -0.800000 -0.555000
v -0.200000 -0.900000 -0.555000
v -0.200000 -1.000000 -0.555000
v -0.200000 -1.100000 -0.555000
v -0.200000 -1.200000 -0.555000
v -0.200000 -1.300000 -0.555000
v -0.200000 -1.400000 -0.555000
v -0.200000 -1.500000 -0.555000
v -0.200000 -1.600000 -0.555000
v -0.200000 -1.700000 -0.555000
v -0.200000 -1.800000 -0.555000
v -0.200000 -1.900000 -0.555000
v -0.200000 -2.000000 -0.555000
v -0.200000 -2.100000 -0.555000
v -0.200000 -2.200000 -0.555000
v -0.200000 -2.300000 -0.555000
v -0.200000 -2.400000 -0.555000
v -0.100000 2.400000 -0.555000
v -0.100000 2.300000 -0.555000
v -0.100000 2.200000 -0.555000
v -0.100000 2.100000 -0.555000
v -0.100000 2.000000 -0.555000
v -0.100000 1.900000 -0.555000
v -0.100000 1.800000 -0.555000
v -0.100000 1.700000 -0.555000
v -0.100000 1.600000 -0.555000
v -0.100000 1.500000 -0.555000
v -0.100000 1.400000 -0.555000
v -0.100000 1.300000 -0.555000
v -0.100000 1.200000 -0.555000
v -0.100000 1.100000 -0.555000
v -0.100000 1.000000 -0.555000
v -0.100000 0.900000 -0.555000
v -0.100000 0.800000 -0.555000
v -0.100000 0.700000 -0.555000
v -0.100000 0.600000 -0.555000
v -0.100000 0.500000 -0.555000
v -0.100000 0.400000 -0.555000
v -0.100000 0.300000 -0.555000
v -0.100000 0.200000 -0.555000
v -0.100000 0.100000 -0.555000
v -0.100000 0.000000 -0.555000
v -0.100000 -0.100000 -0.555000
v -0.100000 -0.200000 -0.555000
v -0.100000 -0.300000 -0.555000
v -0.100000 -0.400000 -0.555000
v -0.100000 -0.500000 -0.555000
v -0.100000 -0.600000 -0.555000
v -0.100000 -0.700000 -0.555000
v -0.100000 -0.800000 -0.555000
v -0.100000 -0.900000 -0.555000
v -0.100000 -1.000000 -0.555000
v -0.100000 -1.100000 -0.555000
v -0.100000 -1.200000 -0.555000
v -0.100000 -1.300000 -0.555000
v -0.100000 -1.400000 -0.555000
v -0.100000 -1.500000 -0.555000
v -0.100000 -1.600000 -0.555000
v -0.100000 -1.700000 -0.555000
v -0.100000 -1.800000 -0.555000
v -0.100000 -1.900000 -0.555000
v -0.100000 -2.000000 -0.555000
v -0.100000 -2.100000 -0.555000
v -0.100000 -2.200000 -0.555000
v -0.100000 -2.300000 -0.555000
v -0.100000 -2.400000 -0.555000
v 0.000000 2.400000 -0.555000
v 0.000000 2.300000 -0.555000
v 0.000000 2.200000 -0.555000
v 0.000000 2.100000 -0.555000
v 0.000000 2.000000 -0.555000
v 0.000000 1.900000 -0.555000
v 0.000000 1.800000 -0.555000
v 0.000000 1.700000 -0.555000
v 0.000000 1.600000 -0.555000
v 0.000000 1.500000 -0.555000
v 0.000000 1.400000 -0.555000
v 0.000000 1.300000 -0.555000
v 0.000000 1.200000 -0.555000
v 0.000000 1.100000 -0.555000
v 0.000000 1.000000 -0.555000
v 0.000000 0.900000 -0.555000
v 0.000000 0.800000 -0.555000
v 0.000000 0.700000 -0.555000
v 0.000000 0.600000 -0.555000
v 0.000000 0.500000 -0.555000
v 0.000000 0.400000 -0.555000
v 0.000000 0.300000 -0.555000
v 0.000000 0.200000 -0.555000
v 0.000000 0.100000 -0.555000
v 0.000000 0.000000 -0.555000
v 0.000000 -0.100000 -0.555000
v 0.000000 -0.200000 -0.555000
v 0.000000 -0.300000 -0.555000
v 0.000000 -0.400000 -0.555000
v 0.000000 -0.500000 -0.555000
v 0.000000 -0.600000 -0.555000
v 0.000000 -0.700000 -0.555000
v 0.000000 -0.800000 -0.555000
v 0.000000 -0.900000 -0.555000
v 0.000000 -1.000000 -0.555000
v 0.000000 -1.100000 -0.555000
v 0.000000 -1.200000 -0.555000
v 0.000000 -1.300000 -0.555000
v 0.000000 -1.400000 -0.555000
v 0.000000 -1.500000 -0.555000
v 0.000000 -1.600000 -0.555000
v 0.000000 -1.700000 -0.555000
v 0.000000 -1.800000 -0.555000
v 0.000000 -1.900000 -0.555000
v 0.000000 -2.000000 -0.555000
v 0.000000 -2.100000 -0.555000
v 0.000000 -2.200000 -0.555000
v 0.000000 -2.300000 -0.555000
v 0.000000 -2.400000 -0.555000
v 0.100000 2.400000 -0.555000
v 0.100000 2.300000 -0.555000
v 0.100000 2.200000 -0.555000
v 0.100000 2.100000 -0.555000
v 0.100000 2.000000 -0.555000
v 0.100000 1.900000 -0.555000
v 0.100000 1.800000 -0.555000
v 0.100000 1.700000 -0.555000
v 0.100000 1.600000 -0.555000
v 0.100000 1.500000 -0.555000
v 0.100000 1.400000 -0.555000
v 0.100000 1.300000 -0.555000
v 0.100000 1.200000 -0.555000
v 0.100000 1.100000 -0.555000
v 0.100000 1.000000 -0.555000
v 0.100000 0.900000 -0.555000
v 0.100000 0.800000 -0.555000
v 0.100000 0.700000 -0.555000
v 0.100000 0.600000 -0.555000
v 0.100000 0.500000 -0.555000
v 0.100000 0.400000 -0.555000
v 0.100000 0.300000 -0.555000
v 0.100000 0.200000 -0.555000
v 0.100000 0.100000 -0.555000
v 0.100000 0.000000 -0.555000
v 0.100000 -0.100000 -0.555000
v 0.100000 -0.200000 -0.555000
v 0.100000 -0.300000 -0.555000
v 0.100000 -0.400000 -0.555000
v 0.100000 -0.500000 -0.555000
v 0.100000 -0.600000 -0.555000
v 0.100000 -0.700000 -0.555000
v 0.100000 -0.800000 -0.555000
v 0.100000 -0.900000 -0.555000
v 0.100000 -1.000000 -0.555000
v 0.100000 -1.100000 -0.555000
v 0.100000 -1.200000 -0.555000
v 0.100000 -1.300000 -0.555000
v 0.100000 -1.400000 -0.555000
v 0.100000 -1.500000 -0.555000
v 0.100000 -1.600000 -0.555000
v 0.100000 -1.700000 -0.555000
v 0.100000 -1.800000 -0.555000
v 0.100000 -1.900000 -0.555000
v 0.100000 -2.000000 -0.555000
v 0.100000 -2.100000 -0.555000
v 0.100000 -2.200000 -0.555000
v 0.100000 -2.300000 -0.555000
v 0.100000 -2.400000 -0.555000
v 0.200000 2.400000 -0.555000
v 0.200000 2.300000 -0.555000
v 0.200000 2.200000 -0.555000
v 0.200000 2.100000 -0.555000
v 0.200000 2.000000 -0.555000
v 0.200000 1.900000 -0.555000
v 0.200000 1.800000 -0.555000
v 0.200000 1.700000 -0.555000
v 0.200000 1.600000 -0.555000
v 0.200000 1.500000 -0.555000
v 0.200000 1.400000 -0.555000
v 0.200000 1.300000 -0.555000
v 0.200000 1.200000 -0.555000
v 0.200000 1.100000 -0.555000
v 0.200000 1.000000 -0.555000
v 0.200000 0.900000 -0.555000
v 0.200000 0.800000 -0.555000
v 0.200000 0.700000 -0.555000
v 0.200000 0.600000 -0.555000
v 0.200000 0.500000 -0.555000
v 0.200000 0.400000 -0.555000
v 0.200000 0.300000 -0.555000
v 0.200000 0.200000 -0.555000
v 0.200000 0.100000 -0.555000
v 0.200000 0.000000 -0.555000
v 0.200000 -0.100000 -0.555000
v 0.200000 -0.200000 -0.555000
v 0.200000 -0.300000 -0.555000
v 0.200000 -0.400000 -0.555000
v 0.200000 -0.500000 -0.555000
v 0.200000 -0.600000 -0.555000
v 0.200000 -0.700000 -0.555000
v 0.200000 -0.800000 -0.555000
v 0.200000 -0.900000 -0.555000
v 0.200000 -1.000000 -0.555000
v 0.200000 -1.100000 -0.555000
v 0.200000 -1.200000 -0.555000
v 0.200000 -1.300000 -0.555000
v 0.200000 -1.400000 -0.555000
v 0.200000 -1.500000 -0.555000
v 0.200000 -1.600000 -0.555000
v 0.200000 -1.700000 -0.555000
v 0.200000 -1.800000 -0.555000
v 0.200000 -1.900000 -0.555000
v 0.200000 -2.000000 -0.555000
v 0.200000 -2.100000 -0.555000
v 0.200000 -2.200000 -0.555000
v 0.200000 -2.300000 -0.555000
v 0.200000 -2.400000 -0.555000
v 0.300000 2.400000 -0.555000
v 0.300000 2.300000 -0.555000
v 0.300000 2.200000 -0.555000
v 0.300000 2.100000 -0.555000
v 0.300000 2.000000 -0.555000
v 0.300000 1.900000 -0.555000
v 0.300000 1.800000 -0.555000
v 0.300000 1.700000 -0.555000
v 0.300000 1.600000 -0.555000
v 0.300000 1.500000 -0.555000
v 0.300000 1.400000 -0.555000
v 0.300000 1.300000 -0.555000
v 0.300000 1.200000 -0.555000
v 0.300000 1.100000 -0.555000
v 0.300000 1.000000 -0.555000
v 0.300000 0.900000 -0.555000
v 0.300000 0.800000 -0.555000
v 0.300000 0.700000 -0.555000
v 0.300000 0.600000 -0.555000
v 0.300000 0.500000 -0.555000
v 0.300000 0.400000 -0.555000
v 0.300000 0.300000 -0.555000
v 0.300000 0.200000 -0.555000
v 0.300000 0.100000 -0.555000
v 0.300000 0.000000 -0.555000
v 0.300000 -0.100000 -0.555000
v 0.300000 -0.200000 -0.555000
v 0.300000 -0.300000 -0.555000
v 0.300000 -0.400000 -0.555000
v 0.300000 -0.500000 -0.555000
v 0.300000 -0.600000 -0.555000
v 0.300000 -0.700000 -0.555000
v 0.300000 -0.800000 -0.555000
v 0.300000 -0.900000 -0.555000
v 0.300000 -1.000000 -0.555000
v 0.300000 -1.100000 -0.555000
v 0.300000 -1.200000 -0.555000
v 0.300000 -1.300000 -0.555000
v 0.300000 -1.400000 -0.555000
v 0.300000 -1.500000 -0.555000
v 0.300000 -1.600000 -0.555000
v 0.300000 -1.700000 -0.555000
v 0.300000 -1.800000 -0.555000
v 0.300000 -1.900000 -0.555000
v 0.300000 -2.000000 -0.555000
v 0.300000 -2.100000 -0.555000
v 0.300000 -2.200000 -0.555000
v 0.300000 -2.300000 -0.555000
v 0.300000 -2.400000 -0.555000
v 0.400000 2.400000 -0.555000
v 0.400000 2.300000 -0.555000
v 0.400000 2.200000 -0.555000
v 0.400000 2.100000 -0.555000
v 0.400000 2.000000 -0.555000
v 0.400000 1.900000 -0.555000
v 0.400000 1.800000 -0.555000
v 0.400000 1.700000 -0.555000
v 0.400000 1.600000 -0.555000
v 0.400000 1.500000 -0.555000
v 0.400000 1.400000 -0.555000
v 0.400000 1.300000 -0.555000
v 0.400000 1.200000 -0.555000
v 0.400000 1.100000 -0.555000
v 0.400000 1.000000 -0.555000
v 0.400000 0.900000 -0.555000
v 0.400000 0.800000 -0.555000
v 0.400000 0.700000 -0.555000
v 0.400000 0.600000 -0.555000
v 0.400000 0.500000 -0.555000
v 0.400000 0.400000 -0.555000
v 0.400000 0.300000 -0.555000
v 0.400000 0.200000 -0.555000
v 0.400000 0.100000 -0.555000
v 0.400000 0.000000 -0.555000
v 0.400000 -0.100000 -0.555000
v 0.400000 -0.200000 -0.555000
v 0.400000 -0.300000 -0.555000
v 0.400000 -0.400000 -0.555000
v 0.400000 -0.500000 -0.555000
v 0.400000 -0.600000 -0.555000
v 0.400000 -0.700000 -0.555000
v 0.400000 -0.800000 -0.555000
v 0.400000 -0.900000 -0.555000
v 0.400000 -1.000000 -0.555000
v 0.400000 -1.100000 -0.555000
v 0.400000 -1.200000 -0.555000
v 0.400000 -1.300000 -0.555000
v 0.400000 -1.400000 -0.555000
v 0.400000 -1.500000 -0.555000
v 0.400000 -1.600000 -0.555000
v 0.400000 -1.700000 -0.555000
v 0.400000 -1.800000 -0.555000
v 0.400000 -1.900000 -0.555000
v 0.400000 -2.000000 -0.555000
v 0.400000 -2.100000 -0.555000
v 0.400000 -2.200000 -0.555000
v 0.400000 -2.300000 -0.555000
v 0.400000 -2.400000 -0.555000
v -0.005000 0.500000 -0.400000
v -0.005000 0.500000 -0.300000
v -0.005000 0.500000 -0.200000
v -0.005000 0.500000 -0.100000
v -0.005000 0.500000 0.000000
v -0.005000 0.500000 0.100000
v -0.005000 0.500000 0.200000
v -0.005000 0.500000 0.300000
v -0.005000 0.500000 0.400000
v 0.005000 0.500000 -0.400000
v 0.005000 0.500000 -0.300000
v 0.005000 0.500000 -0.200000
v 0.005000 0.500000 -0.100000
v 0.005000 0.500000 0.000000
v 0.005000 0.500000 0.100000
v 0.005000 0.500000 0.200000
v 0.005000 0.500000 0.300000
v 0.005000 0.500000 0.400000
v -0.005000 3.500000 0.400000
v -0.005000 3.500000 0.300000
v -0.005000 3.500000 0.200000
v -0.005000 3.500000 0.100000
v -0.005000 3.500000 0.000000
v -0.005000 3.500000 -0.100000
v -0.005000 3.500000 -0.200000
v -0.005000 3.500000 -0.300000
v -0.005000 3.500000 -0.400000
v 0.005000 3.500000 0.400000
v 0.005000 3.500000 0.300000
v 0.005000 3.500000 0.200000
v 0.005000 3.500000 0.100000
v 0.005000 3.500000 0.000000
v 0.005000 3.500000 -0.100000
v 0.005000 3.500000 -0.200000
v 0.005000 3.500000 -0.300000
v 0.005000 3.500000 -0.400000
v -0.005000 0.600000 0.400000
v -0.005000 0.700000 0.400000
v -0.005000 0.800000 0.400000
v -0.005000 0.900000 0.400000
v -0.005000 1.000000 0.400000
v -0.005000 1.100000 0.400000
v -0.005000 1.200000 0.400000
v -0.005000 1.300000 0.400000
v -0.005000 1.400000 0.400000
v -0.005000 1.500000 0.400000
v -0.005000 1.600000 0.400000
v -0.005000 1.700000 0.400000
v -0.005000 1.800000 0.400000
v -0.005000 1.900000 0.400000
v -0.005000 2.000000 0.400000
v -0.005000 2.100000 0.400000
v -0.005000 2.200000 0.400000
v -0.005000 2.300000 0.400000
v -0.005000 2.400000 0.400000
v -0.005000 2.500000 0.400000
v -0.005000 2.600000 0.400000
v -0.005000 2.700000 0.400000
v -0.005000 2.800000 0.400000
v -0.005000 2.900000 0.400000
v -0.005000 3.000000 0.400000
v -0.005000 3.100000 0.400000
v -0.005000 3.200000 0.400000
v -0.005000 3.300000 0.400000
v -0.005000 3.400000 0.400000
v 0.005000 0.600000 0.400000
v 0.005000 0.700000 0.400000
v 0.005000 0.800000 0.400000
v 0.005000 0.900000 0.400000
v 0.005000 1.000000 0.400000
v 0.005000 1.100000 0.400000
v 0.005000 1.200000 0.400000
v 0.005000 1.300000 0.400000
v 0.005000 1.400000 0.400000
v 0.005000 1.500000 0.400000
v 0.005000 1.600000 0.400000
v 0.005000 1.700000 0.400000
v 0.005000 1.800000 0.400000
v 0.005000 1.900000 0.400000
v 0.005000 2.000000 0.400000
v 0.005000 2.100000 0.400000
v 0.005000 2.200000 0.400000
v 0.005000 2.300000 0.400000
v 0.005000 2.400000 0.400000
v 0.005000 2.500000 0.400000
v 0.005000 2.600000 0.400000
v 0.005000 2.700000 0.400000
v 0.005000 2.800000 0.400000
v 0.005000 2.900000 0.400000
v 0.005000 3.000000 0.400000
v 0.005000 3.100000 0.400000
v 0.005000 3.200000 0.400000
v 0.005000 3.300000 0.400000
v 0.005000 3.400000 0.400000
v -0.005000 3.400000 -0.400000
v -0.005000 3.300000 -0.400000
v -0.005000 3.200000 -0.400000
v -0.005000 3.100000 -0.400000
v -0.005000 3.000000 -0.400000
v -0.005000 2.900000 -0.400000
v -0.005000 2.800000 -0.400000
v -0.005000 2.700000 -0.400000
v -0.005000 2.600000 -0.400000
v -0.005000 2.500000 -0.400000
v -0.005000 2.400000 -0.400000
v -0.005000 2.300000 -0.400000
v -0.005000 2.200000 -0.400000
v -0.005000 2.100000 -0.400000
v -0.005000 2.000000 -0.400000
v -0.005000 1.900000 -0.400000
v -0.005000 1.800000 -0.400000
v -0.005000 1.700000 -0.400000
v -0.005000 1.600000 -0.400000
v -0.005000 1.500000 -0.400000
v -0.005000 1.400000 -0.400000
v -0.005000 1.300000 -0.400000
v -0.005000 1.200000 -0.400000
v -0.005000 1.100000 -0.400000
v -0.005000 1.000000 -0.400000
v -0.005000 0.900000 -0.400000
v -0.005000 0.800000 -0.400000
v -0.005000 0.700000 -0.400000
v -0.005000 0.600000 -0.400000
v 0.005000 3.400000 -0.400000
v 0.005000 3.300000 -0.400000
v 0.005000 3.200000 -0.400000
v 0.005000 3.100000 -0.400000
v 0.005000 3.000000 -0.400000
v 0.005000 2.900000 -0.400000
v 0.005000 2.800000 -0.400000
v 0.005000 2.700000 -0.400000
v 0.005000 2.600000 -0.400000
v 0.005000 2.500000 -0.400000
v 0.005000 2.400000 -0.400000
v 0.005000 2.300000 -0.400000
v 0.005000 2.200000 -0.400000
v 0.005000 2.100000 -0.400000
v 0.005000 2.000000 -0.400000
v 0.005000 1.900000 -0.400000
v 0.005000 1.800000 -0.400000
v 0.005000 1.700000 -0.400000
v 0.005000 1.600000 -0.400000
v 0.005000 1.500000 -0.400000
v 0.005000 1.400000 -0.400000
v 0.005000 1.300000 -0.400000
v 0.005000 1.200000 -0.400000
v 0.005000 1.100000 -0.400000
v 0.005000 1.000000 -0.400000
v 0.005000 0.900000 -0.400000
v 0.005000 0.800000 -0.400000
v 0.005000 0.700000 -0.400000
v 0.005000 0.600000 -0.400000
v -0.005000 0.600000 -0.300000
v -0.005000 0.700000 -0.300000
v -0.005000 0.800000 -0.300000
v -0.005000 0.900000 -0.300000
v -0.005000 1.000000 -0.300000
v -0.005000 1.100000 -0.300000
v -0.005000 1.200000 -0.300000
v -0.005000 1.300000 -0.300000
v -0.005000 1.400000 -0.300000
v -0.005000 1.500000 -0.300000
v -0.005000 1.600000 -0.300000
v -0.005000 1.700000 -0.300000
v -0.005000 1.800000 -0.300000
v -0.005000 1.900000 -0.300000
v -0.005000 2.000000 -0.300000
v -0.005000 2.100000 -0.300000
v -0.005000 2.200000 -0.300000
v -0.005000 2.300000 -0.300000
v -0.005000 2.400000 -0.300000
v -0.005000 2.500000 -0.300000
v -0.005000 2.600000 -0.300000
v -0.005000 2.700000 -0.300000
v -0.005000 2.800000 -0.300000
v -0.005000 2.900000 -0.300000
v -0.005000 3.000000 -0.300000
v -0.005000 3.100000 -0.300000
v -0.005000 3.200000 -0.300000
v -0.005000 3.300000 -0.300000
v -0.005000 3.400000 -0.300000
v -0.005000 0.600000 -0.200000
v -0.005000 0.700000 -0.200000
v -0.005000 0.800000 -0.200000
v -0.005000 0.900000 -0.200000
v -0.005000 1.000000 -0.200000
v -0.005000 1.100000 -0.200000
v -0.005000 1.200000 -0.200000
v -0.005000 1.300000 -0.200000
v -0.005000 1.400000 -0.200000
v -0.005000 1.500000 -0.200000
v -0.005000 1.600000 -0.200000
v -0.005000 1.700000 -0.200000
v -0.005000 1.800000 -0.200000
v -0.005000 1.900000 -0.200000
v -0.005000 2.000000 -0.200000
v -0.005000 2.100000 -0.200000
v -0.005000 2.200000 -0.200000
v -0.005000 2.300000 -0.200000
v -0.005000 2.400000 -0.200000
v -0.005000 2.500000 -0.200000
v -0.005000 2.600000 -0.200000
v -0.005000 2.700000 -0.200000
v -0.005000 2.800000 -0.200000
v -0.005000 2.900000 -0.200000
v -0.005000 3.000000 -0.200000
v -0.005000 3.100000 -0.200000
v -0.005000 3.200000 -0.200000
v -0.005000 3.300000 -0.200000
v -0.005000 3.400000 -0.200000
v -0.005000 0.600000 -0.100000
v -0.005000 0.700000 -0.100000
v -0.005000 0.800000 -0.100000
v -0.005000 0.900000 -0.100000
v -0.005000 1.000000 -0.100000
v -0.005000 1.100000 -0.100000
v -0.005000 1.200000 -0.100000
v -0.005000 1.300000 -0.100000
v -0.005000 1.400000 -0.100000
v -0.005000 1.500000 -0.100000
v -0.005000 1.600000 -0.100000
v -0.005000 1.700000 -0.100000
v -0.005000 1.800000 -0.100000
v -0.005000 1.900000 -0.100000
v -0.005000 2.000000 -0.100000
v -0.005000 2.100000 -0.100000
v -0.005000 2.200000 -0.100000
v -0.005000 2.300000 -0.100000
v -0.005000 2.400000 -0.100000
v -0.005000 2.500000 -0.100000
v -0.005000 2.600000 -0.100000
v -0.005000 2.700000 -0.100000
v -0.005000 2.800000 -0.100000
v -0.005000 2.900000 -0.100000
v -0.005000 3.000000 -0.100000
v -0.005000 3.100000 -0.100000
v -0.005000 3.200000 -0.100000
v -0.005000 3.300000 -0.100000
v -0.005000 3.400000 -0.100000
v -0.005000 0.600000 0.000000
v -0.005000 0.700000 0.000000
v -0.005000 0.800000 0.000000
v -0.005000 0.900000 0.000000
v -0.005000 1.000000 0.000000
v -0.005000 1.100000 0.000000
v -0.005000 1.200000 0.000000
v -0.005000 1.300000 0.000000
v -0.005000 1.400000 0.000000
v -0.005000 1.500000 0.000000
v -0.005000 1.600000 0.000000
v -0.005000 1.700000 0.000000
v -0.005000 1.800000 0.000000
v -0.005000 1.900000 0.000000
v -0.005000 2.000000 0.000000
v -0.005000 2.100000 0.000000
v -0.005000 2.200000 0.000000
v -0.005000 2.300000 0.000000
v -0.005000 2.400000 0.000000
v -0.005000 2.500000 0.000000
v -0.005000 2.600000 0.000000
v -0.005000 2.700000 0.000000
v -0.005000 2.800000 0.000000
v -0.005000 2.900000 0.000000
v -0.005000 3.000000 0.000000
v -0.005000 3.100000 0.000000
v -0.005000 3.200000 0.000000
v -0.005000 3.300000 0.000000
v -0.005000 3.400000 0.000000
v -0.005000 0.600000 0.100000
v -0.005000 0.700000 0.100000
v -0.005000 0.800000 0.100000
v -0.005000 0.900000 0.100000
v -0.005000 1.000000 0.100000
v -0.005000 1.100000 0.100000
v -0.005000 1.200000 0.100000
v -0.005000 1.300000 0.100000
v -0.005000 1.400000 0.100000
v -0.005000 1.500000 0.100000
v -0.005000 1.600000 0.100000
v -0.005000 1.700000 0.100000
v -0.005000 1.800000 0.100000
v -0.005000 1.900000 0.100000
v -0.005000 2.000000 0.100000
v -0.005000 2.100000 0.100000
v -0.005000 2.200000 0.100000
v -0.005000 2.300000 0.100000
v -0.005000 2.400000 0.100000
v -0.005000 2.500000 0.100000
v -0.005000 2.600000 0.100000
v -0.005000 2.700000 0.100000
v -0.005000 2.800000 0.100000
v -0.005000 2.900000 0.100000
v -0.005000 3.000000 0.100000
v -0.005000 3.100000 0.100000
v -0.005000 3.200000 0.100000
v -0.005000 3.300000 0.100000
v -0.005000 3.400000 0.100000
v -0.005000 0.600000 0.200000
v -0.005000 0.700000 0.200000
v -0.005000 0.800000 0.200000
v -0.005000 0.900000 0.200000
v -0.005000 1.000000 0.200000
v -0.005000 1.100000 0.200000
v -0.005000 1.200000 0.200000
v -0.005000 1.300000 0.200000
v -0.005000 1.400000 0.200000
v -0.005000 1.500000 0.200000
v -0.005000 1.600000 0.200000
v -0.005000 1.700000 0.200000
v -0.005000 1.800000 0.200000
v -0.005000 1.900000 0.200000
v -0.005000 2.000000 0.200000
v -0.005000 2.100000 0.200000
v -0.005000 2.200000 0.200000
v -0.005000 2.300000 0.200000
v -0.005000 2.400000 0.200000
v -0.005000 2.500000 0.200000
v -0.005000 2.600000 0.200000
v -0.005000 2.700000 0.200000
v -0.005000 2.800000 0.200000
v -0.005000 2.900000 0.200000
v -0.005000 3.000000 0.200000
v -0.005000 3.100000 0.200000
v -0.005000 3.200000 0.200000
v -0.005000 3.300000 0.200000
v -0.005000 3.400000 0.200000
v -0.005000 0.600000 0.300000
v -0.005000 0.700000 0.300000
v -0.005000 0.800000 0.300000
v -0.005000 0.900000 0.300000
v -0.005000 1.000000 0.300000
v -0.005000 1.100000 0.300000
v -0.005000 1.200000 0.300000
v -0.005000 1.300000 0.300000
v -0.005000 1.400000 0.300000
v -0.005000 1.500000 0.300000
v -0.005000 1.600000 0.300000
v -0.005000 1.700000 0.300000
v -0.005000 1.800000 0.300000
v -0.005000 1.900000 0.300000
v -0.005000 2.000000 0.300000
v -0.005000 2.100000 0.300000
v -0.005000 2.200000 0.300000
v -0.005000 2.300000 0.300000
v -0.005000 2.400000 0.300000
v -0.005000 2.500000 0.300000
v -0.005000 2.600000 0.300000
v -0.005000 2.700000 0.300000
v -0.005000 2.800000 0.300000
v -0.005000 2.900000 0.300000
v -0.005000 3.000000 0.300000
v -0.005000 3.100000 0.300000
v -0.005000 3.200000 0.300000
v -0.005000 3.300000 0.300000
v -0.005000 3.400000 0.300000
v 0.005000 0.600000 0.300000
v 0.005000 0.700000 0.300000
v 0.005000 0.800000 0.300000
v 0.005000 0.900000 0.300000
v 0.005000 1.000000 0.300000
v 0.005000 1.100000 0.300000
v 0.005000 1.200000 0.300000
v 0.005000 1.300000 0.300000
v 0.005000 1.400000 0.300000
v 0.005000 1.500000 0.300000
v 0.005000 1.600000 0.300000
v 0.005000 1.700000 0.300000
v 0.005000 1.800000 0.300000
v 0.005000 1.900000 0.300000
v 0.005000 2.000000 0.300000
v 0.005000 2.100000 0.300000
v 0.005000 2.200000 0.300000
v 0.005000 2.300000 0.300000
v 0.005000 2.400000 0.300000
v 0.005000 2.500000 0.300000
v 0.005000 2.600000 0.300000
v 0.005000 2.700000 0.300000
v 0.005000 2.800000 0.300000
v 0.005000 2.900000 0.300000
v 0.005000 3.000000 0.300000
v 0.005000 3.100000 0.300000
v 0.005000 3.200000 0.300000
v 0.005000 3.300000 0.300000
v 0.005000 3.400000 0.300000
v 0.005000 0.600000 0.200000
v 0.005000 0.700000 0.200000
v 0.005000 0.800000 0.200000
v 0.005000 0.900000 0.200000
v 0.005000 1.000000 0.200000
v 0.005000 1.100000 0.200000
v 0.005000 1.200000 0.200000
v 0.005000 1.300000 0.200000
v 0.005000 1.400000 0.200000
v 0.005000 1.500000 0.200000
v 0.005000 1.600000 0.200000
v 0.005000 1.700000 0.200000
v 0.005000 1.800000 0.200000
v 0.005000 1.900000 0.200000
v 0.005000 2.000000 0.200000
v 0.005000 2.100000 0.200000
v 0.005000 2.200000 0.200000
v 0.005000 2.300000 0.200000
v 0.005000 2.400000 0.200000
v 0.005000 2.500000 0.200000
v 0.005000 2.600000 0.200000
v 0.005000 2.700000 0.200000
v 0.005000 2.800000 0.200000
v 0.005000 2.900000 0.200000
v 0.005000 3.000000 0.200000
v 0.005000 3.100000 0.200000
v 0.005000 3.200000 0.200000
v 0.005000 3.300000 0.200000
v 0.005000 3.400000 0.200000
v 0.005000 0.600000 0.100000
v 0.005000 0.700000 0.100000
v 0.005000 0.800000 0.100000
v 0.005000 0.900000 0.100000
v 0.005000 1.000000 0.100000
v 0.005000 1.100000 0.100000
v 0.005000 1.200000 0.100000
v 0.005000 1.300000 0.100000
v 0.005000 1.400000 0.100000
v 0.005000 1.500000 0.100000
v 0.005000 1.600000 0.100000
v 0.005000 1.700000 0.100000
v 0.005000 1.800000 0.100000
v 0.005000 1.900000 0.100000
v 0.005000 2.000000 0.100000
v 0.005000 2.100000 0.100000
v 0.005000 2.200000 0.100000
v 0.005000 2.300000 0.100000
v 0.005000 2.400000 0.100000
v 0.005000 2.500000 0.100000
v 0.005000 2.600000 0.100000
v 0.005000 2.700000 0.100000
v 0.005000 2.800000 0.100000
v 0.005000 2.900000 0.100000
v 0.005000 3.000000 0.100000
v 0.005000 3.100000 0.100000
v 0.005000 3.200000 0.100000
v 0.005000 3.300000 0.100000
v 0.005000 3.400000 0.100000
v 0.005000 0.600000 0.000000
v 0.005000 0.700000 0.000000
v 0.005000 0.800000 0.000000
v 0.005000 0.900000 0.000000
v 0.005000 1.000000 0.000000
v 0.005000 1.100000 0.000000
v 0.005000 1.200000 0.000000
v 0.005000 1.300000 0.000000
v 0.005000 1.400000 0.000000
v 0.005000 1.500000 0.000000
v 0.005000 1.600000 0.000000
v 0.005000 1.700000 0.000000
v 0.005000 1.800000 0.000000
v 0.005000 1.900000 0.000000
v 0.005000 2.000000 0.000000
v 0.005000 2.100000 0.000000
v 0.005000 2.200000 0.000000
v 0.005000 2.300000 0.000000
v 0.005000 2.400000 0.000000
v 0.005000 2.500000 0.000000
v 0.005000 2.600000 0.000000
v 0.005000 2.700000 0.000000
v 0.005000 2.800000 0.000000
v 0.005000 2.900000 0.000000
v 0.005000 3.000000 0.000000
v 0.005000 3.100000 0.000000
v 0.005000 3.200000 0.000000
v 0.005000 3.300000 0.000000
v 0.005000 3.400000 0.000000
v 0.005000 0.600000 -0.100000
v 0.005000 0.700000 -0.100000
v 0.005000 0.800000 -0.100000
v 0.005000 0.900000 -0.100000
v 0.005000 1.000000 -0.100000
v 0.005000 1.100000 -0.100000
v 0.005000 1.200000 -0.100000
v 0.005000 1.300000 -0.100000
v 0.005000 1.400000 -0.100000
v 0.005000 1.500000 -0.100000
v 0.005000 1.600000 -0.100000
v 0.005000 1.700000 -0.100000
v 0.005000 1.800000 -0.100000
v 0.005000 1.900000 -0.100000
v 0.005000 2.000000 -0.100000
v 0.005000 2.100000 -0.100000
v 0.005000 2.200000 -0.100000
v 0.005000 2.300000 -0.100000
v 0.005000 2.400000 -0.100000
v 0.005000 2.500000 -0.100000
v 0.005000 2.600000 -0.100000
v 0.005000 2.700000 -0.100000
v 0.005000 2.800000 -0.100000
v 0.005000 2.900000 -0.100000
v 0.005000 3.000000 -0.100000
v 0.005000 3.100000 -0.100000
v 0.005000 3.200000 -0.100000
v 0.005000 3.300000 -0.100000
v 0.005000 3.400000 -0.100000
v 0.005000 0.600000 -0.200000
v 0.005000 0.700000 -0.200000
v 0.005000 0.800000 -0.200000
v 0.005000 0.900000 -0.200000
v 0.005000 1.000000 -0.200000
v 0.005000 1.100000 -0.200000
v 0.005000 1.200000 -0.200000
v 0.005000 1.300000 -0.200000
v 0.005000 1.400000 -0.200000
v 0.005000 1.500000 -0.200000
v 0.005000 1.600000 -0.200000
v 0.005000 1.700000 -0.200000
v 0.005000 1.800000 -0.200000
v 0.005000 1.900000 -0.200000
v 0.005000 2.000000 -0.200000
v 0.005000 2.100000 -0.200000
v 0.005000 2.200000 -0.200000
v 0.005000 2.300000 -0.200000
v 0.005000 2.400000 -0.200000
v 0.005000 2.500000 -0.200000
v 0.005000 2.600000 -0.200000
v 0.005000 2.700000 -0.200000
v 0.005000 2.800000 -0.200000
v 0.005000 2.900000 -0.200000
v 0.005000 3.000000 -0.200000
v 0.005000 3.100000 -0.200000
v 0.005000 3.200000 -0.200000
v 0.005000 3.300000 -0.200000
v 0.005000 3.400000 -0.200000
v 0.005000 0.600000 -0.300000
v 0.005000 0.700000 -0.300000
v 0.005000 0.800000 -0.300000
v 0.005000 0.900000 -0.300000
v 0.005000 1.000000 -0.300000
v 0.005000 1.100000 -0.300000
v 0.005000 1.200000 -0.300000
v 0.005000 1.300000 -0.300000
v 0.005000 1.400000 -0.300000
v 0.005000 1.500000 -0.300000
v 0.005000 1.600000 -0.300000
v 0.005000 1.700000 -0.300000
v 0.005000 1.800000 -0.300000
v 0.005000 1.900000 -0.300000
v 0.005000 2.000000 -0.300000
v 0.005000 2.100000 -0.300000
v 0.005000 2.200000 -0.300000
v 0.005000 2.300000 -0.300000
v 0.005000 2.400000 -0.300000
v 0.005000 2.500000 -0.300000
v 0.005000 2.600000 -0.300000
v 0.005000 2.700000 -0.300000
v 0.005000 2.800000 -0.300000
v 0.005000 2.900000 -0.300000
v 0.005000 3.000000 -0.300000
v 0.005000 3.100000 -0.300000
v 0.005000 3.200000 -0.300000
v 0.005000 3.300000 -0.300000
v 0.005000 3.400000 -0.300000
v -0.005000 -3.500000 -0.400000
v -0.005000 -3.500000 -0.300000
v -0.005000 -3.500000 -0.200000
v -0.005000 -3.500000 -0.100000
v -0.005000 -3.500000 0.000000
v -0.005000 -3.500000 0.100000
v -0.005000 -3.500000 0.200000
v -0.005000 -3.500000 0.300000
v -0.005000 -3.500000 0.400000
v 0.005000 -3.500000 -0.400000
v 0.005000 -3.500000 -0.300000
v 0.005000 -3.500000 -0.200000
v 0.005000 -3.500000 -0.100000
v 0.005000 -3.500000 0.000000
v 0.005000 -3.500000 0.100000
v 0.005000 -3.500000 0.200000
v 0.005000 -3.500000 0.300000
v 0.005000 -3.500000 0.400000
v -0.005000 -0.500000 0.400000
v -0.005000 -0.500000 0.300000
v -0.005000 -0.500000 0.200000
v -0.005000 -0.500000 0.100000
v -0.005000 -0.500000 0.000000
v -0.005000 -0.500000 -0.100000
v -0.005000 -0.500000 -0.200000
v -0.005000 -0.500000 -0.300000
v -0.005000 -0.500000 -0.400000
v 0.005000 -0.500000 0.400000
v 0.005000 -0.500000 0.300000
v 0.005000 -0.500000 0.200000
v 0.005000 -0.500000 0.100000
v 0.005000 -0.500000 0.000000
v 0.005000 -0.500000 -0.100000
v 0.005000 -0.500000 -0.200000
v 0.005000 -0.500000 -0.300000
v 0.005000 -0.500000 -0.400000
v -0.005000 -3.400000 0.400000
v -0.005000 -3.300000 0.400000
v -0.005000 -3.200000 0.400000
v -0.005000 -3.100000 0.400000
v -0.005000 -3.000000 0.400000
v -0.005000 -2.900000 0.400000
v -0.005000 -2.800000 0.400000
v -0.005000 -2.700000 0.400000
v -0.005000 -2.600000 0.400000
v -0.005000 -2.500000 0.400000
v -0.005000 -2.400000 0.400000
v -0.005000 -2.300000 0.400000
v -0.005000 -2.200000 0.400000
v -0.005000 -2.100000 0.400000
v -0.005000 -2.000000 0.400000
v -0.005000 -1.900000 0.400000
v -0.005000 -1.800000 0.400000
v -0.005000 -1.700000 0.400000
v -0.005000 -1.600000 0.400000
v -0.005000 -1.500000 0.400000
v -0.005000 -1.400000 0.400000
v -0.005000 -1.300000 0.400000
v -0.005000 -1.200000 0.400000
v -0.005000 -1.100000 0.400000
v -0.005000 -1.000000 0.400000
v -0.005000 -0.900000 0.400000
v -0.005000 -0.800000 0.400000
v -0.005000 -0.700000 0.400000
v -0.005000 -0.600000 0.400000
v 0.005000 -3.400000 0.400000
v 0.005000 -3.300000 0.400000
v 0.005000 -3.200000 0.400000
v 0.005000 -3.100000 0.400000
v 0.005000 -3.000000 0.400000
v 0.005000 -2.900000 0.400000
v 0.005000 -2.800000 0.400000
v 0.005000 -2.700000 0.400000
v 0.005000 -2.600000 0.400000
v 0.005000 -2.500000 0.400000
v 0.005000 -2.400000 0.400000
v 0.005000 -2.300000 0.400000
v 0.005000 -2.200000 0.400000
v 0.005000 -2.100000 0.400000
v 0.005000 -2.000000 0.400000
v 0.005000 -1.900000 0.400000
v 0.005000 -1.800000 0.400000
v 0.005000 -1.700000 0.400000
v 0.005000 -1.600000 0.400000
v 0.005000 -1.500000 0.400000
v 0.005000 -1.400000 0.400000
v 0.005000 -1.300000 0.400000
v 0.005000 -1.200000 0.400000
v 0.005000 -1.100000 0.400000
v 0.005000 -1.000000 0.400000
v 0.005000 -0.900000 0.400000
v 0.005000 -0.800000 0.400000
v 0.005000 -0.700000 0.400000
v 0.005000 -0.600000 0.400000
v -0.005000 -0.600000 -0.400000
v -0.005000 -0.700000 -0.400000
v -0.005000 -0.800000 -0.400000
v -0.005000 -0.900000 -0.400000
v -0.005000 -1.000000 -0.400000
v -0.005000 -1.100000 -0.400000
v -0.005000 -1.200000 -0.400000
v -0.005000 -1.300000 -0.400000
v -0.005000 -1.400000 -0.400000
v -0.005000 -1.500000 -0.400000
v -0.005000 -1.600000 -0.400000
v -0.005000 -1.700000 -0.400000
v -0.005000 -1.800000 -0.400000
v -0.005000 -1.900000 -0.400000
v -0.005000 -2.000000 -0.400000
v -0.005000 -2.100000 -0.400000
v -0.005000 -2.200000 -0.400000
v -0.005000 -2.300000 -0.400000
v -0.005000 -2.400000 -0.400000
v -0.005000 -2.500000 -0.400000
v -0.005000 -2.600000 -0.400000
v -0.005000 -2.700000 -0.400000
v -0.005000 -2.800000 -0.400000
v -0.005000 -2.900000 -0.400000
v -0.005000 -3.000000 -0.400000
v -0.005000 -3.100000 -0.400000
v -0.005000 -3.200000 -0.400000
v -0.005000 -3.300000 -0.400000
v -0.005000 -3.400000 -0.400000
v 0.005000 -0.600000 -0.400000
v 0.005000 -0.700000 -0.400000
v 0.005000 -0.800000 -0.400000
v 0.005000 -0.900000 -0.400000
v 0.005000 -1.000000 -0.400000
v 0.005000 -1.100000 -0.400000
v 0.005000 -1.200000 -0.400000
v 0.005000 -1.300000 -0.400000
v 0.005000 -1.400000 -0.400000
v 0.005000 -1.500000 -0.400000
v 0.005000 -1.600000 -0.400000
v 0.005000 -1.700000 -0.400000
v 0.005000 -1.800000 -0.400000
v 0.005000 -1.900000 -0.400000
v 0.005000 -2.000000 -0.400000
v 0.005000 -2.100000 -0.400000
v 0.005000 -2.200000 -0.400000
v 0.005000 -2.300000 -0.400000
v 0.005000 -2.400000 -0.400000
v 0.005000 -2.500000 -0.400000
v 0.005000 -2.600000 -0.400000
v 0.005000 -2.700000 -0.400000
v 0.005000 -2.800000 -0.400000
v 0.005000 -2.900000 -0.400000
v 0.005000 -3.000000 -0.400000
v 0.005000 -3.100000 -0.400000
v 0.005000 -3.200000 -0.400000
v 0.005000 -3.300000 -0.400000
v 0.005000 -3.400000 -0.400000
v -0.005000 -3.400000 -0.300000
v -0.005000 -3.300000 -0.300000
v -0.005000 -3.200000 -0.300000
v -0.005000 -3.100000 -0.300000
v -0.005000 -3.000000 -0.300000
v -0.005000 -2.900000 -0.300000
v -0.005000 -2.800000 -0.300000
v -0.005000 -2.700000 -0.300000
v -0.005000 -2.600000 -0.300000
v -0.005000 -2.500000 -0.300000
v -0.005000 -2.400000 -0.300000
v -0.005000 -2.300000 -0.300000
v -0.005000 -2.200000 -0.300000
v -0.005000 -2.100000 -0.300000
v -0.005000 -2.000000 -0.300000
v -0.005000 -1.900000 -0.300000
v -0.005000 -1.800000 -0.300000
v -0.005000 -1.700000 -0.300000
v -0.005000 -1.600000 -0.300000
v -0.005000 -1.500000 -0.300000
v -0.005000 -1.400000 -0.300000
v -0.005000 -1.300000 -0.300000
v -0.005000 -1.200000 -0.300000
v -0.005000 -1.100000 -0.300000
v -0.005000 -1.000000 -0.300000
v -0.005000 -0.900000 -0.300000
v -0.005000 -0.800000 -0.300000
v -0.005000 -0.700000 -0.300000
v -0.005000 -0.600000 -0.300000
v -0.005000 -3.400000 -0.200000
v -0.005000 -3.300000 -0.200000
v -0.005000 -3.200000 -0.200000
v -0.005000 -3.100000 -0.200000
v -0.005000 -3.000000 -0.200000
v -0.005000 -2.900000 -0.200000
v -0.005000 -2.800000 -0.200000
v -0.005000 -2.700000 -0.200000
v -0.005000 -2.600000 -0.200000
v -0.005000 -2.500000 -0.200000
v -0.005000 -2.400000 -0.200000
v -0.005000 -2.300000 -0.200000
v -0.005000 -2.200000 -0.200000
v -0.005000 -2.100000 -0.200000
v -0.005000 -2.000000 -0.200000
v -0.005000 -1.900000 -0.200000
v -0.005000 -1.800000 -0.200000
v -0.005000 -1.700000 -0.200000
v -0.005000 -1.600000 -0.200000
v -0.005000 -1.500000 -0.200000
v -0.005000 -1.400000 -0.200000
v -0.005000 -1.300000 -0.200000
v -0.005000 -1.200000 -0.200000
v -0.005000 -1.100000 -0.200000
v -0.005000 -1.000000 -0.200000
v -0.005000 -0.900000 -0.200000
v -0.005000 -0.800000 -0.200000
v -0.005000 -0.700000 -0.200000
v -0.005000 -0.600000 -0.200000
v -0.005000 -3.400000 -0.100000
v -0.005000 -3.300000 -0.100000
v -0.005000 -3.200000 -0.100000
v -0.005000 -3.100000 -0.100000
v -0.005000 -3.000000 -0.100000
v -0.005000 -2.900000 -0.100000
v -0.005000 -2.800000 -0.100000
v -0.005000 -2.700000 -0.100000
v -0.005000 -2.600000 -0.100000
v -0.005000 -2.500000 -0.100000
v -0.005000 -2.400000 -0.100000
v -0.005000 -2.300000 -0.100000
v -0.005000 -2.200000 -0.100000
v -0.005000 -2.100000 -0.100000
v -0.005000 -2.000000 -0.100000
v -0.005000 -1.900000 -0.100000
v -0.005000 -1.800000 -0.100000
v -0.005000 -1.700000 -0.100000
v -0.005000 -1.600000 -0.100000
v -0.005000 -1.500000 -0.100000
v -0.005000 -1.400000 -0.100000
v -0.005000 -1.300000 -0.100000
v -0.005000 -1.200000 -0.100000
v -0.005000 -1.100000 -0.100000
v -0.005000 -1.000000 -0.100000
v -0.005000 -0.900000 -0.100000
v -0.005000 -0.800000 -0.100000
v -0.005000 -0.700000 -0.100000
v -0.005000 -0.600000 -0.100000
v -0.005000 -3.400000 0.000000
v -0.005000 -3.300000 0.000000
v -0.005000 -3.200000 0.000000
v -0.005000 -3.100000 0.000000
v -0.005000 -3.000000 0.000000
v -0.005000 -2.900000 0.000000
v -0.005000 -2.800000 0.000000
v -0.005000 -2.700000 0.000000
v -0.005000 -2.600000 0.000000
v -0.005000 -2.500000 0.000000
v -0.005000 -2.400000 0.000000
v -0.005000 -2.300000 0.000000
v -0.005000 -2.200000 0.000000
v -0.005000 -2.100000 0.000000
v -0.005000 -2.000000 0.000000
v -0.005000 -1.900000 0.000000
v -0.005000 -1.800000 0.000000
v -0.005000 -1.700000 0.000000
v -0.005000 -1.600000 0.000000
v -0.005000 -1.500000 0.000000
v -0.005000 -1.400000 0.000000
v -0.005000 -1.300000 0.000000
v -0.005000 -1.200000 0.000000
v -0.005000 -1.100000 0.000000
v -0.005000 -1.000000 0.000000
v -0.005000 -0.900000 0.000000
v -0.005000 -0.800000 0.000000
v -0.005000 -0.700000 0.000000
v -0.005000 -0.600000 0.000000
v -0.005000 -3.400000 0.100000
v -0.005000 -3.300000 0.100000
v -0.005000 -3.200000 0.100000
v -0.005000 -3.100000 0.100000
v -0.005000 -3.000000 0.100000
v -0.005000 -2.900000 0.100000
v -0.005000 -2.800000 0.100000
v -0.005000 -2.700000 0.100000
v -0.005000 -2.600000 0.100000
v -0.005000 -2.500000 0.100000
v -0.005000 -2.400000 0.100000
v -0.005000 -2.300000 0.100000
v -0.005000 -2.200000 0.100000
v -0.005000 -2.100000 0.100000
v -0.005000 -2.000000 0.100000
v -0.005000 -1.900000 0.100000
v -0.005000 -1.800000 0.100000
v -0.005000 -1.700000 0.100000
v -0.005000 -1.600000 0.100000
v -0.005000 -1.500000 0.100000
v -0.005000 -1.400000 0.100000
v -0.005000 -1.300000 0.100000
v -0.005000 -1.200000 0.100000
v -0.005000 -1.100000 0.100000
v -0.005000 -1.000000 0.100000
v -0.005000 -0.900000 0.100000
v -0.005000 -0.800000 0.100000
v -0.005000 -0.700000 0.100000
v -0.005000 -0.600000 0.100000
v -0.005000 -3.400000 0.200000
v -0.005000 -3.300000 0.200000
v -0.005000 -3.200000 0.200000
v -0.005000 -3.100000 0.200000
v -0.005000 -3.000000 0.200000
v -0.005000 -2.900000 0.200000
v -0.005000 -2.800000 0.200000
v -0.005000 -2.700000 0.200000
v -0.005000 -2.600000 0.200000
v -0.005000 -2.500000 0.200000
v -0.005000 -2.400000 0.200000
v -0.005000 -2.300000 0.200000
v -0.005000 -2.200000 0.200000
v -0.005000 -2.100000 0.200000
v -0.005000 -2.000000 0.200000
v -0.005000 -1.900000 0.200000
v -0.005000 -1.800000 0.200000
v -0.005000 -1.700000 0.200000
v -0.005000 -1.600000 0.200000
v -0.005000 -1.500000 0.200000
v -0.005000 -1.400000 0.200000
v -0.005000 -1.300000 0.200000
v -0.005000 -1.200000 0.200000
v -0.005000 -1.100000 0.200000
v -0.005000 -1.000000 0.200000
v -0.005000 -0.900000 0.200000
v -0.005000 -0.800000 0.200000
v -0.005000 -0.700000 0.200000
v -0.005000 -0.600000 0.200000
v -0.005000 -3.400000 0.300000
v -0.005000 -3.300000 0.300000
v -0.005000 -3.200000 0.300000
v -0.005000 -3.100000 0.300000
v -0.005000 -3.000000 0.300000
v -0.005000 -2.900000 0.300000
v -0.005000 -2.800000 0.300000
v -0.005000 -2.700000 0.300000
v -0.005000 -2.600000 0.300000
v -0.005000 -2.500000 0.300000
v -0.005000 -2.400000 0.300000
v -0.005000 -2.300000 0.300000
v -0.005000 -2.200000 0.300000
v -0.005000 -2.100000 0.300000
v -0.005000 -2.000000 0.300000
v -0.005000 -1.900000 0.300000
v -0.005000 -1.800000 0.300000
v -0.005000 -1.700000 0.300000
v -0.005000 -1.600000 0.300000
v -0.005000 -1.500000 0.300000
v -0.005000 -1.400000 0.300000
v -0.005000 -1.300000 0.300000
v -0.005000 -1.200000 0.300000
v -0.005000 -1.100000 0.300000
v -0.005000 -1.000000 0.300000
v -0.005000 -0.900000 0.300000
v -0.005000 -0.800000 0.300000
v -0.005000 -0.700000 0.300000
v -0.005000 -0.600000 0.300000
v 0.005000 -3.400000 0.300000
v 0.005000 -3.300000 0.300000
v 0.005000 -3.200000 0.300000
v 0.005000 -3.100000 0.300000
v 0.005000 -3.000000 0.300000
v 0.005000 -2.900000 0.300000
v 0.005000 -2.800000 0.300000
v 0.005000 -2.700000 0.300000
v 0.005000 -2.600000 0.300000
v 0.005000 -2.500000 0.300000
v 0.005000 -2.400000 0.300000
v 0.005000 -2.300000 0.300000
v 0.005000 -2.200000 0.300000
v 0.005000 -2.100000 0.300000
v 0.005000 -2.000000 0.300000
v 0.005000 -1.900000 0.300000
v 0.005000 -1.800000 0.300000
v 0.005000 -1.700000 0.300000
v 0.005000 -1.600000 0.300000
v 0.005000 -1.500000 0.300000
v 0.005000 -1.400000 0.300000
v 0.005000 -1.300000 0.300000
v 0.005000 -1.200000 0.300000
v 0.005000 -1.100000 0.300000
v 0.005000 -1.000000 0.300000
v 0.005000 -0.900000 0.300000
v 0.005000 -0.800000 0.300000
v 0.005000 -0.700000 0.300000
v 0.005000 -0.600000 0.300000
v 0.005000 -3.400000 0.200000
v 0.005000 -3.300000 0.200000
v 0.005000 -3.200000 0.200000
v 0.005000 -3.100000 0.200000
v 0.005000 -3.000000 0.200000
v 0.005000 -2.900000 0.200000
v 0.005000 -2.800000 0.200000
v 0.005000 -2.700000 0.200000
v 0.005000 -2.600000 0.200000
v 0.005000 -2.500000 0.200000
v 0.005000 -2.400000 0.200000
v 0.005000 -2.300000 0.200000
v 0.005000 -2.200000 0.200000
v 0.005000 -2.100000 0.200000
v 0.005000 -2.000000 0.200000
v 0.005000 -1.900000 0.200000
v 0.005000 -1.800000 0.200000
v 0.005000 -1.700000 0.200000
v 0.005000 -1.600000 0.200000
v 0.005000 -1.500000 0.200000
v 0.005000 -1.400000 0.200000
v 0.005000 -1.300000 0.200000
v 0.005000 -1.200000 0.200000
v 0.005000 -1.100000 0.200000
v 0.005000 -1.000000 0.200000
v 0.005000 -0.900000 0.200000
v 0.005000 -0.800000 0.200000
v 0.005000 -0.700000 0.200000
v 0.005000 -0.600000 0.200000
v 0.005000 -3.400000 0.100000
v 0.005000 -3.300000 0.100000
v 0.005000 -3.200000 0.100000
v 0.005000 -3.100000 0.100000
v 0.005000 -3.000000 0.100000
v 0.005000 -2.900000 0.100000
v 0.005000 -2.800000 0.100000
v 0.005000 -2.700000 0.100000
v 0.005000 -2.600000 0.100000
v 0.005000 -2.500000 0.100000
v 0.005000 -2.400000 0.100000
v 0.005000 -2.300000 0.100000
v 0.005000 -2.200000 0.100000
v 0.005000 -2.100000 0.100000
v 0.005000 -2.000000 0.100000
v 0.005000 -1.900000 0.100000
v 0.005000 -1.800000 0.100000
v 0.005000 -1.700000 0.100000
v 0.005000 -1.600000 0.100000
v 0.005000 -1.500000 0.100000
v 0.005000 -1.400000 0.100000
v 0.005000 -1.300000 0.100000
v 0.005000 -1.200000 0.100000
v 0.005000 -1.100000 0.100000
v 0.005000 -1.000000 0.100000
v 0.005000 -0.900000 0.100000
v 0.005000 -0.800000 0.100000
v 0.005000 -0.700000 0.100000
v 0.005000 -0.600000 0.100000
v 0.005000 -3.400000 0.000000
v 0.005000 -3.300000 0.000000
v 0.005000 -3.200000 0.000000
v 0.005000 -3.100000 0.000000
v 0.005000 -3.000000 0.000000
v 0.005000 -2.900000 0.000000
v 0.005000 -2.800000 0.000000
v 0.005000 -2.700000 0.000000
v 0.005000 -2.600000 0.000000
v 0.005000 -2.500000 0.000000
v 0.005000 -2.400000 0.000000
v 0.005000 -2.300000 0.000000
v 0.005000 -2.200000 0.000000
v 0.005000 -2.100000 0.000000
v 0.005000 -2.000000 0.000000
v 0.005000 -1.900000 0.000000
v 0.005000 -1.800000 0.000000
v 0.005000 -1.700000 0.000000
v 0.005000 -1.600000 0.000000
v 0.005000 -1.500000 0.000000
v 0.005000 -1.400000 0.000000
v 0.005000 -1.300000 0.000000
v 0.005000 -1.200000 0.000000
v 0.005000 -1.100000 0.000000
v 0.005000 -1.000000 0.000000
v 0.005000 -0.900000 0.000000
v 0.005000 -0.800000 0.000000
v 0.005000 -0.700000 0.000000
v 0.005000 -0.600000 0.000000
v 0.005000 -3.400000 -0.100000
v 0.005000 -3.300000 -0.100000
v 0.005000 -3.200000 -0.100000
v 0.005000 -3.100000 -0.100000
v 0.005000 -3.000000 -0.100000
v 0.005000 -2.900000 -0.100000
v 0.005000 -2.800000 -0.100000
v 0.005000 -2.700000 -0.100000
v 0.005000 -2.600000 -0.100000
v 0.005000 -2.500000 -0.100000
v 0.005000 -2.400000 -0.100000
v 0.005000 -2.300000 -0.100000
v 0.005000 -2.200000 -0.100000
v 0.005000 -2.100000 -0.100000
v 0.005000 -2.000000 -0.100000
v 0.005000 -1.900000 -0.100000
v 0.005000 -1.800000 -0.100000
v 0.005000 -1.700000 -0.100000
v 0.005000 -1.600000 -0.100000
v 0.005000 -1.500000 -0.100000
v 0.005000 -1.400000 -0.100000
v 0.005000 -1.300000 -0.100000
v 0.005000 -1.200000 -0.100000
v 0.005000 -1.100000 -0.100000
v 0.005000 -1.000000 -0.100000
v 0.005000 -0.900000 -0.100000
v 0.005000 -0.800000 -0.100000
v 0.005000 -0.700000 -0.100000
v 0.005000 -0.600000 -0.100000
v 0.005000 -3.400000 -0.200000
v 0.005000 -3.300000 -0.200000
v 0.005000 -3.200000 -0.200000
v 0.005000 -3.100000 -0.200000
v 0.005000 -3.000000 -0.200000
v 0.005000 -2.900000 -0.200000
v 0.005000 -2.800000 -0.200000
v 0.005000 -2.700000 -0.200000
v 0.005000 -2.600000 -0.200000
v 0.005000 -2.500000 -0.200000
v 0.005000 -2.400000 -0.200000
v 0.005000 -2.300000 -0.200000
v 0.005000 -2.200000 -0.200000
v 0.005000 -2.100000 -0.200000
v 0.005000 -2.000000 -0.200000
v 0.005000 -1.900000 -0.200000
v 0.005000 -1.800000 -0.200000
v 0.005000 -1.700000 -0.200000
v 0.005000 -1.600000 -0.200000
v 0.005000 -1.500000 -0.200000
v 0.005000 -1.400000 -0.200000
v 0.005000 -1.300000 -0.200000
v 0.005000 -1.200000 -0.200000
v 0.005000 -1.100000 -0.200000
v 0.005000 -1.000000 -0.200000
v 0.005000 -0.900000 -0.200000
v 0.005000 -0.800000 -0.200000
v 0.005000 -0.700000 -0.200000
v 0.005000 -0.600000 -0.200000
v 0.005000 -3.400000 -0.300000
v 0.005000 -3.300000 -0.300000
v 0.005000 -3.200000 -0.300000
v 0.005000 -3.100000 -0.300000
v 0.005000 -3.000000 -0.300000
v 0.005000 -2.900000 -0.300000
v 0.005000 -2.800000 -0.300000
v 0.005000 -2.700000 -0.300000
v 0.005000 -2.600000 -0.300000
v 0.005000 -2.500000 -0.300000
v 0.005000 -2.400000 -0.300000
v 0.005000 -2.300000 -0.300000
v 0.005000 -2.200000 -0.300000
v 0.005000 -2.100000 -0.300000
v 0.005000 -2.000000 -0.300000
v 0.005000 -1.900000 -0.300000
v 0.005000 -1.800000 -0.300000
v 0.005000 -1.700000 -0.300000
v 0.005000 -1.600000 -0.300000
v 0.005000 -1.500000 -0.300000
v 0.005000 -1.400000 -0.300000
v 0.005000 -1.300000 -0.300000
v 0.005000 -1.200000 -0.300000
v 0.005000 -1.100000 -0.300000
v 0.005000 -1.000000 -0.300000
v 0.005000 -0.900000 -0.300000
v 0.005000 -0.800000 -0.300000
v 0.005000 -0.700000 -0.300000
v 0.005000 -0.600000 -0.300000
usemtl drama-AA7075
f 1 12 2
f 13 2 12
f 2 13 3
f 14 3 13
f 3 14 4
f 15 4 14
f 4 15 5
f 16 5 15
f 5 16 6
f 17 6 16
f 6 17 7
f 18 7 17
f 7 18 8
f 19 8 18
f 8 19 9
f 20 9 19
f 9 20 10
f 21 10 20
f 10 21 11
f 22 11 21
f 12 23 13
f 24 13 23
f 13 24 14
f 25 14 24
f 14 25 15
f 26 15 25
f 15 26 16
f 27 16 26
f 16 27 17
f 28 17 27
f 17 28 18
f 29 18 28
f 18 29 19
f 30 19 29
f 19 30 20
f 31 20 30
f 20 31 21
f 32 21 31
f 21 32 22
f 33 22 32
f 23 34 24
f 35 24 34
f 24 35 25
f 36 25 35
f 25 36 26
f 37 26 36
f 26 37 27
f 38 27 37
f 27 38 28
f 39 28 38
f 28 39 29
f 40 29 39
f 29 40 30
f 41 30 40
f 30 41 31
f 42 31 41
f 31 42 32
f 43 32 42
f 32 43 33
f 44 33 43
f 34 45 35
f 46 35 45
f 35 46 36
f 47 36 46
f 36 47 37
f 48 37 47
f 37 48 38
f 49 38 48
f 38 49 39
f 50 39 49
f 39 50 40
f 51 40 50
f 40 51 41
f 52 41 51
f 41 52 42
f 53 42 52
f 42 53 43
f 54 43 53
f 43 54 44
f 55 44 54
f 45 56 46
f 57 46 56
f 46 57 47
f 58 47 57
f 47 58 48
f 59 48 58
f 48 59 49
f 60 49 59
f 49 60 50
f 61 50 60
f 50 61 51
f 62 51 61
f 51 62 52
f 63 52 62
f 52 63 53
f 64 53 63
f 53 64 54
f 65 54 64
f 54 65 55
f 66 55 65
f 56 67 57
f 68 57 67
f 57 68 58
f 69 58 68
f 58 69 59
f 70 59 69
f 59 70 60
f 71 60 70
f 60 71 61
f 72 61 71
f 61 72 62
f 73 62 72
f 62 73 63
f 74 63 73
f 63 74 64
f 75 64 74
f 64 75 65
f 76 65 75
f 65 76 66
f 77 66 76
f 67 78 68
f 79 68 78
f 68 79 69
f 80 69 79
f 69 80 70
f 81 70 80
f 70 81 71
f 82 71 81
f 71 82 72
f 83 72 82
f 72 83 73
f 84 73 83
f 73 84 74
f 85 74 84
f 74 85 75
f 86 75 85
f 75 86 76
f 87 76 86
f 76 87 77
f 88 77 87
f 78 89 79
f 90 79 89
f 79 90 80
f 91 80 90
f 80 91 81
f 92 81 91
f 81 92 82
f 93 82 92
f 82 93 83
f 94 83 93
f 83 94 84
f 95 84 94
f 84 95 85
f 96 85 95
f 85 96 86
f 97 86 96
f 86 97 87
f 98 87 97
f 87 98 88
f 99 88 98
f 89 100 90
f 101 90 100
f 90 101 91
f 102 91 101
f 91 102 92
f 103 92 102
f 92 103 93
f 104 93 103
f 93 104 94
f 105 94 104
f 94 105 95
f 106 95 105
f 95 106 96
f 107 96 106
f 96 107 97
f 108 97 107
f 97 108 98
f 109 98 108
f 98 109 99
f 110 99 109
f 100 111 101
f 112 101 111
f 101 112 102
f 113 102 112
f 102 113 103
f 114 103 113
f 103 114 104
f 115 104 114
f 104 115 105
f 116 105 115
f 105 116 106
f 117 106 116
f 106 117 107
f 118 107 117
f 107 118 108
f 119 108 118
f 108 119 109
f 120 109 119
f 109 120 110
f 121 110 120
f 122 133 123
f 134 123 133
f 123 134 124
f 135 124 134
f 124 135 125
f 136 125 135
f 125 136 126
f 137 126 136
f 126 137 127
f 138 127 137
f 127 138 128
f 139 128 138
f 128 139 129
f 140 129 139
f 129 140 130
f 141 130 140
f 130 141 131
f 142 131 141
f 131 142 132
f 143 132 142
f 133 144 134
f 145 134 144
f 134 145 135
f 146 135 145
f 135 146 136
f 147 136 146
f 136 147 137
f 148 137 147
f 137 148 138
f 149 138 148
f 138 149 139
f 150 139 149
f 139 150 140
f 151 140 150
f 140 151 141
f 152 141 151
f 141 152 142
f 153 142 152
f 142 153 143
f 154 143 153
f 144 155 145
f 156 145 155
f 145 156 146
f 157 146 156
f 146 157 147
f 158 147 157
f 147 158 148
f 159 148 158
f 148 159 149
f 160 149 159
f 149 160 150
f 161 150 160
f 150 161 151
f 162 151 161
f 151 162 152
f 163 152 162
f 152 163 153
f 164 153 163
f 153 164 154
f 165 154 164
f 155 166 156
f 167 156 166
f 156 167 157
f 168 157 167
f 157 168 158
f 169 158 168
f 158 169 159
f 170 159 169
f 159 170 160
f 171 160 170
f 160 171 161
f 172 161 171
f 161 172 162
f 173 162 172
f 162 173 163
f 174 163 173
f 163 174 164
f 175 164 174
f 164 175 165
f 176 165 175
f 166 177 167
f 178 167 177
f 167 178 168
f 179 168 178
f 168 179 169
f 180 169 179
f 169 180 170
f 181 170 180
f 170 181 171
f 182 171 181
f 171 182 172
f 183 172 182
f 172 183 173
f 184 173 183
f 173 184 174
f 185 174 184
f 174 185 175
f 186 175 185
f 175 186 176
f 187 176 186
f 177 188 178
f 189 178 188
f 178 189 179
f 190 179 189
f 179 190 180
f 191 180 190
f 180 191 181
f 192 181 191
f 181 192 182
f 193 182 192
f 182 193 183
f 194 183 193
f 183 194 184
f 195 184 194
f 184 195 185
f 196 185 195
f 185 196 186
f 197 186 196
f 186 197 187
f 198 187 197
f 188 199 189
f 200 189 199
f 189 200 190
f 201 190 200
f 190 201 191
f 202 191 201
f 191 202 192
f 203 192 202
f 192 203 193
f 204 193 203
f 193 204 194
f 205 194 204
f 194 205 195
f 206 195 205
f 195 206 196
f 207 196 206
f 196 207 197
f 208 197 207
f 197 208 198
f 209 198 208
f 199 210 200
f 211 200 210
f 200 211 201
f 212 201 211
f 201 212 202
f 213 202 212
f 202 213 203
f 214 203 213
f 203 214 204
f 215 204 214
f 204 215 205
f 216 205 215
f 205 216 206
f 217 206 216
f 206 217 207
f 218 207 217
f 207 218 208
f 219 208 218
f 208 219 209
f 220 209 219
f 210 221 211
f 222 211 221
f 211 222 212
f 223 212 222
f 212 223 213
f 224 213 223
f 213 224 214
f 225 214 224
f 214 225 215
f 226 215 225
f 215 226 216
f 227 216 226
f 216 227 217
f 228 217 227
f 217 228 218
f 229 218 228
f 218 229 219
f 230 219 229
f 219 230 220
f 231 220 230
f 221 232 222
f 233 222 232
f 222 233 223
f 234 223 233
f 223 234 224
f 235 224 234
f 224 235 225
f 236 225 235
f 225 236 226
f 237 226 236
f 226 237 227
f 238 227 237
f 227 238 228
f 239 228 238
f 228 239 229
f 240 229 239
f 229 240 230
f 241 230 240
f 230 241 231
f 242 231 241
f 11 22 243
f 252 243 22
f 243 252 244
f 253 244 252
f 244 253 245
f 254 245 253
f 245 254 246
f 255 246 254
f 246 255 247
f 256 247 255
f 247 256 248
f 257 248 256
f 248 257 249
f 258 249 257
f 249 258 250
f 259 250 258
f 250 259 251
f 260 251 259
f 251 260 122
f 133 122 260
f 22 33 252
f 261 252 33
f 252 261 253
f 262 253 261
f 253 262 254
f 263 254 262
f 254 263 255
f 264 255 263
f 255 264 256
f 265 256 264
f 256 265 257
f 266 257 265
f 257 266 258
f 267 258 266
f 258 267 259
f 268 259 267
f 259 268 260
f 269 260 268
f 260 269 133
f 144 133 269
f 33 44 261
f 270 261 44
f 261 270 262
f 271 262 270
f 262 271 263
f 272 263 271
f 263 272 264
f 273 264 272
f 264 273 265
f 274 265 273
f 265 274 266
f 275 266 274
f 266 275 267
f 276 267 275
f 267 276 268
f 277 268 276
f 268 277 269
f 278 269 277
f 269 278 144
f 155 144 278
f 44 55 270
f 279 270 55
f 270 279 271
f 280 271 279
f 271 280 272
f 281 272 280
f 272 281 273
f 282 273 281
f 273 282 274
f 283 274 282
f 274 283 275
f 284 275 283
f 275 284 276
f 285 276 284
f 276 285 277
f 286 277 285
f 277 286 278
f 287 278 286
f 278 287 155
f 166 155 287
f 55 66 279
f 288 279 66
f 279 288 280
f 289 280 288
f 280 289 281
f 290 281 289
f 281 290 282
f 291 282 290
f 282 291 283
f 292 283 291
f 283 292 284
f 293 284 292
f 284 293 285
f 294 285 293
f 285 294 286
f 295 286 294
f 286 295 287
f 296 287 295
f 287 296 166
f 177 166 296
f 66 77 288
f 297 288 77
f 288 297 289
f 298 289 297
f 289 298 290
f 299 290 298
f 290 299 291
f 300 291 299
f 291 300 292
f 301 292 300
f 292 301 293
f 302 293 301
f 293 302 294
f 303 294 302
f 294 303 295
f 304 295 303
f 295 304 296
f 305 296 304
f 296 305 177
f 188 177 305
f 77 88 297
f 306 297 88
f 297 306 298
f 307 298 306
f 298 307 299
f 308 299 307
f 299 308 300
f 309 300 308
f 300 309 301
f 310 301 309
f 301 310 302
f 311 302 310
f 302 311 303
f 312 303 311
f 303 312 304
f 313 304 312
f 304 313 305
f 314 305 313
f 305 314 188
f 199 188 314
f 88 99 306
f 315 306 99
f 306 315 307
f 316 307 315
f 307 316 308
f 317 308 316
f 308 317 309
f 318 309 317
f 309 318 310
f 319 310 318
f 310 319 311
f 320 311 319
f 311 320 312
f 321 312 320
f 312 321 313
f 322 313 321
f 313 322 314
f 323 314 322
f 314 323 199
f 210 199 323
f 99 110 315
f 324 315 110
f 315 324 316
f 325 316 324
f 316 325 317
f 326 317 325
f 317 326 318
f 327 318 326
f 318 327 319
f 328 319 327
f 319 328 320
f 329 320 328
f 320 329 321
f 330 321 329
f 321 330 322
f 331 322 330
f 322 331 323
f 332 323 331
f 323 332 210
f 221 210 332
f 110 121 324
f 333 324 121
f 324 333 325
f 334 325 333
f 325 334 326
f 335 326 334
f 326 335 327
f 336 327 335
f 327 336 328
f 337 328 336
f 328 337 329
f 338 329 337
f 329 338 330
f 339 330 338
f 330 339 331
f 340 331 339
f 331 340 332
f 341 332 340
f 332 341 221
f 232 221 341
f 132 143 342
f 351 342 143
f 342 351 343
f 352 343 351
f 343 352 344
f 353 344 352
f 344 353 345
f 354 345 353
f 345 354 346
f 355 346 354
f 346 355 347
f 356 347 355
f 347 356 348
f 357 348 356
f 348 357 349
f 358 349 357
f 349 358 350
f 359 350 358
f 350 359 1
f 12 1 359
f 143 154 351
f 360 351 154
f 351 360 352
f 361 352 360
f 352 361 353
f 362 353 361
f 353 362 354
f 363 354 362
f 354 363 355
f 364 355 363
f 355 364 356
f 365 356 364
f 356 365 357
f 366 357 365
f 357 366 358
f 367 358 366
f 358 367 359
f 368 359 367
f 359 368 12
f 23 12 368
f 154 165 360
f 369 360 165
f 360 369 361
f 370 361 369
f 361 370 362
f 371 362 370
f 362 371 363
f 372 363 371
f 363 372 364
f 373 364 372
f 364 373 365
f 374 365 373
f 365 374 366
f 375 366 374
f 366 375 367
f 376 367 375
f 367 376 368
f 377 368 376
f 368 377 23
f 34 23 377
f 165 176 369
f 378 369 176
f 369 378 370
f 379 370 378
f 370 379 371
f 380 371 379
f 371 380 372
f 381 372 380
f 372 381 373
f 382 373 381
f 373 382 374
f 383 374 382
f 374 383 375
f 384 375 383
f 375 384 376
f 385 376 384
f 376 385 377
f 386 377 385
f 377 386 34
f 45 34 386
f 176 187 378
f 387 378 187
f 378 387 379
f 388 379 387
f 379 388 380
f 389 380 388
f 380 389 381
f 390 381 389
f 381 390 382
f 391 382 390
f 382 391 383
f 392 383 391
f 383 392 384
f 393 384 392
f 384 393 385
f 394 385 393
f 385 394 386
f 395 386 394
f 386 395 45
f 56 45 395
f 187 198 387
f 396 387 198
f 387 396 388
f 397 388 396
f 388 397 389
f 398 389 397
f 389 398 390
f 399 390 398
f 390 399 391
f 400 391 399
f 391 400 392
f 401 392 400
f 392 401 393
f 402 393 401
f 393 402 394
f 403 394 402
f 394 403 395
f 404 395 403
f 395 404 56
f 67 56 404
f 198 209 396
f 405 396 209
f 396 405 397
f 406 397 405
f 397 406 398
f 407 398 406
f 398 407 399
f 408 399 407
f 399 408 400
f 409 400 408
f 400 409 401
f 410 401 409
f 401 410 402
f 411 402 410
f 402 411 403
f 412 403 411
f 403 412 404
f 413 404 412
f 404 413 67
f 78 67 413
f 209 220 405
f 414 405 220
f 405 414 406
f 415 406 414
f 406 415 407
f 416 407 415
f 407 416 408
f 417 408 416
f 408 417 409
f 418 409 417
f 409 418 410
f 419 410 418
f 410 419 411
f 420 411 419
f 411 420 412
f 421 412 420
f 412 421 413
f 422 413 421
f 413 422 78
f 89 78 422
f 220 231 414
f 423 414 231
f 414 423 415
f 424 415 423
f 415 424 416
f 425 416 424
f 416 425 417
f 426 417 425
f 417 426 418
f 427 418 426
f 418 427 419
f 428 419 427
f 419 428 420
f 429 420 428
f 420 429 421
f 430 421 429
f 421 430 422
f 431 422 430
f 422 431 89
f 100 89 431
f 231 242 423
f 432 423 242
f 423 432 424
f 433 424 432
f 424 433 425
f 434 425 433
f 425 434 426
f 435 426 434
f 426 435 427
f 436 427 435
f 427 436 428
f 437 428 436
f 428 437 429
f 438 429 437
f 429 438 430
f 439 430 438
f 430 439 431
f 440 431 439
f 431 440 100
f 111 100 440
f 1 2 350
f 441 350 2
f 350 441 349
f 442 349 441
f 349 442 348
f 443 348 442
f 348 443 347
f 444 347 443
f 347 444 346
f 445 346 444
f 346 445 345
f 446 345 445
f 345 446 344
f 447 344 446
f 344 447 343
f 448 343 447
f 343 448 342
f 449 342 448
f 342 449 132
f 131 132 449
f 2 3 441
f 450 441 3
f 441 450 442
f 451 442 450
f 442 451 443
f 452 443 451
f 443 452 444
f 453 444 452
f 444 453 445
f 454 445 453
f 445 454 446
f 455 446 454
f 446 455 447
f 456 447 455
f 447 456 448
f 457 448 456
f 448 457 449
f 458 449 457
f 449 458 131
f 130 131 458
f 3 4 450
f 459 450 4
f 450 459 451
f 460 451 459
f 451 460 452
f 461 452 460
f 452 461 453
f 462 453 461
f 453 462 454
f 463 454 462
f 454 463 455
f 464 455 463
f 455 464 456
f 465 456 464
f 456 465 457
f 466 457 465
f 457 466 458
f 467 458 466
f 458 467 130
f 129 130 467
f 4 5 459
f 468 459 5
f 459 468 460
f 469 460 468
f 460 469 461
f 470 461 469
f 461 470 462
f 471 462 470
f 462 471 463
f 472 463 471
f 463 472 464
f 473 464 472
f 464 473 465
f 474 465 473
f 465 474 466
f 475 466 474
f 466 475 467
f 476 467 475
f 467 476 129
f 128 129 476
f 5 6 468
f 477 468 6
f 468 477 469
f 478 469 477
f 469 478 470
f 479 470 478
f 470 479 471
f 480 471 479
f 471 480 472
f 481 472 480
f 472 481 473
f 482 473 481
f 473 482 474
f 483 474 482
f 474 483 475
f 484 475 483
f 475 484 476
f 485 476 484
f 476 485 128
f 127 128 485
f 6 7 477
f 486 477 7
f 477 486 478
f 487 478 486
f 478 487 479
f 488 479 487
f 479 488 480
f 489 480 488
f 480 489 481
f 490 481 489
f 481 490 482
f 491 482 490
f 482 491 483
f 492 483 491
f 483 492 484
f 493 484 492
f 484 493 485
f 494 485 493
f 485 494 127
f 126 127 494
f 7 8 486
f 495 486 8
f 486 495 487
f 496 487 495
f 487 496 488
f 497 488 496
f 488 497 489
f 498 489 497
f 489 498 490
f 499 490 498
f 490 499 491
f 500 491 499
f 491 500 492
f 501 492 500
f 492 501 493
f 502 493 501
f 493 502 494
f 503 494 502
f 494 503 126
f 125 126 503
f 8 9 495
f 504 495 9
f 495 504 496
f 505 496 504
f 496 505 497
f 506 497 505
f 497 506 498
f 507 498 506
f 498 507 499
f 508 499 507
f 499 508 500
f 509 500 508
f 500 509 501
f 510 501 509
f 501 510 502
f 511 502 510
f 502 511 503
f 512 503 511
f 503 512 125
f 124 125 512
f 9 10 504
f 513 504 10
f 504 513 505
f 514 505 513
f 505 514 506
f 515 506 514
f 506 515 507
f 516 507 515
f 507 516 508
f 517 508 516
f 508 517 509
f 518 509 517
f 509 518 510
f 519 510 518
f 510 519 511
f 520 511 519
f 511 520 512
f 521 512 520
f 512 521 124
f 123 124 521
f 10 11 513
f 243 513 11
f 513 243 514
f 244 514 243
f 514 244 515
f 245 515 244
f 515 245 516
f 246 516 245
f 516 246 517
f 247 517 246
f 517 247 518
f 248 518 247
f 518 248 519
f 249 519 248
f 519 249 520
f 250 520 249
f 520 250 521
f 251 521 250
f 521 251 123
f 122 123 251
f 121 120 333
f 522 333 120
f 333 522 334
f 523 334 522
f 334 523 335
f 524 335 523
f 335 524 336
f 525 336 524
f 336 525 337
f 526 337 525
f 337 526 338
f 527 338 526
f 338 527 339
f 528 339 527
f 339 528 340
f 529 340 528
f 340 529 341
f 530 341 529
f 341 530 232
f 233 232 530
f 120 119 522
f 531 522 119
f 522 531 523
f 532 523 531
f 523 532 524
f 533 524 532
f 524 533 525
f 534 525 533
f 525 534 526
f 535 526 534
f 526 535 527
f 536 527 535
f 527 536 528
f 537 528 536
f 528 537 529
f 538 529 537
f 529 538 530
f 539 530 538
f 530 539 233
f 234 233 539
f 119 118 531
f 540 531 118
f 531 540 532
f 541 532 540
f 532 541 533
f 542 533 541
f 533 542 534
f 543 534 542
f 534 543 535
f 544 535 543
f 535 544 536
f 545 536 544
f 536 545 537
f 546 537 545
f 537 546 538
f 547 538 546
f 538 547 539
f 548 539 547
f 539 548 234
f 235 234 548
f 118 117 540
f 549 540 117
f 540 549 541
f 550 541 549
f 541 550 542
f 551 542 550
f 542 551 543
f 552 543 551
f 543 552 544
f 553 544 552
f 544 553 545
f 554 545 553
f 545 554 546
f 555 546 554
f 546 555 547
f 556 547 555
f 547 556 548
f 557 548 556
f 548 557 235
f 236 235 557
f 117 116 549
f 558 549 116
f 549 558 550
f 559 550 558
f 550 559 551
f 560 551 559
f 551 560 552
f 561 552 560
f 552 561 553
f 562 553 561
f 553 562 554
f 563 554 562
f 554 563 555
f 564 555 563
f 555 564 556
f 565 556 564
f 556 565 557
f 566 557 565
f 557 566 236
f 237 236 566
f 116 115 558
f 567 558 115
f 558 567 559
f 568 559 567
f 559 568 560
f 569 560 568
f 560 569 561
f 570 561 569
f 561 570 562
f 571 562 570
f 562 571 563
f 572 563 571
f 563 572 564
f 573 564 572
f 564 573 565
f 574 565 573
f 565 574 566
f 575 566 574
f 566 575 237
f 238 237 575
f 115 114 567
f 576 567 114
f 567 576 568
f 577 568 576
f 568 577 569
f 578 569 577
f 569 578 570
f 579 570 578
f 570 579 571
f 580 571 579
f 571 580 572
f 581 572 580
f 572 581 573
f 582 573 581
f 573 582 574
f 583 574 582
f 574 583 575
f 584 575 583
f 575 584 238
f 239 238 584
f 114 113 576
f 585 576 113
f 576 585 577
f 586 577 585
f 577 586 578
f 587 578 586
f 578 587 579
f 588 579 587
f 579 588 580
f 589 580 588
f 580 589 581
f 590 581 589
f 581 590 582
f 591 582 590
f 582 591 583
f 592 583 591
f 583 592 584
f 593 584 592
f 584 593 239
f 240 239 593
f 113 112 585
f 594 585 112
f 585 594 586
f 595 586 594
f 586 595 587
f 596 587 595
f 587 596 588
f 597 588 596
f 588 597 589
f 598 589 597
f 589 598 590
f 599 590 598
f 590 599 591
f 600 591 599
f 591 600 592
f 601 592 600
f 592 601 593
f 602 593 601
f 593 602 240
f 241 240 602
f 112 111 594
f 440 594 111
f 594 440 595
f 439 595 440
f 595 439 596
f 438 596 439
f 596 438 597
f 437 597 438
f 597 437 598
f 436 598 437
f 598 436 599
f 435 599 436
f 599 435 600
f 434 600 435
f 600 434 601
f 433 601 434
f 601 433 602
f 432 602 433
f 602 432 241
f 242 241 432
usemtl drama-AA7075
f 603 608 604
f 609 604 608
f 604 609 605
f 610 605 609
f 605 610 606
f 611 606 610
f 606 611 607
f 612 607 611
f 608 613 609
f 614 609 613
f 609 614 610
f 615 610 614
f 610 615 611
f 616 611 615
f 611 616 612
f 617 612 616
f 613 618 614
f 619 614 618
f 614 619 615
f 620 615 619
f 615 620 616
f 621 616 620
f 616 621 617
f 622 617 621
f 623 628 624
f 629 624 628
f 624 629 625
f 630 625 629
f 625 630 626
f 631 626 630
f 626 631 627
f 632 627 631
f 628 633 629
f 634 629 633
f 629 634 630
f 635 630 634
f 630 635 631
f 636 631 635
f 631 636 632
f 637 632 636
f 633 638 634
f 639 634 638
f 634 639 635
f 640 635 639
f 635 640 636
f 641 636 640
f 636 641 637
f 642 637 641
f 607 612 643
f 648 643 612
f 643 648 644
f 649 644 648
f 644 649 645
f 650 645 649
f 645 650 646
f 651 646 650
f 646 651 647
f 652 647 651
f 647 652 623
f 628 623 652
f 612 617 648
f 653 648 617
f 648 653 649
f 654 649 653
f 649 654 650
f 655 650 654
f 650 655 651
f 656 651 655
f 651 656 652
f 657 652 656
f 652 657 628
f 633 628 657
f 617 622 653
f 658 653 622
f 653 658 654
f 659 654 658
f 654 659 655
f 660 655 659
f 655 660 656
f 661 656 660
f 656 661 657
f 662 657 661
f 657 662 633
f 638 633 662
f 627 632 663
f 668 663 632
f 663 668 664
f 669 664 668
f 664 669 665
f 670 665 669
f 665 670 666
f 671 666 670
f 666 671 667
f 672 667 671
f 667 672 603
f 608 603 672
f 632 637 668
f 673 668 637
f 668 673 669
f 674 669 673
f 669 674 670
f 675 670 674
f 670 675 671
f 676 671 675
f 671 676 672
f 677 672 676
f 672 677 608
f 613 608 677
f 637 642 673
f 678 673 642
f 673 678 674
f 679 674 678
f 674 679 675
f 680 675 679
f 675 680 676
f 681 676 680
f 676 681 677
f 682 677 681
f 677 682 613
f 618 613 682
f 603 604 667
f 683 667 604
f 667 683 666
f 684 666 683
f 666 684 665
f 685 665 684
f 665 685 664
f 686 664 685
f 664 686 663
f 687 663 686
f 663 687 627
f 626 627 687
f 604 605 683
f 688 683 605
f 683 688 684
f 689 684 688
f 684 689 685
f 690 685 689
f 685 690 686
f 691 686 690
f 686 691 687
f 692 687 691
f 687 692 626
f 625 626 692
f 605 606 688
f 693 688 606
f 688 693 689
f 694 689 693
f 689 694 690
f 695 690 694
f 690 695 691
f 696 691 695
f 691 696 692
f 697 692 696
f 692 697 625
f 624 625 697
f 606 607 693
f 643 693 607
f 693 643 694
f 644 694 643
f 694 644 695
f 645 695 644
f 695 645 696
f 646 696 645
f 696 646 697
f 647 697 646
f 697 647 624
f 623 624 647
f 622 621 658
f 698 658 621
f 658 698 659
f 699 659 698
f 659 699 660
f 700 660 699
f 660 700 661
f 701 661 700
f 661 701 662
f 702 662 701
f 662 702 638
f 639 638 702
f 621 620 698
f 703 698 620
f 698 703 699
f 704 699 703
f 699 704 700
f 705 700 704
f 700 705 701
f 706 701 705
f 701 706 702
f 707 702 706
f 702 707 639
f 640 639 707
f 620 619 703
f 708 703 619
f 703 708 704
f 709 704 708
f 704 709 705
f 710 705 709
f 705 710 706
f 711 706 710
f 706 711 707
f 712 707 711
f 707 712 640
f 641 640 712
f 619 618 708
f 682 708 618
f 708 682 709
f 681 709 682
f 709 681 710
f 680 710 681
f 710 680 711
f 679 711 680
f 711 679 712
f 678 712 679
f 712 678 641
f 642 641 678
usemtl drama-AA7075
f 713 716 714
f 717 714 716
f 714 717 715
f 718 715 717
f 716 719 717
f 720 717 719
f 717 720 718
f 721 718 720
f 722 725 723
f 726 723 725
f 723 726 724
f 727 724 726
f 725 728 726
f 729 726 728
f 726 729 727
f 730 727 729
f 715 718 731
f 733 731 718
f 731 733 732
f 734 732 733
f 732 734 722
f 725 722 734
f 718 721 733
f 735 733 721
f 733 735 734
f 736 734 735
f 734 736 725
f 728 725 736
f 724 727 737
f 739 737 727
f 737 739 738
f 740 738 739
f 738 740 713
f 716 713 740
f 727 730 739
f 741 739 730
f 739 741 740
f 742 740 741
f 740 742 716
f 719 716 742
f 713 714 738
f 743 738 714
f 738 743 737
f 744 737 743
f 737 744 724
f 723 724 744
f 714 715 743
f 731 743 715
f 743 731 744
f 732 744 731
f 744 732 723
f 722 723 732
f 721 720 735
f 745 735 720
f 735 745 736
f 746 736 745
f 736 746 728
f 729 728 746
f 720 719 745
f 742 745 719
f 745 742 746
f 741 746 742
f 746 741 729
f 730 729 741
usemtl drama-AA7075
f 747 752 748
f 753 748 752
f 748 753 749
f 754 749 753
f 749 754 750
f 755 750 754
f 750 755 751
f 756 751 755
f 752 757 753
f 758 753 757
f 753 758 754
f 759 754 758
f 754 759 755
f 760 755 759
f 755 760 756
f 761 756 760
f 762 767 763
f 768 763 767
f 763 768 764
f 769 764 768
f 764 769 765
f 770 765 769
f 765 770 766
f 771 766 770
f 767 772 768
f 773 768 772
f 768 773 769
f 774 769 773
f 769 774 770
f 775 770 774
f 770 775 771
f 776 771 775
f 751 756 777
f 782 777 756
f 777 782 778
f 783 778 782
f 778 783 779
f 784 779 783
f 779 784 780
f 785 780 784
f 780 785 781
f 786 781 785
f 781 786 762
f 767 762 786
f 756 761 782
f 787 782 761
f 782 787 783
f 788 783 787
f 783 788 784
f 789 784 788
f 784 789 785
f 790 785 789
f 785 790 786
f 791 786 790
f 786 791 767
f 772 767 791
f 766 771 792
f 797 792 771
f 792 797 793
f 798 793 797
f 793 798 794
f 799 794 798
f 794 799 795
f 800 795 799
f 795 800 796
f 801 796 800
f 796 801 747
f 752 747 801
f 771 776 797
f 802 797 776
f 797 802 798
f 803 798 802
f 798 803 799
f 804 799 803
f 799 804 800
f 805 800 804
f 800 805 801
f 806 801 805
f 801 806 752
f 757 752 806
f 747 748 796
f 807 796 748
f 796 807 795
f 808 795 807
f 795 808 794
f 809 794 808
f 794 809 793
f 810 793 809
f 793 810 792
f 811 792 810
f 792 811 766
f 765 766 811
f 748 749 807
f 812 807 749
f 807 812 808
f 813 808 812
f 808 813 809
f 814 809 813
f 809 814 810
f 815 810 814
f 810 815 811
f 816 811 815
f 811 816 765
f 764 765 816
f 749 750 812
f 817 812 750
f 812 817 813
f 818 813 817
f 813 818 814
f 819 814 818
f 814 819 815
f 820 815 819
f 815 820 816
f 821 816 820
f 816 821 764
f 763 764 821
f 750 751 817
f 777 817 751
f 817 777 818
f 778 818 777
f 818 778 819
f 779 819 778
f 819 779 820
f 780 820 779
f 820 780 821
f 781 821 780
f 821 781 763
f 762 763 781
f 761 760 787
f 822 787 760
f 787 822 788
f 823 788 822
f 788 823 789
f 824 789 823
f 789 824 790
f 825 790 824
f 790 825 791
f 826 791 825
f 791 826 772
f 773 772 826
f 760 759 822
f 827 822 759
f 822 827 823
f 828 823 827
f 823 828 824
f 829 824 828
f 824 829 825
f 830 825 829
f 825 830 826
f 831 826 830
f 826 831 773
f 774 773 831
f 759 758 827
f 832 827 758
f 827 832 828
f 833 828 832
f 828 833 829
f 834 829 833
f 829 834 830
f 835 830 834
f 830 835 831
f 836 831 835
f 831 836 774
f 775 774 836
f 758 757 832
f 806 832 757
f 832 806 833
f 805 833 806
f 833 805 834
f 804 834 805
f 834 804 835
f 803 835 804
f 835 803 836
f 802 836 803
f 836 802 775
f 776 775 802
usemtl drama-AA7075
f 837 840 838
f 841 838 840
f 838 841 839
f 842 839 841
f 840 843 841
f 844 841 843
f 841 844 842
f 845 842 844
f 846 849 847
f 850 847 849
f 847 850 848
f 851 848 850
f 849 852 850
f 853 850 852
f 850 853 851
f 854 851 853
f 839 842 855
f 857 855 842
f 855 857 856
f 858 856 857
f 856 858 846
f 849 846 858
f 842 845 857
f 859 857 845
f 857 859 858
f 860 858 859
f 858 860 849
f 852 849 860
f 848 851 861
f 863 861 851
f 861 863 862
f 864 862 863
f 862 864 837
f 840 837 864
f 851 854 863
f 865 863 854
f 863 865 864
f 866 864 865
f 864 866 840
f 843 840 866
f 837 838 862
f 867 862 838
f 862 867 861
f 868 861 867
f 861 868 848
f 847 848 868
f 838 839 867
f 855 867 839
f 867 855 868
f 856 868 855
f 868 856 847
f 846 847 856
f 845 844 859
f 869 859 844
f 859 869 860
f 870 860 869
f 860 870 852
f 853 852 870
f 844 843 869
f 866 869 843
f 869 866 870
f 865 870 866
f 870 865 853
f 854 853 865
usemtl drama-AA7075
f 871 876 872
f 877 872 876
f 872 877 873
f 878 873 877
f 873 878 874
f 879 874 878
f 874 879 875
f 880 875 879
f 876 881 877
f 882 877 881
f 877 882 878
f 883 878 882
f 878 883 879
f 884 879 883
f 879 884 880
f 885 880 884
f 886 891 887
f 892 887 891
f 887 892 888
f 893 888 892
f 888 893 889
f 894 889 893
f 889 894 890
f 895 890 894
f 891 896 892
f 897 892 896
f 892 897 893
f 898 893 897
f 893 898 894
f 899 894 898
f 894 899 895
f 900 895 899
f 875 880 901
f 904 901 880
f 901 904 902
f 905 902 904
f 902 905 903
f 906 903 905
f 903 906 886
f 891 886 906
f 880 885 904
f 907 904 885
f 904 907 905
f 908 905 907
f 905 908 906
f 909 906 908
f 906 909 891
f 896 891 909
f 890 895 910
f 913 910 895
f 910 913 911
f 914 911 913
f 911 914 912
f 915 912 914
f 912 915 871
f 876 871 915
f 895 900 913
f 916 913 900
f 913 916 914
f 917 914 916
f 914 917 915
f 918 915 917
f 915 918 876
f 881 876 918
f 871 872 912
f 919 912 872
f 912 919 911
f 920 911 919
f 911 920 910
f 921 910 920
f 910 921 890
f 889 890 921
f 872 873 919
f 922 919 873
f 919 922 920
f 923 920 922
f 920 923 921
f 924 921 923
f 921 924 889
f 888 889 924
f 873 874 922
f 925 922 874
f 922 925 923
f 926 923 925
f 923 926 924
f 927 924 926
f 924 927 888
f 887 888 927
f 874 875 925
f 901 925 875
f 925 901 926
f 902 926 901
f 926 902 927
f 903 927 902
f 927 903 887
f 886 887 903
f 885 884 907
f 928 907 884
f 907 928 908
f 929 908 928
f 908 929 909
f 930 909 929
f 909 930 896
f 897 896 930
f 884 883 928
f 931 928 883
f 928 931 929
f 932 929 931
f 929 932 930
f 933 930 932
f 930 933 897
f 898 897 933
f 883 882 931
f 934 931 882
f 931 934 932
f 935 932 934
f 932 935 933
f 936 933 935
f 933 936 898
f 899 898 936
f 882 881 934
f 918 934 881
f 934 918 935
f 917 935 918
f 935 917 936
f 916 936 917
f 936 916 899
f 900 899 916
usemtl drama-AA7075
f 937 942 938
f 943 938 942
f 938 943 939
f 944 939 943
f 939 944 940
f 945 940 944
f 940 945 941
f 946 941 945
f 942 947 943
f 948 943 947
f 943 948 944
f 949 944 948
f 944 949 945
f 950 945 949
f 945 950 946
f 951 946 950
f 947 952 948
f 953 948 952
f 948 953 949
f 954 949 953
f 949 954 950
f 955 950 954
f 950 955 951
f 956 951 955
f 957 962 958
f 963 958 962
f 958 963 959
f 964 959 963
f 959 964 960
f 965 960 964
f 960 965 961
f 966 961 965
f 962 967 963
f 968 963 967
f 963 968 964
f 969 964 968
f 964 969 965
f 970 965 969
f 965 970 966
f 971 966 970
f 967 972 968
f 973 968 972
f 968 973 969
f 974 969 973
f 969 974 970
f 975 970 974
f 970 975 971
f 976 971 975
f 941 946 977
f 982 977 946
f 977 982 978
f 983 978 982
f 978 983 979
f 984 979 983
f 979 984 980
f 985 980 984
f 980 985 981
f 986 981 985
f 981 986 957
f 962 957 986
f 946 951 982
f 987 982 951
f 982 987 983
f 988 983 987
f 983 988 984
f 989 984 988
f 984 989 985
f 990 985 989
f 985 990 986
f 991 986 990
f 986 991 962
f 967 962 991
f 951 956 987
f 992 987 956
f 987 992 988
f 993 988 992
f 988 993 989
f 994 989 993
f 989 994 990
f 995 990 994
f 990 995 991
f 996 991 995
f 991 996 967
f 972 967 996
f 961 966 997
f 1002 997 966
f 997 1002 998
f 1003 998 1002
f 998 1003 999
f 1004 999 1003
f 999 1004 1000
f 1005 1000 1004
f 1000 1005 1001
f 1006 1001 1005
f 1001 1006 937
f 942 937 1006
f 966 971 1002
f 1007 1002 971
f 1002 1007 1003
f 1008 1003 1007
f 1003 1008 1004
f 1009 1004 1008
f 1004 1009 1005
f 1010 1005 1009
f 1005 1010 1006
f 1011 1006 1010
f 1006 1011 942
f 947 942 1011
f 971 976 1007
f 1012 1007 976
f 1007 1012 1008
f 1013 1008 1012
f 1008 1013 1009
f 1014 1009 1013
f 1009 1014 1010
f 1015 1010 1014
f 1010 1015 1011
f 1016 1011 1015
f 1011 1016 947
f 952 947 1016
f 937 938 1001
f 1017 1001 938
f 1001 1017 1000
f 1018 1000 1017
f 1000 1018 999
f 1019 999 1018
f 999 1019 998
f 1020 998 1019
f 998 1020 997
f 1021 997 1020
f 997 1021 961
f 960 961 1021
f 938 939 1017
f 1022 1017 939
f 1017 1022 1018
f 1023 1018 1022
f 1018 1023 1019
f 1024 1019 1023
f 1019 1024 1020
f 1025 1020 1024
f 1020 1025 1021
f 1026 1021 1025
f 1021 1026 960
f 959 960 1026
f 939 940 1022
f 1027 1022 940
f 1022 1027 1023
f 1028 1023 1027
f 1023 1028 1024
f 1029 1024 1028
f 1024 1029 1025
f 1030 1025 1029
f 1025 1030 1026
f 1031 1026 1030
f 1026 1031 959
f 958 959 1031
f 940 941 1027
f 977 1027 941
f 1027 977 1028
f 978 1028 977
f 1028 978 1029
f 979 1029 978
f 1029 979 1030
f 980 1030 979
f 1030 980 1031
f 981 1031 980
f 1031 981 958
f 957 958 981
f 956 955 992
f 1032 992 955
f 992 1032 993
f 1033 993 1032
f 993 1033 994
f 1034 994 1033
f 994 1034 995
f 1035 995 1034
f 995 1035 996
f 1036 996 1035
f 996 1036 972
f 973 972 1036
f 955 954 1032
f 1037 1032 954
f 1032 1037 1033
f 1038 1033 1037
f 1033 1038 1034
f 1039 1034 1038
f 1034 1039 1035
f 1040 1035 1039
f 1035 1040 1036
f 1041 1036 1040
f 1036 1041 973
f 974 973 1041
f 954 953 1037
f 1042 1037 953
f 1037 1042 1038
f 1043 1038 1042
f 1038 1043 1039
f 1044 1039 1043
f 1039 1044 1040
f 1045 1040 1044
f 1040 1045 1041
f 1046 1041 1045
f 1041 1046 974
f 975 974 1046
f 953 952 1042
f 1016 1042 952
f 1042 1016 1043
f 1015 1043 1016
f 1043 1015 1044
f 1014 1044 1015
f 1044 1014 1045
f 1013 1045 1014
f 1045 1013 1046
f 1012 1046 1013
f 1046 1012 975
f 976 975 1012
usemtl drama-AA7075
f 1047 1052 1048
f 1053 1048 1052
f 1048 1053 1049
f 1054 1049 1053
f 1049 1054 1050
f 1055 1050 1054
f 1050 1055 1051
f 1056 1051 1055
f 1052 1057 1053
f 1058 1053 1057
f 1053 1058 1054
f 1059 1054 1058
f 1054 1059 1055
f 1060 1055 1059
f 1055 1060 1056
f 1061 1056 1060
f 1057 1062 1058
f 1063 1058 1062
f 1058 1063 1059
f 1064 1059 1063
f 1059 1064 1060
f 1065 1060 1064
f 1060 1065 1061
f 1066 1061 1065
f 1067 1072 1068
f 1073 1068 1072
f 1068 1073 1069
f 1074 1069 1073
f 1069 1074 1070
f 1075 1070 1074
f 1070 1075 1071
f 1076 1071 1075
f 1072 1077 1073
f 1078 1073 1077
f 1073 1078 1074
f 1079 1074 1078
f 1074 1079 1075
f 1080 1075 1079
f 1075 1080 1076
f 1081 1076 1080
f 1077 1082 1078
f 1083 1078 1082
f 1078 1083 1079
f 1084 1079 1083
f 1079 1084 1080
f 1085 1080 1084
f 1080 1085 1081
f 1086 1081 1085
f 1051 1056 1087
f 1092 1087 1056
f 1087 1092 1088
f 1093 1088 1092
f 1088 1093 1089
f 1094 1089 1093
f 1089 1094 1090
f 1095 1090 1094
f 1090 1095 1091
f 1096 1091 1095
f 1091 1096 1067
f 1072 1067 1096
f 1056 1061 1092
f 1097 1092 1061
f 1092 1097 1093
f 1098 1093 1097
f 1093 1098 1094
f 1099 1094 1098
f 1094 1099 1095
f 1100 1095 1099
f 1095 1100 1096
f 1101 1096 1100
f 1096 1101 1072
f 1077 1072 1101
f 1061 1066 1097
f 1102 1097 1066
f 1097 1102 1098
f 1103 1098 1102
f 1098 1103 1099
f 1104 1099 1103
f 1099 1104 1100
f 1105 1100 1104
f 1100 1105 1101
f 1106 1101 1105
f 1101 1106 1077
f 1082 1077 1106
f 1071 1076 1107
f 1112 1107 1076
f 1107 1112 1108
f 1113 1108 1112
f 1108 1113 1109
f 1114 1109 1113
f 1109 1114 1110
f 1115 1110 1114
f 1110 1115 1111
f 1116 1111 1115
f 1111 1116 1047
f 1052 1047 1116
f 1076 1081 1112
f 1117 1112 1081
f 1112 1117 1113
f 1118 1113 1117
f 1113 1118 1114
f 1119 1114 1118
f 1114 1119 1115
f 1120 1115 1119
f 1115 1120 1116
f 1121 1116 1120
f 1116 1121 1052
f 1057 1052 1121
f 1081 1086 1117
f 1122 1117 1086
f 1117 1122 1118
f 1123 1118 1122
f 1118 1123 1119
f 1124 1119 1123
f 1119 1124 1120
f 1125 1120 1124
f 1120 1125 1121
f 1126 1121 1125
f 1121 1126 1057
f 1062 1057 1126
f 1047 1048 1111
f 1127 1111 1048
f 1111 1127 1110
f 1128 1110 1127
f 1110 1128 1109
f 1129 1109 1128
f 1109 1129 1108
f 1130 1108 1129
f 1108 1130 1107
f 1131 1107 1130
f 1107 1131 1071
f 1070 1071 1131
f 1048 1049 1127
f 1132 1127 1049
f 1127 1132 1128
f 1133 1128 1132
f 1128 1133 1129
f 1134 1129 1133
f 1129 1134 1130
f 1135 1130 1134
f 1130 1135 1131
f 1136 1131 1135
f 1131 1136 1070
f 1069 1070 1136
f 1049 1050 1132
f 1137 1132 1050
f 1132 1137 1133
f 1138 1133 1137
f 1133 1138 1134
f 1139 1134 1138
f 1134 1139 1135
f 1140 1135 1139
f 1135 1140 1136
f 1141 1136 1140
f 1136 1141 1069
f 1068 1069 1141
f 1050 1051 1137
f 1087 1137 1051
f 1137 1087 1138
f 1088 1138 1087
f 1138 1088 1139
f 1089 1139 1088
f 1139 1089 1140
f 1090 1140 1089
f 1140 1090 1141
f 1091 1141 1090
f 1141 1091 1068
f 1067 1068 1091
f 1066 1065 1102
f 1142 1102 1065
f 1102 1142 1103
f 1143 1103 1142
f 1103 1143 1104
f 1144 1104 1143
f 1104 1144 1105
f 1145 1105 1144
f 1105 1145 1106
f 1146 1106 1145
f 1106 1146 1082
f 1083 1082 1146
f 1065 1064 1142
f 1147 1142 1064
f 1142 1147 1143
f 1148 1143 1147
f 1143 1148 1144
f 1149 1144 1148
f 1144 1149 1145
f 1150 1145 1149
f 1145 1150 1146
f 1151 1146 1150
f 1146 1151 1083
f 1084 1083 1151
f 1064 1063 1147
f 1152 1147 1063
f 1147 1152 1148
f 1153 1148 1152
f 1148 1153 1149
f 1154 1149 1153
f 1149 1154 1150
f 1155 1150 1154
f 1150 1155 1151
f 1156 1151 1155
f 1151 1156 1084
f 1085 1084 1156
f 1063 1062 1152
f 1126 1152 1062
f 1152 1126 1153
f 1125 1153 1126
f 1153 1125 1154
f 1124 1154 1125
f 1154 1124 1155
f 1123 1155 1124
f 1155 1123 1156
f 1122 1156 1123
f 1156 1122 1085
f 1086 1085 1122
usemtl drama-AA7075
f 1157 1160 1158
f 1161 1158 1160
f 1158 1161 1159
f 1162 1159 1161
f 1160 1163 1161
f 1164 1161 1163
f 1161 1164 1162
f 1165 1162 1164
f 1166 1169 1167
f 1170 1167 1169
f 1167 1170 1168
f 1171 1168 1170
f 1169 1172 1170
f 1173 1170 1172
f 1170 1173 1171
f 1174 1171 1173
f 1159 1162 1175
f 1177 1175 1162
f 1175 1177 1176
f 1178 1176 1177
f 1176 1178 1166
f 1169 1166 1178
f 1162 1165 1177
f 1179 1177 1165
f 1177 1179 1178
f 1180 1178 1179
f 1178 1180 1169
f 1172 1169 1180
f 1168 1171 1181
f 1183 1181 1171
f 1181 1183 1182
f 1184 1182 1183
f 1182 1184 1157
f 1160 1157 1184
f 1171 1174 1183
f 1185 1183 1174
f 1183 1185 1184
f 1186 1184 1185
f 1184 1186 1160
f 1163 1160 1186
f 1157 1158 1182
f 1187 1182 1158
f 1182 1187 1181
f 1188 1181 1187
f 1181 1188 1168
f 1167 1168 1188
f 1158 1159 1187
f 1175 1187 1159
f 1187 1175 1188
f 1176 1188 1175
f 1188 1176 1167
f 1166 1167 1176
f 1165 1164 1179
f 1189 1179 1164
f 1179 1189 1180
f 1190 1180 1189
f 1180 1190 1172
f 1173 1172 1190
f 1164 1163 1189
f 1186 1189 1163
f 1189 1186 1190
f 1185 1190 1186
f 1190 1185 1173
f 1174 1173 1185
usemtl drama-AA7075
f 1191 1195 1192
f 1196 1192 1195
f 1192 1196 1193
f 1197 1193 1196
f 1193 1197 1194
f 1198 1194 1197
f 1195 1199 1196
f 1200 1196 1199
f 1196 1200 1197
f 1201 1197 1200
f 1197 1201 1198
f 1202 1198 1201
f 1199 1203 1200
f 1204 1200 1203
f 1200 1204 1201
f 1205 1201 1204
f 1201 1205 1202
f 1206 1202 1205
f 1207 1211 1208
f 1212 1208 1211
f 1208 1212 1209
f 1213 1209 1212
f 1209 1213 1210
f 1214 1210 1213
f 1211 1215 1212
f 1216 1212 1215
f 1212 1216 1213
f 1217 1213 1216
f 1213 1217 1214
f 1218 1214 1217
f 1215 1219 1216
f 1220 1216 1219
f 1216 1220 1217
f 1221 1217 1220
f 1217 1221 1218
f 1222 1218 1221
f 1194 1198 1223
f 1226 1223 1198
f 1223 1226 1224
f 1227 1224 1226
f 1224 1227 1225
f 1228 1225 1227
f 1225 1228 1207
f 1211 1207 1228
f 1198 1202 1226
f 1229 1226 1202
f 1226 1229 1227
f 1230 1227 1229
f 1227 1230 1228
f 1231 1228 1230
f 1228 1231 1211
f 1215 1211 1231
f 1202 1206 1229
f 1232 1229 1206
f 1229 1232 1230
f 1233 1230 1232
f 1230 1233 1231
f 1234 1231 1233
f 1231 1234 1215
f 1219 1215 1234
f 1210 1214 1235
f 1238 1235 1214
f 1235 1238 1236
f 1239 1236 1238
f 1236 1239 1237
f 1240 1237 1239
f 1237 1240 1191
f 1195 1191 1240
f 1214 1218 1238
f 1241 1238 1218
f 1238 1241 1239
f 1242 1239 1241
f 1239 1242 1240
f 1243 1240 1242
f 1240 1243 1195
f 1199 1195 1243
f 1218 1222 1241
f 1244 1241 1222
f 1241 1244 1242
f 1245 1242 1244
f 1242 1245 1243
f 1246 1243 1245
f 1243 1246 1199
f 1203 1199 1246
f 1191 1192 1237
f 1247 1237 1192
f 1237 1247 1236
f 1248 1236 1247
f 1236 1248 1235
f 1249 1235 1248
f 1235 1249 1210
f 1209 1210 1249
f 1192 1193 1247
f 1250 1247 1193
f 1247 1250 1248
f 1251 1248 1250
f 1248 1251 1249
f 1252 1249 1251
f 1249 1252 1209
f 1208 1209 1252
f 1193 1194 1250
f 1223 1250 1194
f 1250 1223 1251
f 1224 1251 1223
f 1251 1224 1252
f 1225 1252 1224
f 1252 1225 1208
f 1207 1208 1225
f 1206 1205 1232
f 1253 1232 1205
f 1232 1253 1233
f 1254 1233 1253
f 1233 1254 1234
f 1255 1234 1254
f 1234 1255 1219
f 1220 1219 1255
f 1205 1204 1253
f 1256 1253 1204
f 1253 1256 1254
f 1257 1254 1256
f 1254 1257 1255
f 1258 1255 1257
f 1255 1258 1220
f 1221 1220 1258
f 1204 1203 1256
f 1246 1256 1203
f 1256 1246 1257
f 1245 1257 1246
f 1257 1245 1258
f 1244 1258 1245
f 1258 1244 1221
f 1222 1221 1244
usemtl drama-AA7075
f 1259 1263 1260
f 1264 1260 1263
f 1260 1264 1261
f 1265 1261 1264
f 1261 1265 1262
f 1266 1262 1265
f 1263 1267 1264
f 1268 1264 1267
f 1264 1268 1265
f 1269 1265 1268
f 1265 1269 1266
f 1270 1266 1269
f 1267 1271 1268
f 1272 1268 1271
f 1268 1272 1269
f 1273 1269 1272
f 1269 1273 1270
f 1274 1270 1273
f 1275 1279 1276
f 1280 1276 1279
f 1276 1280 1277
f 1281 1277 1280
f 1277 1281 1278
f 1282 1278 1281
f 1279 1283 1280
f 1284 1280 1283
f 1280 1284 1281
f 1285 1281 1284
f 1281 1285 1282
f 1286 1282 1285
f 1283 1287 1284
f 1288 1284 1287
f 1284 1288 1285
f 1289 1285 1288
f 1285 1289 1286
f 1290 1286 1289
f 1262 1266 1291
f 1294 1291 1266
f 1291 1294 1292
f 1295 1292 1294
f 1292 1295 1293
f 1296 1293 1295
f 1293 1296 1275
f 1279 1275 1296
f 1266 1270 1294
f 1297 1294 1270
f 1294 1297 1295
f 1298 1295 1297
f 1295 1298 1296
f 1299 1296 1298
f 1296 1299 1279
f 1283 1279 1299
f 1270 1274 1297
f 1300 1297 1274
f 1297 1300 1298
f 1301 1298 1300
f 1298 1301 1299
f 1302 1299 1301
f 1299 1302 1283
f 1287 1283 1302
f 1278 1282 1303
f 1306 1303 1282
f 1303 1306 1304
f 1307 1304 1306
f 1304 1307 1305
f 1308 1305 1307
f 1305 1308 1259
f 1263 1259 1308
f 1282 1286 1306
f 1309 1306 1286
f 1306 1309 1307
f 1310 1307 1309
f 1307 1310 1308
f 1311 1308 1310
f 1308 1311 1263
f 1267 1263 1311
f 1286 1290 1309
f 1312 1309 1290
f 1309 1312 1310
f 1313 1310 1312
f 1310 1313 1311
f 1314 1311 1313
f 1311 1314 1267
f 1271 1267 1314
f 1259 1260 1305
f 1315 1305 1260
f 1305 1315 1304
f 1316 1304 1315
f 1304 1316 1303
f 1317 1303 1316
f 1303 1317 1278
f 1277 1278 1317
f 1260 1261 1315
f 1318 1315 1261
f 1315 1318 1316
f 1319 1316 1318
f 1316 1319 1317
f 1320 1317 1319
f 1317 1320 1277
f 1276 1277 1320
f 1261 1262 1318
f 1291 1318 1262
f 1318 1291 1319
f 1292 1319 1291
f 1319 1292 1320
f 1293 1320 1292
f 1320 1293 1276
f 1275 1276 1293
f 1274 1273 1300
f 1321 1300 1273
f 1300 1321 1301
f 1322 1301 1321
f 1301 1322 1302
f 1323 1302 1322
f 1302 1323 1287
f 1288 1287 1323
f 1273 1272 1321
f 1324 1321 1272
f 1321 1324 1322
f 1325 1322 1324
f 1322 1325 1323
f 1326 1323 1325
f 1323 1326 1288
f 1289 1288 1326
f 1272 1271 1324
f 1314 1324 1271
f 1324 1314 1325
f 1313 1325 1314
f 1325 1313 1326
f 1312 1326 1313
f 1326 1312 1289
f 1290 1289 1312
usemtl drama-AA7075
f 1327 1331 1328
f 1332 1328 1331
f 1328 1332 1329
f 1333 1329 1332
f 1329 1333 1330
f 1334 1330 1333
f 1335 1339 1336
f 1340 1336 1339
f 1336 1340 1337
f 1341 1337 1340
f 1337 1341 1338
f 1342 1338 1341
f 1330 1334 1343
f 1345 1343 1334
f 1343 1345 1344
f 1346 1344 1345
f 1344 1346 1335
f 1339 1335 1346
f 1338 1342 1347
f 1349 1347 1342
f 1347 1349 1348
f 1350 1348 1349
f 1348 1350 1327
f 1331 1327 1350
f 1327 1328 1348
f 1351 1348 1328
f 1348 1351 1347
f 1352 1347 1351
f 1347 1352 1338
f 1337 1338 1352
f 1328 1329 1351
f 1353 1351 1329
f 1351 1353 1352
f 1354 1352 1353
f 1352 1354 1337
f 1336 1337 1354
f 1329 1330 1353
f 1343 1353 1330
f 1353 1343 1354
f 1344 1354 1343
f 1354 1344 1336
f 1335 1336 1344
f 1334 1333 1345
f 1355 1345 1333
f 1345 1355 1346
f 1356 1346 1355
f 1346 1356 1339
f 1340 1339 1356
f 1333 1332 1355
f 1357 1355 1332
f 1355 1357 1356
f 1358 1356 1357
f 1356 1358 1340
f 1341 1340 1358
f 1332 1331 1357
f 1350 1357 1331
f 1357 1350 1358
f 1349 1358 1350
f 1358 1349 1341
f 1342 1341 1349
usemtl drama-AA7075
f 1359 1362 1360
f 1363 1360 1362
f 1360 1363 1361
f 1364 1361 1363
f 1362 1365 1363
f 1366 1363 1365
f 1363 1366 1364
f 1367 1364 1366
f 1368 1371 1369
f 1372 1369 1371
f 1369 1372 1370
f 1373 1370 1372
f 1371 1374 1372
f 1375 1372 1374
f 1372 1375 1373
f 1376 1373 1375
f 1361 1364 1377
f 1379 1377 1364
f 1377 1379 1378
f 1380 1378 1379
f 1378 1380 1368
f 1371 1368 1380
f 1364 1367 1379
f 1381 1379 1367
f 1379 1381 1380
f 1382 1380 1381
f 1380 1382 1371
f 1374 1371 1382
f 1370 1373 1383
f 1385 1383 1373
f 1383 1385 1384
f 1386 1384 1385
f 1384 1386 1359
f 1362 1359 1386
f 1373 1376 1385
f 1387 1385 1376
f 1385 1387 1386
f 1388 1386 1387
f 1386 1388 1362
f 1365 1362 1388
f 1359 1360 1384
f 1389 1384 1360
f 1384 1389 1383
f 1390 1383 1389
f 1383 1390 1370
f 1369 1370 1390
f 1360 1361 1389
f 1377 1389 1361
f 1389 1377 1390
f 1378 1390 1377
f 1390 1378 1369
f 1368 1369 1378
f 1367 1366 1381
f 1391 1381 1366
f 1381 1391 1382
f 1392 1382 1391
f 1382 1392 1374
f 1375 1374 1392
f 1366 1365 1391
f 1388 1391 1365
f 1391 1388 1392
f 1387 1392 1388
f 1392 1387 1375
f 1376 1375 1387
usemtl drama-AA7075
f 1393 1396 1394
f 1397 1394 1396
f 1394 1397 1395
f 1398 1395 1397
f 1396 1399 1397
f 1400 1397 1399
f 1397 1400 1398
f 1401 1398 1400
f 1402 1405 1403
f 1406 1403 1405
f 1403 1406 1404
f 1407 1404 1406
f 1405 1408 1406
f 1409 1406 1408
f 1406 1409 1407
f 1410 1407 1409
f 1395 1398 1411
f 1412 1411 1398
f 1411 1412 1402
f 1405 1402 1412
f 1398 1401 1412
f 1413 1412 1401
f 1412 1413 1405
f 1408 1405 1413
f 1404 1407 1414
f 1415 1414 1407
f 1414 1415 1393
f 1396 1393 1415
f 1407 1410 1415
f 1416 1415 1410
f 1415 1416 1396
f 1399 1396 1416
f 1393 1394 1414
f 1417 1414 1394
f 1414 1417 1404
f 1403 1404 1417
f 1394 1395 1417
f 1411 1417 1395
f 1417 1411 1403
f 1402 1403 1411
f 1401 1400 1413
f 1418 1413 1400
f 1413 1418 1408
f 1409 1408 1418
f 1400 1399 1418
f 1416 1418 1399
f 1418 1416 1409
f 1410 1409 1416
usemtl drama-AA7075
f 1419 1422 1420
f 1423 1420 1422
f 1420 1423 1421
f 1424 1421 1423
f 1422 1425 1423
f 1426 1423 1425
f 1423 1426 1424
f 1427 1424 1426
f 1428 1431 1429
f 1432 1429 1431
f 1429 1432 1430
f 1433 1430 1432
f 1431 1434 1432
f 1435 1432 1434
f 1432 1435 1433
f 1436 1433 1435
f 1421 1424 1437
f 1439 1437 1424
f 1437 1439 1438
f 1440 1438 1439
f 1438 1440 1428
f 1431 1428 1440
f 1424 1427 1439
f 1441 1439 1427
f 1439 1441 1440
f 1442 1440 1441
f 1440 1442 1431
f 1434 1431 1442
f 1430 1433 1443
f 1445 1443 1433
f 1443 1445 1444
f 1446 1444 1445
f 1444 1446 1419
f 1422 1419 1446
f 1433 1436 1445
f 1447 1445 1436
f 1445 1447 1446
f 1448 1446 1447
f 1446 1448 1422
f 1425 1422 1448
f 1419 1420 1444
f 1449 1444 1420
f 1444 1449 1443
f 1450 1443 1449
f 1443 1450 1430
f 1429 1430 1450
f 1420 1421 1449
f 1437 1449 1421
f 1449 1437 1450
f 1438 1450 1437
f 1450 1438 1429
f 1428 1429 1438
f 1427 1426 1441
f 1451 1441 1426
f 1441 1451 1442
f 1452 1442 1451
f 1442 1452 1434
f 1435 1434 1452
f 1426 1425 1451
f 1448 1451 1425
f 1451 1448 1452
f 1447 1452 1448
f 1452 1447 1435
f 1436 1435 1447
usemtl drama-AA7075
f 1453 1456 1454
f 1457 1454 1456
f 1454 1457 1455
f 1458 1455 1457
f 1456 1459 1457
f 1460 1457 1459
f 1457 1460 1458
f 1461 1458 1460
f 1462 1465 1463
f 1466 1463 1465
f 1463 1466 1464
f 1467 1464 1466
f 1465 1468 1466
f 1469 1466 1468
f 1466 1469 1467
f 1470 1467 1469
f 1455 1458 1471
f 1472 1471 1458
f 1471 1472 1462
f 1465 1462 1472
f 1458 1461 1472
f 1473 1472 1461
f 1472 1473 1465
f 1468 1465 1473
f 1464 1467 1474
f 1475 1474 1467
f 1474 1475 1453
f 1456 1453 1475
f 1467 1470 1475
f 1476 1475 1470
f 1475 1476 1456
f 1459 1456 1476
f 1453 1454 1474
f 1477 1474 1454
f 1474 1477 1464
f 1463 1464 1477
f 1454 1455 1477
f 1471 1477 1455
f 1477 1471 1463
f 1462 1463 1471
f 1461 1460 1473
f 1478 1473 1460
f 1473 1478 1468
f 1469 1468 1478
f 1460 1459 1478
f 1476 1478 1459
f 1478 1476 1469
f 1470 1469 1476
usemtl drama-A316
f 1479 1480 1492
f 1493 1492 1480
f 1480 1481 1493
f 1494 1493 1481
f 1481 1482 1494
f 1495 1494 1482
f 1482 1483 1495
f 1496 1495 1483
f 1483 1484 1496
f 1497 1496 1484
f 1484 1485 1497
f 1498 1497 1485
f 1485 1486 1498
f 1499 1498 1486
f 1486 1487 1499
f 1500 1499 1487
f 1487 1488 1500
f 1501 1500 1488
f 1488 1489 1501
f 1502 1501 1489
f 1489 1490 1502
f 1503 1502 1490
f 1490 1491 1503
f 1504 1503 1491
f 1491 1479 1504
f 1492 1504 1479
f 1492 1493 1505
f 1506 1505 1493
f 1493 1494 1506
f 1507 1506 1494
f 1494 1495 1507
f 1508 1507 1495
f 1495 1496 1508
f 1509 1508 1496
f 1496 1497 1509
f 1510 1509 1497
f 1497 1498 1510
f 1511 1510 1498
f 1498 1499 1511
f 1512 1511 1499
f 1499 1500 1512
f 1513 1512 1500
f 1500 1501 1513
f 1514 1513 1501
f 1501 1502 1514
f 1515 1514 1502
f 1502 1503 1515
f 1516 1515 1503
f 1503 1504 1516
f 1517 1516 1504
f 1504 1492 1517
f 1505 1517 1492
f 1505 1506 1518
f 1519 1518 1506
f 1506 1507 1519
f 1520 1519 1507
f 1507 1508 1520
f 1521 1520 1508
f 1508 1509 1521
f 1522 1521 1509
f 1509 1510 1522
f 1523 1522 1510
f 1510 1511 1523
f 1524 1523 1511
f 1511 1512 1524
f 1525 1524 1512
f 1512 1513 1525
f 1526 1525 1513
f 1513 1514 1526
f 1527 1526 1514
f 1514 1515 1527
f 1528 1527 1515
f 1515 1516 1528
f 1529 1528 1516
f 1516 1517 1529
f 1530 1529 1517
f 1517 1505 1530
f 1518 1530 1505
f 1518 1519 1531
f 1532 1531 1519
f 1519 1520 1532
f 1533 1532 1520
f 1520 1521 1533
f 1534 1533 1521
f 1521 1522 1534
f 1535 1534 1522
f 1522 1523 1535
f 1536 1535 1523
f 1523 1524 1536
f 1537 1536 1524
f 1524 1525 1537
f 1538 1537 1525
f 1525 1526 1538
f 1539 1538 1526
f 1526 1527 1539
f 1540 1539 1527
f 1527 1528 1540
f 1541 1540 1528
f 1528 1529 1541
f 1542 1541 1529
f 1529 1530 1542
f 1543 1542 1530
f 1530 1518 1543
f 1531 1543 1518
f 1531 1532 1544
f 1545 1544 1532
f 1532 1533 1545
f 1546 1545 1533
f 1533 1534 1546
f 1547 1546 1534
f 1534 1535 1547
f 1548 1547 1535
f 1535 1536 1548
f 1549 1548 1536
f 1536 1537 1549
f 1550 1549 1537
f 1537 1538 1550
f 1551 1550 1538
f 1538 1539 1551
f 1552 1551 1539
f 1539 1540 1552
f 1553 1552 1540
f 1540 1541 1553
f 1554 1553 1541
f 1541 1542 1554
f 1555 1554 1542
f 1542 1543 1555
f 1556 1555 1543
f 1543 1531 1556
f 1544 1556 1531
f 1544 1545 1557
f 1558 1557 1545
f 1545 1546 1558
f 1559 1558 1546
f 1546 1547 1559
f 1560 1559 1547
f 1547 1548 1560
f 1561 1560 1548
f 1548 1549 1561
f 1562 1561 1549
f 1549 1550 1562
f 1563 1562 1550
f 1550 1551 1563
f 1564 1563 1551
f 1551 1552 1564
f 1565 1564 1552
f 1552 1553 1565
f 1566 1565 1553
f 1553 1554 1566
f 1567 1566 1554
f 1554 1555 1567
f 1568 1567 1555
f 1555 1556 1568
f 1569 1568 1556
f 1556 1544 1569
f 1557 1569 1544
f 1557 1558 1570
f 1571 1570 1558
f 1558 1559 1571
f 1572 1571 1559
f 1559 1560 1572
f 1573 1572 1560
f 1560 1561 1573
f 1574 1573 1561
f 1561 1562 1574
f 1575 1574 1562
f 1562 1563 1575
f 1576 1575 1563
f 1563 1564 1576
f 1577 1576 1564
f 1564 1565 1577
f 1578 1577 1565
f 1565 1566 1578
f 1579 1578 1566
f 1566 1567 1579
f 1580 1579 1567
f 1567 1568 1580
f 1581 1580 1568
f 1568 1569 1581
f 1582 1581 1569
f 1569 1557 1582
f 1570 1582 1557
f 1570 1571 1583
f 1584 1583 1571
f 1571 1572 1584
f 1585 1584 1572
f 1572 1573 1585
f 1586 1585 1573
f 1573 1574 1586
f 1587 1586 1574
f 1574 1575 1587
f 1588 1587 1575
f 1575 1576 1588
f 1589 1588 1576
f 1576 1577 1589
f 1590 1589 1577
f 1577 1578 1590
f 1591 1590 1578
f 1578 1579 1591
f 1592 1591 1579
f 1579 1580 1592
f 1593 1592 1580
f 1580 1581 1593
f 1594 1593 1581
f 1581 1582 1594
f 1595 1594 1582
f 1582 1570 1595
f 1583 1595 1570
f 1583 1596 1584
f 1584 1596 1585
f 1585 1596 1586
f 1586 1596 1587
f 1587 1596 1588
f 1588 1596 1589
f 1589 1596 1590
f 1590 1596 1591
f 1591 1596 1592
f 1592 1596 1593
f 1593 1596 1594
f 1594 1596 1595
f 1595 1596 1583
f 1584 1585 1597
f 1585 1586 1597
f 1586 1587 1597
f 1587 1588 1597
f 1588 1589 1597
f 1589 1590 1597
f 1590 1591 1597
f 1591 1592 1597
f 1592 1593 1597
f 1593 1594 1597
f 1594 1595 1597
f 1595 1596 1597
f 1596 1584 1597
usemtl drama-A316
f 1598 1599 1611
f 1612 1611 1599
f 1599 1600 1612
f 1613 1612 1600
f 1600 1601 1613
f 1614 1613 1601
f 1601 1602 1614
f 1615 1614 1602
f 1602 1603 1615
f 1616 1615 1603
f 1603 1604 1616
f 1617 1616 1604
f 1604 1605 1617
f 1618 1617 1605
f 1605 1606 1618
f 1619 1618 1606
f 1606 1607 1619
f 1620 1619 1607
f 1607 1608 1620
f 1621 1620 1608
f 1608 1609 1621
f 1622 1621 1609
f 1609 1610 1622
f 1623 1622 1610
f 1610 1598 1623
f 1611 1623 1598
f 1611 1612 1624
f 1625 1624 1612
f 1612 1613 1625
f 1626 1625 1613
f 1613 1614 1626
f 1627 1626 1614
f 1614 1615 1627
f 1628 1627 1615
f 1615 1616 1628
f 1629 1628 1616
f 1616 1617 1629
f 1630 1629 1617
f 1617 1618 1630
f 1631 1630 1618
f 1618 1619 1631
f 1632 1631 1619
f 1619 1620 1632
f 1633 1632 1620
f 1620 1621 1633
f 1634 1633 1621
f 1621 1622 1634
f 1635 1634 1622
f 1622 1623 1635
f 1636 1635 1623
f 1623 1611 1636
f 1624 1636 1611
f 1624 1625 1637
f 1638 1637 1625
f 1625 1626 1638
f 1639 1638 1626
f 1626 1627 1639
f 1640 1639 1627
f 1627 1628 1640
f 1641 1640 1628
f 1628 1629 1641
f 1642 1641 1629
f 1629 1630 1642
f 1643 1642 1630
f 1630 1631 1643
f 1644 1643 1631
f 1631 1632 1644
f 1645 1644 1632
f 1632 1633 1645
f 1646 1645 1633
f 1633 1634 1646
f 1647 1646 1634
f 1634 1635 1647
f 1648 1647 1635
f 1635 1636 1648
f 1649 1648 1636
f 1636 1624 1649
f 1637 1649 1624
f 1637 1638 1650
f 1651 1650 1638
f 1638 1639 1651
f 1652 1651 1639
f 1639 1640 1652
f 1653 1652 1640
f 1640 1641 1653
f 1654 1653 1641
f 1641 1642 1654
f 1655 1654 1642
f 1642 1643 1655
f 1656 1655 1643
f 1643 1644 1656
f 1657 1656 1644
f 1644 1645 1657
f 1658 1657 1645
f 1645 1646 1658
f 1659 1658 1646
f 1646 1647 1659
f 1660 1659 1647
f 1647 1648 1660
f 1661 1660 1648
f 1648 1649 1661
f 1662 1661 1649
f 1649 1637 1662
f 1650 1662 1637
f 1650 1651 1663
f 1664 1663 1651
f 1651 1652 1664
f 1665 1664 1652
f 1652 1653 1665
f 1666 1665 1653
f 1653 1654 1666
f 1667 1666 1654
f 1654 1655 1667
f 1668 1667 1655
f 1655 1656 1668
f 1669 1668 1656
f 1656 1657 1669
f 1670 1669 1657
f 1657 1658 1670
f 1671 1670 1658
f 1658 1659 1671
f 1672 1671 1659
f 1659 1660 1672
f 1673 1672 1660
f 1660 1661 1673
f 1674 1673 1661
f 1661 1662 1674
f 1675 1674 1662
f 1662 1650 1675
f 1663 1675 1650
f 1663 1664 1676
f 1677 1676 1664
f 1664 1665 1677
f 1678 1677 1665
f 1665 1666 1678
f 1679 1678 1666
f 1666 1667 1679
f 1680 1679 1667
f 1667 1668 1680
f 1681 1680 1668
f 1668 1669 1681
f 1682 1681 1669
f 1669 1670 1682
f 1683 1682 1670
f 1670 1671 1683
f 1684 1683 1671
f 1671 1672 1684
f 1685 1684 1672
f 1672 1673 1685
f 1686 1685 1673
f 1673 1674 1686
f 1687 1686 1674
f 1674 1675 1687
f 1688 1687 1675
f 1675 1663 1688
f 1676 1688 1663
f 1676 1677 1689
f 1690 1689 1677
f 1677 1678 1690
f 1691 1690 1678
f 1678 1679 1691
f 1692 1691 1679
f 1679 1680 1692
f 1693 1692 1680
f 1680 1681 1693
f 1694 1693 1681
f 1681 1682 1694
f 1695 1694 1682
f 1682 1683 1695
f 1696 1695 1683
f 1683 1684 1696
f 1697 1696 1684
f 1684 1685 1697
f 1698 1697 1685
f 1685 1686 1698
f 1699 1698 1686
f 1686 1687 1699
f 1700 1699 1687
f 1687 1688 1700
f 1701 1700 1688
f 1688 1676 1701
f 1689 1701 1676
f 1689 1690 1702
f 1703 1702 1690
f 1690 1691 1703
f 1704 1703 1691
f 1691 1692 1704
f 1705 1704 1692
f 1692 1693 1705
f 1706 1705 1693
f 1693 1694 1706
f 1707 1706 1694
f 1694 1695 1707
f 1708 1707 1695
f 1695 1696 1708
f 1709 1708 1696
f 1696 1697 1709
f 1710 1709 1697
f 1697 1698 1710
f 1711 1710 1698
f 1698 1699 1711
f 1712 1711 1699
f 1699 1700 1712
f 1713 1712 1700
f 1700 1701 1713
f 1714 1713 1701
f 1701 1689 1714
f 1702 1714 1689
f 1702 1715 1703
f 1703 1715 1704
f 1704 1715 1705
f 1705 1715 1706
f 1706 1715 1707
f 1707 1715 1708
f 1708 1715 1709
f 1709 1715 1710
f 1710 1715 1711
f 1711 1715 1712
f 1712 1715 1713
f 1713 1715 1714
f 1714 1715 1702
f 1703 1704 1716
f 1704 1705 1716
f 1705 1706 1716
f 1706 1707 1716
f 1707 1708 1716
f 1708 1709 1716
f 1709 1710 1716
f 1710 1711 1716
f 1711 1712 1716
f 1712 1713 1716
f 1713 1714 1716
f 1714 1715 1716
f 1715 1703 1716
usemtl drama-A316
f 1717 1718 1730
f 1731 1730 1718
f 1718 1719 1731
f 1732 1731 1719
f 1719 1720 1732
f 1733 1732 1720
f 1720 1721 1733
f 1734 1733 1721
f 1721 1722 1734
f 1735 1734 1722
f 1722 1723 1735
f 1736 1735 1723
f 1723 1724 1736
f 1737 1736 1724
f 1724 1725 1737
f 1738 1737 1725
f 1725 1726 1738
f 1739 1738 1726
f 1726 1727 1739
f 1740 1739 1727
f 1727 1728 1740
f 1741 1740 1728
f 1728 1729 1741
f 1742 1741 1729
f 1729 1717 1742
f 1730 1742 1717
f 1730 1731 1743
f 1744 1743 1731
f 1731 1732 1744
f 1745 1744 1732
f 1732 1733 1745
f 1746 1745 1733
f 1733 1734 1746
f 1747 1746 1734
f 1734 1735 1747
f 1748 1747 1735
f 1735 1736 1748
f 1749 1748 1736
f 1736 1737 1749
f 1750 1749 1737
f 1737 1738 1750
f 1751 1750 1738
f 1738 1739 1751
f 1752 1751 1739
f 1739 1740 1752
f 1753 1752 1740
f 1740 1741 1753
f 1754 1753 1741
f 1741 1742 1754
f 1755 1754 1742
f 1742 1730 1755
f 1743 1755 1730
f 1743 1744 1756
f 1757 1756 1744
f 1744 1745 1757
f 1758 1757 1745
f 1745 1746 1758
f 1759 1758 1746
f 1746 1747 1759
f 1760 1759 1747
f 1747 1748 1760
f 1761 1760 1748
f 1748 1749 1761
f 1762 1761 1749
f 1749 1750 1762
f 1763 1762 1750
f 1750 1751 1763
f 1764 1763 1751
f 1751 1752 1764
f 1765 1764 1752
f 1752 1753 1765
f 1766 1765 1753
f 1753 1754 1766
f 1767 1766 1754
f 1754 1755 1767
f 1768 1767 1755
f 1755 1743 1768
f 1756 1768 1743
f 1756 1757 1769
f 1770 1769 1757
f 1757 1758 1770
f 1771 1770 1758
f 1758 1759 1771
f 1772 1771 1759
f 1759 1760 1772
f 1773 1772 1760
f 1760 1761 1773
f 1774 1773 1761
f 1761 1762 1774
f 1775 1774 1762
f 1762 1763 1775
f 1776 1775 1763
f 1763 1764 1776
f 1777 1776 1764
f 1764 1765 1777
f 1778 1777 1765
f 1765 1766 1778
f 1779 1778 1766
f 1766 1767 1779
f 1780 1779 1767
f 1767 1768 1780
f 1781 1780 1768
f 1768 1756 1781
f 1769 1781 1756
f 1769 1770 1782
f 1783 1782 1770
f 1770 1771 1783
f 1784 1783 1771
f 1771 1772 1784
f 1785 1784 1772
f 1772 1773 1785
f 1786 1785 1773
f 1773 1774 1786
f 1787 1786 1774
f 1774 1775 1787
f 1788 1787 1775
f 1775 1776 1788
f 1789 1788 1776
f 1776 1777 1789
f 1790 1789 1777
f 1777 1778 1790
f 1791 1790 1778
f 1778 1779 1791
f 1792 1791 1779
f 1779 1780 1792
f 1793 1792 1780
f 1780 1781 1793
f 1794 1793 1781
f 1781 1769 1794
f 1782 1794 1769
f 1782 1783 1795
f 1796 1795 1783
f 1783 1784 1796
f 1797 1796 1784
f 1784 1785 1797
f 1798 1797 1785
f 1785 1786 1798
f 1799 1798 1786
f 1786 1787 1799
f 1800 1799 1787
f 1787 1788 1800
f 1801 1800 1788
f 1788 1789 1801
f 1802 1801 1789
f 1789 1790 1802
f 1803 1802 1790
f 1790 1791 1803
f 1804 1803 1791
f 1791 1792 1804
f 1805 1804 1792
f 1792 1793 1805
f 1806 1805 1793
f 1793 1794 1806
f 1807 1806 1794
f 1794 1782 1807
f 1795 1807 1782
f 1795 1796 1808
f 1809 1808 1796
f 1796 1797 1809
f 1810 1809 1797
f 1797 1798 1810
f 1811 1810 1798
f 1798 1799 1811
f 1812 1811 1799
f 1799 1800 1812
f 1813 1812 1800
f 1800 1801 1813
f 1814 1813 1801
f 1801 1802 1814
f 1815 1814 1802
f 1802 1803 1815
f 1816 1815 1803
f 1803 1804 1816
f 1817 1816 1804
f 1804 1805 1817
f 1818 1817 1805
f 1805 1806 1818
f 1819 1818 1806
f 1806 1807 1819
f 1820 1819 1807
f 1807 1795 1820
f 1808 1820 1795
f 1808 1809 1821
f 1822 1821 1809
f 1809 1810 1822
f 1823 1822 1810
f 1810 1811 1823
f 1824 1823 1811
f 1811 1812 1824
f 1825 1824 1812
f 1812 1813 1825
f 1826 1825 1813
f 1813 1814 1826
f 1827 1826 1814
f 1814 1815 1827
f 1828 1827 1815
f 1815 1816 1828
f 1829 1828 1816
f 1816 1817 1829
f 1830 1829 1817
f 1817 1818 1830
f 1831 1830 1818
f 1818 1819 1831
f 1832 1831 1819
f 1819 1820 1832
f 1833 1832 1820
f 1820 1808 1833
f 1821 1833 1808
f 1821 1834 1822
f 1822 1834 1823
f 1823 1834 1824
f 1824 1834 1825
f 1825 1834 1826
f 1826 1834 1827
f 1827 1834 1828
f 1828 1834 1829
f 1829 1834 1830
f 1830 1834 1831
f 1831 1834 1832
f 1832 1834 1833
f 1833 1834 1821
f 1822 1823 1835
f 1823 1824 1835
f 1824 1825 1835
f 1825 1826 1835
f 1826 1827 1835
f 1827 1828 1835
f 1828 1829 1835
f 1829 1830 1835
f 1830 1831 1835
f 1831 1832 1835
f 1832 1833 1835
f 1833 1834 1835
f 1834 1822 1835
usemtl drama-AA7075
f 1836 1839 1837
f 1840 1837 1839
f 1837 1840 1838
f 1841 1838 1840
f 1839 1842 1840
f 1843 1840 1842
f 1840 1843 1841
f 1844 1841 1843
f 1845 1848 1846
f 1849 1846 1848
f 1846 1849 1847
f 1850 1847 1849
f 1848 1851 1849
f 1852 1849 1851
f 1849 1852 1850
f 1853 1850 1852
f 1838 1841 1854
f 1856 1854 1841
f 1854 1856 1855
f 1857 1855 1856
f 1855 1857 1845
f 1848 1845 1857
f 1841 1844 1856
f 1858 1856 1844
f 1856 1858 1857
f 1859 1857 1858
f 1857 1859 1848
f 1851 1848 1859
f 1847 1850 1860
f 1862 1860 1850
f 1860 1862 1861
f 1863 1861 1862
f 1861 1863 1836
f 1839 1836 1863
f 1850 1853 1862
f 1864 1862 1853
f 1862 1864 1863
f 1865 1863 1864
f 1863 1865 1839
f 1842 1839 1865
f 1836 1837 1861
f 1866 1861 1837
f 1861 1866 1860
f 1867 1860 1866
f 1860 1867 1847
f 1846 1847 1867
f 1837 1838 1866
f 1854 1866 1838
f 1866 1854 1867
f 1855 1867 1854
f 1867 1855 1846
f 1845 1846 1855
f 1844 1843 1858
f 1868 1858 1843
f 1858 1868 1859
f 1869 1859 1868
f 1859 1869 1851
f 1852 1851 1869
f 1843 1842 1868
f 1865 1868 1842
f 1868 1865 1869
f 1864 1869 1865
f 1869 1864 1852
f 1853 1852 1864
usemtl drama-AA7075
f 1870 1874 1871
f 1875 1871 1874
f 1871 1875 1872
f 1876 1872 1875
f 1872 1876 1873
f 1877 1873 1876
f 1874 1878 1875
f 1879 1875 1878
f 1875 1879 1876
f 1880 1876 1879
f 1876 1880 1877
f 1881 1877 1880
f 1882 1886 1883
f 1887 1883 1886
f 1883 1887 1884
f 1888 1884 1887
f 1884 1888 1885
f 1889 1885 1888
f 1886 1890 1887
f 1891 1887 1890
f 1887 1891 1888
f 1892 1888 1891
f 1888 1892 1889
f 1893 1889 1892
f 1873 1877 1894
f 1896 1894 1877
f 1894 1896 1895
f 1897 1895 1896
f 1895 1897 1882
f 1886 1882 1897
f 1877 1881 1896
f 1898 1896 1881
f 1896 1898 1897
f 1899 1897 1898
f 1897 1899 1886
f 1890 1886 1899
f 1885 1889 1900
f 1902 1900 1889
f 1900 1902 1901
f 1903 1901 1902
f 1901 1903 1870
f 1874 1870 1903
f 1889 1893 1902
f 1904 1902 1893
f 1902 1904 1903
f 1905 1903 1904
f 1903 1905 1874
f 1878 1874 1905
f 1870 1871 1901
f 1906 1901 1871
f 1901 1906 1900
f 1907 1900 1906
f 1900 1907 1885
f 1884 1885 1907
f 1871 1872 1906
f 1908 1906 1872
f 1906 1908 1907
f 1909 1907 1908
f 1907 1909 1884
f 1883 1884 1909
f 1872 1873 1908
f 1894 1908 1873
f 1908 1894 1909
f 1895 1909 1894
f 1909 1895 1883
f 1882 1883 1895
f 1881 1880 1898
f 1910 1898 1880
f 1898 1910 1899
f 1911 1899 1910
f 1899 1911 1890
f 1891 1890 1911
f 1880 1879 1910
f 1912 1910 1879
f 1910 1912 1911
f 1913 1911 1912
f 1911 1913 1891
f 1892 1891 1913
f 1879 1878 1912
f 1905 1912 1878
f 1912 1905 1913
f 1904 1913 1905
f 1913 1904 1892
f 1893 1892 1904
usemtl drama-AA7075
f 1914 1918 1915
f 1919 1915 1918
f 1915 1919 1916
f 1920 1916 1919
f 1916 1920 1917
f 1921 1917 1920
f 1918 1922 1919
f 1923 1919 1922
f 1919 1923 1920
f 1924 1920 1923
f 1920 1924 1921
f 1925 1921 1924
f 1926 1930 1927
f 1931 1927 1930
f 1927 1931 1928
f 1932 1928 1931
f 1928 1932 1929
f 1933 1929 1932
f 1930 1934 1931
f 1935 1931 1934
f 1931 1935 1932
f 1936 1932 1935
f 1932 1936 1933
f 1937 1933 1936
f 1917 1921 1938
f 1941 1938 1921
f 1938 1941 1939
f 1942 1939 1941
f 1939 1942 1940
f 1943 1940 1942
f 1940 1943 1926
f 1930 1926 1943
f 1921 1925 1941
f 1944 1941 1925
f 1941 1944 1942
f 1945 1942 1944
f 1942 1945 1943
f 1946 1943 1945
f 1943 1946 1930
f 1934 1930 1946
f 1929 1933 1947
f 1950 1947 1933
f 1947 1950 1948
f 1951 1948 1950
f 1948 1951 1949
f 1952 1949 1951
f 1949 1952 1914
f 1918 1914 1952
f 1933 1937 1950
f 1953 1950 1937
f 1950 1953 1951
f 1954 1951 1953
f 1951 1954 1952
f 1955 1952 1954
f 1952 1955 1918
f 1922 1918 1955
f 1914 1915 1949
f 1956 1949 1915
f 1949 1956 1948
f 1957 1948 1956
f 1948 1957 1947
f 1958 1947 1957
f 1947 1958 1929
f 1928 1929 1958
f 1915 1916 1956
f 1959 1956 1916
f 1956 1959 1957
f 1960 1957 1959
f 1957 1960 1958
f 1961 1958 1960
f 1958 1961 1928
f 1927 1928 1961
f 1916 1917 1959
f 1938 1959 1917
f 1959 1938 1960
f 1939 1960 1938
f 1960 1939 1961
f 1940 1961 1939
f 1961 1940 1927
f 1926 1927 1940
f 1925 1924 1944
f 1962 1944 1924
f 1944 1962 1945
f 1963 1945 1962
f 1945 1963 1946
f 1964 1946 1963
f 1946 1964 1934
f 1935 1934 1964
f 1924 1923 1962
f 1965 1962 1923
f 1962 1965 1963
f 1966 1963 1965
f 1963 1966 1964
f 1967 1964 1966
f 1964 1967 1935
f 1936 1935 1967
f 1923 1922 1965
f 1955 1965 1922
f 1965 1955 1966
f 1954 1966 1955
f 1966 1954 1967
f 1953 1967 1954
f 1967 1953 1936
f 1937 1936 1953
usemtl drama-AA7075
f 1968 1971 1969
f 1972 1969 1971
f 1969 1972 1970
f 1973 1970 1972
f 1974 1977 1975
f 1978 1975 1977
f 1975 1978 1976
f 1979 1976 1978
f 1970 1973 1980
f 1982 1980 1973
f 1980 1982 1981
f 1983 1981 1982
f 1981 1983 1974
f 1977 1974 1983
f 1976 1979 1984
f 1986 1984 1979
f 1984 1986 1985
f 1987 1985 1986
f 1985 1987 1968
f 1971 1968 1987
f 1968 1969 1985
f 1988 1985 1969
f 1985 1988 1984
f 1989 1984 1988
f 1984 1989 1976
f 1975 1976 1989
f 1969 1970 1988
f 1980 1988 1970
f 1988 1980 1989
f 1981 1989 1980
f 1989 1981 1975
f 1974 1975 1981
f 1973 1972 1982
f 1990 1982 1972
f 1982 1990 1983
f 1991 1983 1990
f 1983 1991 1977
f 1978 1977 1991
f 1972 1971 1990
f 1987 1990 1971
f 1990 1987 1991
f 1986 1991 1987
f 1991 1986 1978
f 1979 1978 1986
usemtl drama-AA7075
f 1992 1995 1993
f 1996 1993 1995
f 1993 1996 1994
f 1997 1994 1996
f 1998 2001 1999
f 2002 1999 2001
f 1999 2002 2000
f 2003 2000 2002
f 1994 1997 2004
f 2006 2004 1997
f 2004 2006 2005
f 2007 2005 2006
f 2005 2007 1998
f 2001 1998 2007
f 2000 2003 2008
f 2010 2008 2003
f 2008 2010 2009
f 2011 2009 2010
f 2009 2011 1992
f 1995 1992 2011
f 1992 1993 2009
f 2012 2009 1993
f 2009 2012 2008
f 2013 2008 2012
f 2008 2013 2000
f 1999 2000 2013
f 1993 1994 2012
f 2004 2012 1994
f 2012 2004 2013
f 2005 2013 2004
f 2013 2005 1999
f 1998 1999 2005
f 1997 1996 2006
f 2014 2006 1996
f 2006 2014 2007
f 2015 2007 2014
f 2007 2015 2001
f 2002 2001 2015
f 1996 1995 2014
f 2011 2014 1995
f 2014 2011 2015
f 2010 2015 2011
f 2015 2010 2002
f 2003 2002 2010
usemtl drama-A316
f 2016 2017 2029
f 2030 2029 2017
f 2017 2018 2030
f 2031 2030 2018
f 2018 2019 2031
f 2032 2031 2019
f 2019 2020 2032
f 2033 2032 2020
f 2020 2021 2033
f 2034 2033 2021
f 2021 2022 2034
f 2035 2034 2022
f 2022 2023 2035
f 2036 2035 2023
f 2023 2024 2036
f 2037 2036 2024
f 2024 2025 2037
f 2038 2037 2025
f 2025 2026 2038
f 2039 2038 2026
f 2026 2027 2039
f 2040 2039 2027
f 2027 2028 2040
f 2041 2040 2028
f 2028 2016 2041
f 2029 2041 2016
f 2016 2042 2017
f 2017 2042 2043
f 2017 2043 2018
f 2018 2043 2044
f 2018 2044 2019
f 2019 2044 2045
f 2019 2045 2020
f 2020 2045 2046
f 2020 2046 2021
f 2021 2046 2047
f 2021 2047 2022
f 2022 2047 2048
f 2022 2048 2023
f 2023 2048 2049
f 2023 2049 2024
f 2024 2049 2050
f 2024 2050 2025
f 2025 2050 2051
f 2025 2051 2026
f 2026 2051 2052
f 2026 2052 2027
f 2027 2052 2053
f 2027 2053 2028
f 2028 2053 2054
f 2028 2054 2016
f 2016 2054 2042
f 2042 2055 2043
f 2043 2055 2044
f 2044 2055 2045
f 2045 2055 2046
f 2046 2055 2047
f 2047 2055 2048
f 2048 2055 2049
f 2049 2055 2050
f 2050 2055 2051
f 2051 2055 2052
f 2052 2055 2053
f 2053 2055 2054
f 2054 2055 2042
f 2029 2030 2056
f 2030 2057 2056
f 2030 2031 2057
f 2031 2058 2057
f 2031 2032 2058
f 2032 2059 2058
f 2032 2033 2059
f 2033 2060 2059
f 2033 2034 2060
f 2034 2061 2060
f 2034 2035 2061
f 2035 2062 2061
f 2035 2036 2062
f 2036 2063 2062
f 2036 2037 2063
f 2037 2064 2063
f 2037 2038 2064
f 2038 2065 2064
f 2038 2039 2065
f 2039 2066 2065
f 2039 2040 2066
f 2040 2067 2066
f 2040 2041 2067
f 2041 2068 2067
f 2041 2029 2068
f 2029 2056 2068
f 2056 2057 2069
f 2057 2058 2069
f 2058 2059 2069
f 2059 2060 2069
f 2060 2061 2069
f 2061 2062 2069
f 2062 2063 2069
f 2063 2064 2069
f 2064 2065 2069
f 2065 2066 2069
f 2066 2067 2069
f 2067 2068 2069
f 2068 2056 2069
usemtl drama-A316
f 2070 2071 2083
f 2084 2083 2071
f 2071 2072 2084
f 2085 2084 2072
f 2072 2073 2085
f 2086 2085 2073
f 2073 2074 2086
f 2087 2086 2074
f 2074 2075 2087
f 2088 2087 2075
f 2075 2076 2088
f 2089 2088 2076
f 2076 2077 2089
f 2090 2089 2077
f 2077 2078 2090
f 2091 2090 2078
f 2078 2079 2091
f 2092 2091 2079
f 2079 2080 2092
f 2093 2092 2080
f 2080 2081 2093
f 2094 2093 2081
f 2081 2082 2094
f 2095 2094 2082
f 2082 2070 2095
f 2083 2095 2070
f 2070 2096 2071
f 2071 2096 2097
f 2071 2097 2072
f 2072 2097 2098
f 2072 2098 2073
f 2073 2098 2099
f 2073 2099 2074
f 2074 2099 2100
f 2074 2100 2075
f 2075 2100 2101
f 2075 2101 2076
f 2076 2101 2102
f 2076 2102 2077
f 2077 2102 2103
f 2077 2103 2078
f 2078 2103 2104
f 2078 2104 2079
f 2079 2104 2105
f 2079 2105 2080
f 2080 2105 2106
f 2080 2106 2081
f 2081 2106 2107
f 2081 2107 2082
f 2082 2107 2108
f 2082 2108 2070
f 2070 2108 2096
f 2096 2109 2097
f 2097 2109 2098
f 2098 2109 2099
f 2099 2109 2100
f 2100 2109 2101
f 2101 2109 2102
f 2102 2109 2103
f 2103 2109 2104
f 2104 2109 2105
f 2105 2109 2106
f 2106 2109 2107
f 2107 2109 2108
f 2108 2109 2096
f 2083 2084 2110
f 2084 2111 2110
f 2084 2085 2111
f 2085 2112 2111
f 2085 2086 2112
f 2086 2113 2112
f 2086 2087 2113
f 2087 2114 2113
f 2087 2088 2114
f 2088 2115 2114
f 2088 2089 2115
f 2089 2116 2115
f 2089 2090 2116
f 2090 2117 2116
f 2090 2091 2117
f 2091 2118 2117
f 2091 2092 2118
f 2092 2119 2118
f 2092 2093 2119
f 2093 2120 2119
f 2093 2094 2120
f 2094 2121 2120
f 2094 2095 2121
f 2095 2122 2121
f 2095 2083 2122
f 2083 2110 2122
f 2110 2111 2123
f 2111 2112 2123
f 2112 2113 2123
f 2113 2114 2123
f 2114 2115 2123
f 2115 2116 2123
f 2116 2117 2123
f 2117 2118 2123
f 2118 2119 2123
f 2119 2120 2123
f 2120 2121 2123
f 2121 2122 2123
f 2122 2110 2123
usemtl drama-A316
f 2124 2125 2137
f 2138 2137 2125
f 2125 2126 2138
f 2139 2138 2126
f 2126 2127 2139
f 2140 2139 2127
f 2127 2128 2140
f 2141 2140 2128
f 2128 2129 2141
f 2142 2141 2129
f 2129 2130 2142
f 2143 2142 2130
f 2130 2131 2143
f 2144 2143 2131
f 2131 2132 2144
f 2145 2144 2132
f 2132 2133 2145
f 2146 2145 2133
f 2133 2134 2146
f 2147 2146 2134
f 2134 2135 2147
f 2148 2147 2135
f 2135 2136 2148
f 2149 2148 2136
f 2136 2124 2149
f 2137 2149 2124
f 2124 2150 2125
f 2125 2150 2151
f 2125 2151 2126
f 2126 2151 2152
f 2126 2152 2127
f 2127 2152 2153
f 2127 2153 2128
f 2128 2153 2154
f 2128 2154 2129
f 2129 2154 2155
f 2129 2155 2130
f 2130 2155 2156
f 2130 2156 2131
f 2131 2156 2157
f 2131 2157 2132
f 2132 2157 2158
f 2132 2158 2133
f 2133 2158 2159
f 2133 2159 2134
f 2134 2159 2160
f 2134 2160 2135
f 2135 2160 2161
f 2135 2161 2136
f 2136 2161 2162
f 2136 2162 2124
f 2124 2162 2150
f 2150 2163 2151
f 2151 2163 2152
f 2152 2163 2153
f 2153 2163 2154
f 2154 2163 2155
f 2155 2163 2156
f 2156 2163 2157
f 2157 2163 2158
f 2158 2163 2159
f 2159 2163 2160
f 2160 2163 2161
f 2161 2163 2162
f 2162 2163 2150
f 2137 2138 2164
f 2138 2165 2164
f 2138 2139 2165
f 2139 2166 2165
f 2139 2140 2166
f 2140 2167 2166
f 2140 2141 2167
f 2141 2168 2167
f 2141 2142 2168
f 2142 2169 2168
f 2142 2143 2169
f 2143 2170 2169
f 2143 2144 2170
f 2144 2171 2170
f 2144 2145 2171
f 2145 2172 2171
f 2145 2146 2172
f 2146 2173 2172
f 2146 2147 2173
f 2147 2174 2173
f 2147 2148 2174
f 2148 2175 2174
f 2148 2149 2175
f 2149 2176 2175
f 2149 2137 2176
f 2137 2164 2176
f 2164 2165 2177
f 2165 2166 2177
f 2166 2167 2177
f 2167 2168 2177
f 2168 2169 2177
f 2169 2170 2177
f 2170 2171 2177
f 2171 2172 2177
f 2172 2173 2177
f 2173 2174 2177
f 2174 2175 2177
f 2175 2176 2177
f 2176 2164 2177
usemtl drama-AA7075
f 2178 2182 2179
f 2183 2179 2182
f 2179 2183 2180
f 2184 2180 2183
f 2180 2184 2181
f 2185 2181 2184
f 2182 2186 2183
f 2187 2183 2186
f 2183 2187 2184
f 2188 2184 2187
f 2184 2188 2185
f 2189 2185 2188
f 2190 2194 2191
f 2195 2191 2194
f 2191 2195 2192
f 2196 2192 2195
f 2192 2196 2193
f 2197 2193 2196
f 2194 2198 2195
f 2199 2195 2198
f 2195 2199 2196
f 2200 2196 2199
f 2196 2200 2197
f 2201 2197 2200
f 2181 2185 2202
f 2204 2202 2185
f 2202 2204 2203
f 2205 2203 2204
f 2203 2205 2190
f 2194 2190 2205
f 2185 2189 2204
f 2206 2204 2189
f 2204 2206 2205
f 2207 2205 2206
f 2205 2207 2194
f 2198 2194 2207
f 2193 2197 2208
f 2210 2208 2197
f 2208 2210 2209
f 2211 2209 2210
f 2209 2211 2178
f 2182 2178 2211
f 2197 2201 2210
f 2212 2210 2201
f 2210 2212 2211
f 2213 2211 2212
f 2211 2213 2182
f 2186 2182 2213
f 2178 2179 2209
f 2214 2209 2179
f 2209 2214 2208
f 2215 2208 2214
f 2208 2215 2193
f 2192 2193 2215
f 2179 2180 2214
f 2216 2214 2180
f 2214 2216 2215
f 2217 2215 2216
f 2215 2217 2192
f 2191 2192 2217
f 2180 2181 2216
f 2202 2216 2181
f 2216 2202 2217
f 2203 2217 2202
f 2217 2203 2191
f 2190 2191 2203
f 2189 2188 2206
f 2218 2206 2188
f 2206 2218 2207
f 2219 2207 2218
f 2207 2219 2198
f 2199 2198 2219
f 2188 2187 2218
f 2220 2218 2187
f 2218 2220 2219
f 2221 2219 2220
f 2219 2221 2199
f 2200 2199 2221
f 2187 2186 2220
f 2213 2220 2186
f 2220 2213 2221
f 2212 2221 2213
f 2221 2212 2200
f 2201 2200 2212
usemtl drama-AA7075
f 2222 2226 2223
f 2227 2223 2226
f 2223 2227 2224
f 2228 2224 2227
f 2224 2228 2225
f 2229 2225 2228
f 2226 2230 2227
f 2231 2227 2230
f 2227 2231 2228
f 2232 2228 2231
f 2228 2232 2229
f 2233 2229 2232
f 2234 2238 2235
f 2239 2235 2238
f 2235 2239 2236
f 2240 2236 2239
f 2236 2240 2237
f 2241 2237 2240
f 2238 2242 2239
f 2243 2239 2242
f 2239 2243 2240
f 2244 2240 2243
f 2240 2244 2241
f 2245 2241 2244
f 2225 2229 2246
f 2248 2246 2229
f 2246 2248 2247
f 2249 2247 2248
f 2247 2249 2234
f 2238 2234 2249
f 2229 2233 2248
f 2250 2248 2233
f 2248 2250 2249
f 2251 2249 2250
f 2249 2251 2238
f 2242 2238 2251
f 2237 2241 2252
f 2254 2252 2241
f 2252 2254 2253
f 2255 2253 2254
f 2253 2255 2222
f 2226 2222 2255
f 2241 2245 2254
f 2256 2254 2245
f 2254 2256 2255
f 2257 2255 2256
f 2255 2257 2226
f 2230 2226 2257
f 2222 2223 2253
f 2258 2253 2223
f 2253 2258 2252
f 2259 2252 2258
f 2252 2259 2237
f 2236 2237 2259
f 2223 2224 2258
f 2260 2258 2224
f 2258 2260 2259
f 2261 2259 2260
f 2259 2261 2236
f 2235 2236 2261
f 2224 2225 2260
f 2246 2260 2225
f 2260 2246 2261
f 2247 2261 2246
f 2261 2247 2235
f 2234 2235 2247
f 2233 2232 2250
f 2262 2250 2232
f 2250 2262 2251
f 2263 2251 2262
f 2251 2263 2242
f 2243 2242 2263
f 2232 2231 2262
f 2264 2262 2231
f 2262 2264 2263
f 2265 2263 2264
f 2263 2265 2243
f 2244 2243 2265
f 2231 2230 2264
f 2257 2264 2230
f 2264 2257 2265
f 2256 2265 2257
f 2265 2256 2244
f 2245 2244 2256
usemtl drama-AA7075
f 2266 2269 2267
f 2270 2267 2269
f 2267 2270 2268
f 2271 2268 2270
f 2269 2272 2270
f 2273 2270 2272
f 2270 2273 2271
f 2274 2271 2273
f 2275 2278 2276
f 2279 2276 2278
f 2276 2279 2277
f 2280 2277 2279
f 2278 2281 2279
f 2282 2279 2281
f 2279 2282 2280
f 2283 2280 2282
f 2268 2271 2284
f 2285 2284 2271
f 2284 2285 2275
f 2278 2275 2285
f 2271 2274 2285
f 2286 2285 2274
f 2285 2286 2278
f 2281 2278 2286
f 2277 2280 2287
f 2288 2287 2280
f 2287 2288 2266
f 2269 2266 2288
f 2280 2283 2288
f 2289 2288 2283
f 2288 2289 2269
f 2272 2269 2289
f 2266 2267 2287
f 2290 2287 2267
f 2287 2290 2277
f 2276 2277 2290
f 2267 2268 2290
f 2284 2290 2268
f 2290 2284 2276
f 2275 2276 2284
f 2274 2273 2286
f 2291 2286 2273
f 2286 2291 2281
f 2282 2281 2291
f 2273 2272 2291
f 2289 2291 2272
f 2291 2289 2282
f 2283 2282 2289
usemtl drama-AA7075
f 2292 2295 2293
f 2296 2293 2295
f 2293 2296 2294
f 2297 2294 2296
f 2295 2298 2296
f 2299 2296 2298
f 2296 2299 2297
f 2300 2297 2299
f 2301 2304 2302
f 2305 2302 2304
f 2302 2305 2303
f 2306 2303 2305
f 2304 2307 2305
f 2308 2305 2307
f 2305 2308 2306
f 2309 2306 2308
f 2294 2297 2310
f 2311 2310 2297
f 2310 2311 2301
f 2304 2301 2311
f 2297 2300 2311
f 2312 2311 2300
f 2311 2312 2304
f 2307 2304 2312
f 2303 2306 2313
f 2314 2313 2306
f 2313 2314 2292
f 2295 2292 2314
f 2306 2309 2314
f 2315 2314 2309
f 2314 2315 2295
f 2298 2295 2315
f 2292 2293 2313
f 2316 2313 2293
f 2313 2316 2303
f 2302 2303 2316
f 2293 2294 2316
f 2310 2316 2294
f 2316 2310 2302
f 2301 2302 2310
f 2300 2299 2312
f 2317 2312 2299
f 2312 2317 2307
f 2308 2307 2317
f 2299 2298 2317
f 2315 2317 2298
f 2317 2315 2308
f 2309 2308 2315
usemtl drama-AA7075
f 2318 2321 2319
f 2322 2319 2321
f 2319 2322 2320
f 2323 2320 2322
f 2321 2324 2322
f 2325 2322 2324
f 2322 2325 2323
f 2326 2323 2325
f 2327 2330 2328
f 2331 2328 2330
f 2328 2331 2329
f 2332 2329 2331
f 2330 2333 2331
f 2334 2331 2333
f 2331 2334 2332
f 2335 2332 2334
f 2320 2323 2336
f 2337 2336 2323
f 2336 2337 2327
f 2330 2327 2337
f 2323 2326 2337
f 2338 2337 2326
f 2337 2338 2330
f 2333 2330 2338
f 2329 2332 2339
f 2340 2339 2332
f 2339 2340 2318
f 2321 2318 2340
f 2332 2335 2340
f 2341 2340 2335
f 2340 2341 2321
f 2324 2321 2341
f 2318 2319 2339
f 2342 2339 2319
f 2339 2342 2329
f 2328 2329 2342
f 2319 2320 2342
f 2336 2342 2320
f 2342 2336 2328
f 2327 2328 2336
f 2326 2325 2338
f 2343 2338 2325
f 2338 2343 2333
f 2334 2333 2343
f 2325 2324 2343
f 2341 2343 2324
f 2343 2341 2334
f 2335 2334 2341
usemtl drama-AA7075
f 2344 2347 2345
f 2348 2345 2347
f 2345 2348 2346
f 2349 2346 2348
f 2347 2350 2348
f 2351 2348 2350
f 2348 2351 2349
f 2352 2349 2351
f 2353 2356 2354
f 2357 2354 2356
f 2354 2357 2355
f 2358 2355 2357
f 2356 2359 2357
f 2360 2357 2359
f 2357 2360 2358
f 2361 2358 2360
f 2346 2349 2362
f 2363 2362 2349
f 2362 2363 2353
f 2356 2353 2363
f 2349 2352 2363
f 2364 2363 2352
f 2363 2364 2356
f 2359 2356 2364
f 2355 2358 2365
f 2366 2365 2358
f 2365 2366 2344
f 2347 2344 2366
f 2358 2361 2366
f 2367 2366 2361
f 2366 2367 2347
f 2350 2347 2367
f 2344 2345 2365
f 2368 2365 2345
f 2365 2368 2355
f 2354 2355 2368
f 2345 2346 2368
f 2362 2368 2346
f 2368 2362 2354
f 2353 2354 2362
f 2352 2351 2364
f 2369 2364 2351
f 2364 2369 2359
f 2360 2359 2369
f 2351 2350 2369
f 2367 2369 2350
f 2369 2367 2360
f 2361 2360 2367
usemtl drama-AA7075
f 2370 2373 2371
f 2374 2371 2373
f 2371 2374 2372
f 2375 2372 2374
f 2373 2376 2374
f 2377 2374 2376
f 2374 2377 2375
f 2378 2375 2377
f 2379 2382 2380
f 2383 2380 2382
f 2380 2383 2381
f 2384 2381 2383
f 2382 2385 2383
f 2386 2383 2385
f 2383 2386 2384
f 2387 2384 2386
f 2372 2375 2388
f 2389 2388 2375
f 2388 2389 2379
f 2382 2379 2389
f 2375 2378 2389
f 2390 2389 2378
f 2389 2390 2382
f 2385 2382 2390
f 2381 2384 2391
f 2392 2391 2384
f 2391 2392 2370
f 2373 2370 2392
f 2384 2387 2392
f 2393 2392 2387
f 2392 2393 2373
f 2376 2373 2393
f 2370 2371 2391
f 2394 2391 2371
f 2391 2394 2381
f 2380 2381 2394
f 2371 2372 2394
f 2388 2394 2372
f 2394 2388 2380
f 2379 2380 2388
f 2378 2377 2390
f 2395 2390 2377
f 2390 2395 2385
f 2386 2385 2395
f 2377 2376 2395
f 2393 2395 2376
f 2395 2393 2386
f 2387 2386 2393
usemtl drama-AA7075
f 2396 2399 2397
f 2400 2397 2399
f 2397 2400 2398
f 2401 2398 2400
f 2399 2402 2400
f 2403 2400 2402
f 2400 2403 2401
f 2404 2401 2403
f 2405 2408 2406
f 2409 2406 2408
f 2406 2409 2407
f 2410 2407 2409
f 2408 2411 2409
f 2412 2409 2411
f 2409 2412 2410
f 2413 2410 2412
f 2398 2401 2414
f 2415 2414 2401
f 2414 2415 2405
f 2408 2405 2415
f 2401 2404 2415
f 2416 2415 2404
f 2415 2416 2408
f 2411 2408 2416
f 2407 2410 2417
f 2418 2417 2410
f 2417 2418 2396
f 2399 2396 2418
f 2410 2413 2418
f 2419 2418 2413
f 2418 2419 2399
f 2402 2399 2419
f 2396 2397 2417
f 2420 2417 2397
f 2417 2420 2407
f 2406 2407 2420
f 2397 2398 2420
f 2414 2420 2398
f 2420 2414 2406
f 2405 2406 2414
f 2404 2403 2416
f 2421 2416 2403
f 2416 2421 2411
f 2412 2411 2421
f 2403 2402 2421
f 2419 2421 2402
f 2421 2419 2412
f 2413 2412 2419
usemtl drama-TiAl6v4
f 2422 2423 2435
f 2435 2423 2436
f 2423 2424 2436
f 2436 2424 2437
f 2424 2425 2437
f 2437 2425 2438
f 2425 2426 2438
f 2438 2426 2439
f 2426 2427 2439
f 2439 2427 2440
f 2427 2428 2440
f 2440 2428 2441
f 2428 2429 2441
f 2441 2429 2442
f 2429 2430 2442
f 2442 2430 2443
f 2430 2431 2443
f 2443 2431 2444
f 2431 2432 2444
f 2444 2432 2445
f 2432 2433 2445
f 2445 2433 2446
f 2433 2434 2446
f 2446 2434 2447
f 2435 2436 2448
f 2448 2436 2449
f 2436 2437 2449
f 2449 2437 2450
f 2437 2438 2450
f 2450 2438 2451
f 2438 2439 2451
f 2451 2439 2452
f 2439 2440 2452
f 2452 2440 2453
f 2440 2441 2453
f 2453 2441 2454
f 2441 2442 2454
f 2454 2442 2455
f 2442 2443 2455
f 2455 2443 2456
f 2443 2444 2456
f 2456 2444 2457
f 2444 2445 2457
f 2457 2445 2458
f 2445 2446 2458
f 2458 2446 2459
f 2446 2447 2459
f 2459 2447 2460
f 2448 2449 2461
f 2461 2449 2462
f 2449 2450 2462
f 2462 2450 2463
f 2450 2451 2463
f 2463 2451 2464
f 2451 2452 2464
f 2464 2452 2465
f 2452 2453 2465
f 2465 2453 2466
f 2453 2454 2466
f 2466 2454 2467
f 2454 2455 2467
f 2467 2455 2468
f 2455 2456 2468
f 2468 2456 2469
f 2456 2457 2469
f 2469 2457 2470
f 2457 2458 2470
f 2470 2458 2471
f 2458 2459 2471
f 2471 2459 2472
f 2459 2460 2472
f 2472 2460 2473
f 2461 2462 2474
f 2474 2462 2475
f 2462 2463 2475
f 2475 2463 2476
f 2463 2464 2476
f 2476 2464 2477
f 2464 2465 2477
f 2477 2465 2478
f 2465 2466 2478
f 2478 2466 2479
f 2466 2467 2479
f 2479 2467 2480
f 2467 2468 2480
f 2480 2468 2481
f 2468 2469 2481
f 2481 2469 2482
f 2469 2470 2482
f 2482 2470 2483
f 2470 2471 2483
f 2483 2471 2484
f 2471 2472 2484
f 2484 2472 2485
f 2472 2473 2485
f 2485 2473 2486
f 2422 2487 2423
f 2474 2475 2488
f 2423 2487 2424
f 2475 2476 2488
f 2424 2487 2425
f 2476 2477 2488
f 2425 2487 2426
f 2477 2478 2488
f 2426 2487 2427
f 2478 2479 2488
f 2427 2487 2428
f 2479 2480 2488
f 2428 2487 2429
f 2480 2481 2488
f 2429 2487 2430
f 2481 2482 2488
f 2430 2487 2431
f 2482 2483 2488
f 2431 2487 2432
f 2483 2484 2488
f 2432 2487 2433
f 2484 2485 2488
f 2433 2487 2434
f 2485 2486 2488
usemtl drama-TiAl6v4
f 2489 2490 2502
f 2502 2490 2503
f 2490 2491 2503
f 2503 2491 2504
f 2491 2492 2504
f 2504 2492 2505
f 2492 2493 2505
f 2505 2493 2506
f 2493 2494 2506
f 2506 2494 2507
f 2494 2495 2507
f 2507 2495 2508
f 2495 2496 2508
f 2508 2496 2509
f 2496 2497 2509
f 2509 2497 2510
f 2497 2498 2510
f 2510 2498 2511
f 2498 2499 2511
f 2511 2499 2512
f 2499 2500 2512
f 2512 2500 2513
f 2500 2501 2513
f 2513 2501 2514
f 2502 2503 2515
f 2515 2503 2516
f 2503 2504 2516
f 2516 2504 2517
f 2504 2505 2517
f 2517 2505 2518
f 2505 2506 2518
f 2518 2506 2519
f 2506 2507 2519
f 2519 2507 2520
f 2507 2508 2520
f 2520 2508 2521
f 2508 2509 2521
f 2521 2509 2522
f 2509 2510 2522
f 2522 2510 2523
f 2510 2511 2523
f 2523 2511 2524
f 2511 2512 2524
f 2524 2512 2525
f 2512 2513 2525
f 2525 2513 2526
f 2513 2514 2526
f 2526 2514 2527
f 2515 2516 2528
f 2528 2516 2529
f 2516 2517 2529
f 2529 2517 2530
f 2517 2518 2530
f 2530 2518 2531
f 2518 2519 2531
f 2531 2519 2532
f 2519 2520 2532
f 2532 2520 2533
f 2520 2521 2533
f 2533 2521 2534
f 2521 2522 2534
f 2534 2522 2535
f 2522 2523 2535
f 2535 2523 2536
f 2523 2524 2536
f 2536 2524 2537
f 2524 2525 2537
f 2537 2525 2538
f 2525 2526 2538
f 2538 2526 2539
f 2526 2527 2539
f 2539 2527 2540
f 2528 2529 2541
f 2541 2529 2542
f 2529 2530 2542
f 2542 2530 2543
f 2530 2531 2543
f 2543 2531 2544
f 2531 2532 2544
f 2544 2532 2545
f 2532 2533 2545
f 2545 2533 2546
f 2533 2534 2546
f 2546 2534 2547
f 2534 2535 2547
f 2547 2535 2548
f 2535 2536 2548
f 2548 2536 2549
f 2536 2537 2549
f 2549 2537 2550
f 2537 2538 2550
f 2550 2538 2551
f 2538 2539 2551
f 2551 2539 2552
f 2539 2540 2552
f 2552 2540 2553
f 2489 2554 2490
f 2541 2542 2555
f 2490 2554 2491
f 2542 2543 2555
f 2491 2554 2492
f 2543 2544 2555
f 2492 2554 2493
f 2544 2545 2555
f 2493 2554 2494
f 2545 2546 2555
f 2494 2554 2495
f 2546 2547 2555
f 2495 2554 2496
f 2547 2548 2555
f 2496 2554 2497
f 2548 2549 2555
f 2497 2554 2498
f 2549 2550 2555
f 2498 2554 2499
f 2550 2551 2555
f 2499 2554 2500
f 2551 2552 2555
f 2500 2554 2501
f 2552 2553 2555
usemtl drama-TiAl6v4
f 2556 2557 2569
f 2569 2557 2570
f 2557 2558 2570
f 2570 2558 2571
f 2558 2559 2571
f 2571 2559 2572
f 2559 2560 2572
f 2572 2560 2573
f 2560 2561 2573
f 2573 2561 2574
f 2561 2562 2574
f 2574 2562 2575
f 2562 2563 2575
f 2575 2563 2576
f 2563 2564 2576
f 2576 2564 2577
f 2564 2565 2577
f 2577 2565 2578
f 2565 2566 2578
f 2578 2566 2579
f 2566 2567 2579
f 2579 2567 2580
f 2567 2568 2580
f 2580 2568 2581
f 2569 2570 2582
f 2582 2570 2583
f 2570 2571 2583
f 2583 2571 2584
f 2571 2572 2584
f 2584 2572 2585
f 2572 2573 2585
f 2585 2573 2586
f 2573 2574 2586
f 2586 2574 2587
f 2574 2575 2587
f 2587 2575 2588
f 2575 2576 2588
f 2588 2576 2589
f 2576 2577 2589
f 2589 2577 2590
f 2577 2578 2590
f 2590 2578 2591
f 2578 2579 2591
f 2591 2579 2592
f 2579 2580 2592
f 2592 2580 2593
f 2580 2581 2593
f 2593 2581 2594
f 2582 2583 2595
f 2595 2583 2596
f 2583 2584 2596
f 2596 2584 2597
f 2584 2585 2597
f 2597 2585 2598
f 2585 2586 2598
f 2598 2586 2599
f 2586 2587 2599
f 2599 2587 2600
f 2587 2588 2600
f 2600 2588 2601
f 2588 2589 2601
f 2601 2589 2602
f 2589 2590 2602
f 2602 2590 2603
f 2590 2591 2603
f 2603 2591 2604
f 2591 2592 2604
f 2604 2592 2605
f 2592 2593 2605
f 2605 2593 2606
f 2593 2594 2606
f 2606 2594 2607
f 2595 2596 2608
f 2608 2596 2609
f 2596 2597 2609
f 2609 2597 2610
f 2597 2598 2610
f 2610 2598 2611
f 2598 2599 2611
f 2611 2599 2612
f 2599 2600 2612
f 2612 2600 2613
f 2600 2601 2613
f 2613 2601 2614
f 2601 2602 2614
f 2614 2602 2615
f 2602 2603 2615
f 2615 2603 2616
f 2603 2604 2616
f 2616 2604 2617
f 2604 2605 2617
f 2617 2605 2618
f 2605 2606 2618
f 2618 2606 2619
f 2606 2607 2619
f 2619 2607 2620
f 2556 2621 2557
f 2608 2609 2622
f 2557 2621 2558
f 2609 2610 2622
f 2558 2621 2559
f 2610 2611 2622
f 2559 2621 2560
f 2611 2612 2622
f 2560 2621 2561
f 2612 2613 2622
f 2561 2621 2562
f 2613 2614 2622
f 2562 2621 2563
f 2614 2615 2622
f 2563 2621 2564
f 2615 2616 2622
f 2564 2621 2565
f 2616 2617 2622
f 2565 2621 2566
f 2617 2618 2622
f 2566 2621 2567
f 2618 2619 2622
f 2567 2621 2568
f 2619 2620 2622
usemtl drama-TiAl6v4
f 2623 2624 2636
f 2636 2624 2637
f 2624 2625 2637
f 2637 2625 2638
f 2625 2626 2638
f 2638 2626 2639
f 2626 2627 2639
f 2639 2627 2640
f 2627 2628 2640
f 2640 2628 2641
f 2628 2629 2641
f 2641 2629 2642
f 2629 2630 2642
f 2642 2630 2643
f 2630 2631 2643
f 2643 2631 2644
f 2631 2632 2644
f 2644 2632 2645
f 2632 2633 2645
f 2645 2633 2646
f 2633 2634 2646
f 2646 2634 2647
f 2634 2635 2647
f 2647 2635 2648
f 2636 2637 2649
f 2649 2637 2650
f 2637 2638 2650
f 2650 2638 2651
f 2638 2639 2651
f 2651 2639 2652
f 2639 2640 2652
f 2652 2640 2653
f 2640 2641 2653
f 2653 2641 2654
f 2641 2642 2654
f 2654 2642 2655
f 2642 2643 2655
f 2655 2643 2656
f 2643 2644 2656
f 2656 2644 2657
f 2644 2645 2657
f 2657 2645 2658
f 2645 2646 2658
f 2658 2646 2659
f 2646 2647 2659
f 2659 2647 2660
f 2647 2648 2660
f 2660 2648 2661
f 2649 2650 2662
f 2662 2650 2663
f 2650 2651 2663
f 2663 2651 2664
f 2651 2652 2664
f 2664 2652 2665
f 2652 2653 2665
f 2665 2653 2666
f 2653 2654 2666
f 2666 2654 2667
f 2654 2655 2667
f 2667 2655 2668
f 2655 2656 2668
f 2668 2656 2669
f 2656 2657 2669
f 2669 2657 2670
f 2657 2658 2670
f 2670 2658 2671
f 2658 2659 2671
f 2671 2659 2672
f 2659 2660 2672
f 2672 2660 2673
f 2660 2661 2673
f 2673 2661 2674
f 2662 2663 2675
f 2675 2663 2676
f 2663 2664 2676
f 2676 2664 2677
f 2664 2665 2677
f 2677 2665 2678
f 2665 2666 2678
f 2678 2666 2679
f 2666 2667 2679
f 2679 2667 2680
f 2667 2668 2680
f 2680 2668 2681
f 2668 2669 2681
f 2681 2669 2682
f 2669 2670 2682
f 2682 2670 2683
f 2670 2671 2683
f 2683 2671 2684
f 2671 2672 2684
f 2684 2672 2685
f 2672 2673 2685
f 2685 2673 2686
f 2673 2674 2686
f 2686 2674 2687
f 2623 2688 2624
f 2675 2676 2689
f 2624 2688 2625
f 2676 2677 2689
f 2625 2688 2626
f 2677 2678 2689
f 2626 2688 2627
f 2678 2679 2689
f 2627 2688 2628
f 2679 2680 2689
f 2628 2688 2629
f 2680 2681 2689
f 2629 2688 2630
f 2681 2682 2689
f 2630 2688 2631
f 2682 2683 2689
f 2631 2688 2632
f 2683 2684 2689
f 2632 2688 2633
f 2684 2685 2689
f 2633 2688 2634
f 2685 2686 2689
f 2634 2688 2635
f 2686 2687 2689
usemtl drama-AA7075
f 2690 2691 2703
f 2704 2703 2691
f 2691 2692 2704
f 2705 2704 2692
f 2692 2693 2705
f 2706 2705 2693
f 2693 2694 2706
f 2707 2706 2694
f 2694 2695 2707
f 2708 2707 2695
f 2695 2696 2708
f 2709 2708 2696
f 2696 2697 2709
f 2710 2709 2697
f 2697 2698 2710
f 2711 2710 2698
f 2698 2699 2711
f 2712 2711 2699
f 2699 2700 2712
f 2713 2712 2700
f 2700 2701 2713
f 2714 2713 2701
f 2701 2702 2714
f 2715 2714 2702
f 2702 2690 2715
f 2703 2715 2690
f 2703 2704 2716
f 2717 2716 2704
f 2704 2705 2717
f 2718 2717 2705
f 2705 2706 2718
f 2719 2718 2706
f 2706 2707 2719
f 2720 2719 2707
f 2707 2708 2720
f 2721 2720 2708
f 2708 2709 2721
f 2722 2721 2709
f 2709 2710 2722
f 2723 2722 2710
f 2710 2711 2723
f 2724 2723 2711
f 2711 2712 2724
f 2725 2724 2712
f 2712 2713 2725
f 2726 2725 2713
f 2713 2714 2726
f 2727 2726 2714
f 2714 2715 2727
f 2728 2727 2715
f 2715 2703 2728
f 2716 2728 2703
f 2716 2729 2717
f 2717 2729 2718
f 2718 2729 2719
f 2719 2729 2720
f 2720 2729 2721
f 2721 2729 2722
f 2722 2729 2723
f 2723 2729 2724
f 2724 2729 2725
f 2725 2729 2726
f 2726 2729 2727
f 2727 2729 2728
f 2728 2729 2716
f 2717 2718 2730
f 2718 2719 2730
f 2719 2720 2730
f 2720 2721 2730
f 2721 2722 2730
f 2722 2723 2730
f 2723 2724 2730
f 2724 2725 2730
f 2725 2726 2730
f 2726 2727 2730
f 2727 2728 2730
f 2728 2729 2730
f 2729 2717 2730
usemtl drama-AA7075
f 2731 2732 2744
f 2745 2744 2732
f 2732 2733 2745
f 2746 2745 2733
f 2733 2734 2746
f 2747 2746 2734
f 2734 2735 2747
f 2748 2747 2735
f 2735 2736 2748
f 2749 2748 2736
f 2736 2737 2749
f 2750 2749 2737
f 2737 2738 2750
f 2751 2750 2738
f 2738 2739 2751
f 2752 2751 2739
f 2739 2740 2752
f 2753 2752 2740
f 2740 2741 2753
f 2754 2753 2741
f 2741 2742 2754
f 2755 2754 2742
f 2742 2743 2755
f 2756 2755 2743
f 2743 2731 2756
f 2744 2756 2731
f 2744 2745 2757
f 2758 2757 2745
f 2745 2746 2758
f 2759 2758 2746
f 2746 2747 2759
f 2760 2759 2747
f 2747 2748 2760
f 2761 2760 2748
f 2748 2749 2761
f 2762 2761 2749
f 2749 2750 2762
f 2763 2762 2750
f 2750 2751 2763
f 2764 2763 2751
f 2751 2752 2764
f 2765 2764 2752
f 2752 2753 2765
f 2766 2765 2753
f 2753 2754 2766
f 2767 2766 2754
f 2754 2755 2767
f 2768 2767 2755
f 2755 2756 2768
f 2769 2768 2756
f 2756 2744 2769
f 2757 2769 2744
f 2757 2770 2758
f 2758 2770 2759
f 2759 2770 2760
f 2760 2770 2761
f 2761 2770 2762
f 2762 2770 2763
f 2763 2770 2764
f 2764 2770 2765
f 2765 2770 2766
f 2766 2770 2767
f 2767 2770 2768
f 2768 2770 2769
f 2769 2770 2757
f 2758 2759 2771
f 2759 2760 2771
f 2760 2761 2771
f 2761 2762 2771
f 2762 2763 2771
f 2763 2764 2771
f 2764 2765 2771
f 2765 2766 2771
f 2766 2767 2771
f 2767 2768 2771
f 2768 2769 2771
f 2769 2770 2771
f 2770 2758 2771
usemtl drama-AA7075
f 2772 2773 2785
f 2786 2785 2773
f 2773 2774 2786
f 2787 2786 2774
f 2774 2775 2787
f 2788 2787 2775
f 2775 2776 2788
f 2789 2788 2776
f 2776 2777 2789
f 2790 2789 2777
f 2777 2778 2790
f 2791 2790 2778
f 2778 2779 2791
f 2792 2791 2779
f 2779 2780 2792
f 2793 2792 2780
f 2780 2781 2793
f 2794 2793 2781
f 2781 2782 2794
f 2795 2794 2782
f 2782 2783 2795
f 2796 2795 2783
f 2783 2784 2796
f 2797 2796 2784
f 2784 2772 2797
f 2785 2797 2772
f 2785 2786 2798
f 2799 2798 2786
f 2786 2787 2799
f 2800 2799 2787
f 2787 2788 2800
f 2801 2800 2788
f 2788 2789 2801
f 2802 2801 2789
f 2789 2790 2802
f 2803 2802 2790
f 2790 2791 2803
f 2804 2803 2791
f 2791 2792 2804
f 2805 2804 2792
f 2792 2793 2805
f 2806 2805 2793
f 2793 2794 2806
f 2807 2806 2794
f 2794 2795 2807
f 2808 2807 2795
f 2795 2796 2808
f 2809 2808 2796
f 2796 2797 2809
f 2810 2809 2797
f 2797 2785 2810
f 2798 2810 2785
f 2798 2811 2799
f 2799 2811 2800
f 2800 2811 2801
f 2801 2811 2802
f 2802 2811 2803
f 2803 2811 2804
f 2804 2811 2805
f 2805 2811 2806
f 2806 2811 2807
f 2807 2811 2808
f 2808 2811 2809
f 2809 2811 2810
f 2810 2811 2798
f 2799 2800 2812
f 2800 2801 2812
f 2801 2802 2812
f 2802 2803 2812
f 2803 2804 2812
f 2804 2805 2812
f 2805 2806 2812
f 2806 2807 2812
f 2807 2808 2812
f 2808 2809 2812
f 2809 2810 2812
f 2810 2811 2812
f 2811 2799 2812
usemtl drama-AA7075
f 2813 2814 2826
f 2827 2826 2814
f 2814 2815 2827
f 2828 2827 2815
f 2815 2816 2828
f 2829 2828 2816
f 2816 2817 2829
f 2830 2829 2817
f 2817 2818 2830
f 2831 2830 2818
f 2818 2819 2831
f 2832 2831 2819
f 2819 2820 2832
f 2833 2832 2820
f 2820 2821 2833
f 2834 2833 2821
f 2821 2822 2834
f 2835 2834 2822
f 2822 2823 2835
f 2836 2835 2823
f 2823 2824 2836
f 2837 2836 2824
f 2824 2825 2837
f 2838 2837 2825
f 2825 2813 2838
f 2826 2838 2813
f 2826 2827 2839
f 2840 2839 2827
f 2827 2828 2840
f 2841 2840 2828
f 2828 2829 2841
f 2842 2841 2829
f 2829 2830 2842
f 2843 2842 2830
f 2830 2831 2843
f 2844 2843 2831
f 2831 2832 2844
f 2845 2844 2832
f 2832 2833 2845
f 2846 2845 2833
f 2833 2834 2846
f 2847 2846 2834
f 2834 2835 2847
f 2848 2847 2835
f 2835 2836 2848
f 2849 2848 2836
f 2836 2837 2849
f 2850 2849 2837
f 2837 2838 2850
f 2851 2850 2838
f 2838 2826 2851
f 2839 2851 2826
f 2839 2852 2840
f 2840 2852 2841
f 2841 2852 2842
f 2842 2852 2843
f 2843 2852 2844
f 2844 2852 2845
f 2845 2852 2846
f 2846 2852 2847
f 2847 2852 2848
f 2848 2852 2849
f 2849 2852 2850
f 2850 2852 2851
f 2851 2852 2839
f 2840 2841 2853
f 2841 2842 2853
f 2842 2843 2853
f 2843 2844 2853
f 2844 2845 2853
f 2845 2846 2853
f 2846 2847 2853
f 2847 2848 2853
f 2848 2849 2853
f 2849 2850 2853
f 2850 2851 2853
f 2851 2852 2853
f 2852 2840 2853
usemtl drama-AA7075
f 2854 2855 2867
f 2868 2867 2855
f 2855 2856 2868
f 2869 2868 2856
f 2856 2857 2869
f 2870 2869 2857
f 2857 2858 2870
f 2871 2870 2858
f 2858 2859 2871
f 2872 2871 2859
f 2859 2860 2872
f 2873 2872 2860
f 2860 2861 2873
f 2874 2873 2861
f 2861 2862 2874
f 2875 2874 2862
f 2862 2863 2875
f 2876 2875 2863
f 2863 2864 2876
f 2877 2876 2864
f 2864 2865 2877
f 2878 2877 2865
f 2865 2866 2878
f 2879 2878 2866
f 2866 2854 2879
f 2867 2879 2854
f 2867 2868 2880
f 2881 2880 2868
f 2868 2869 2881
f 2882 2881 2869
f 2869 2870 2882
f 2883 2882 2870
f 2870 2871 2883
f 2884 2883 2871
f 2871 2872 2884
f 2885 2884 2872
f 2872 2873 2885
f 2886 2885 2873
f 2873 2874 2886
f 2887 2886 2874
f 2874 2875 2887
f 2888 2887 2875
f 2875 2876 2888
f 2889 2888 2876
f 2876 2877 2889
f 2890 2889 2877
f 2877 2878 2890
f 2891 2890 2878
f 2878 2879 2891
f 2892 2891 2879
f 2879 2867 2892
f 2880 2892 2867
f 2880 2893 2881
f 2881 2893 2882
f 2882 2893 2883
f 2883 2893 2884
f 2884 2893 2885
f 2885 2893 2886
f 2886 2893 2887
f 2887 2893 2888
f 2888 2893 2889
f 2889 2893 2890
f 2890 2893 2891
f 2891 2893 2892
f 2892 2893 2880
f 2881 2882 2894
f 2882 2883 2894
f 2883 2884 2894
f 2884 2885 2894
f 2885 2886 2894
f 2886 2887 2894
f 2887 2888 2894
f 2888 2889 2894
f 2889 2890 2894
f 2890 2891 2894
f 2891 2892 2894
f 2892 2893 2894
f 2893 2881 2894
usemtl drama-AA7075
f 2895 2896 2908
f 2909 2908 2896
f 2896 2897 2909
f 2910 2909 2897
f 2897 2898 2910
f 2911 2910 2898
f 2898 2899 2911
f 2912 2911 2899
f 2899 2900 2912
f 2913 2912 2900
f 2900 2901 2913
f 2914 2913 2901
f 2901 2902 2914
f 2915 2914 2902
f 2902 2903 2915
f 2916 2915 2903
f 2903 2904 2916
f 2917 2916 2904
f 2904 2905 2917
f 2918 2917 2905
f 2905 2906 2918
f 2919 2918 2906
f 2906 2907 2919
f 2920 2919 2907
f 2907 2895 2920
f 2908 2920 2895
f 2908 2909 2921
f 2922 2921 2909
f 2909 2910 2922
f 2923 2922 2910
f 2910 2911 2923
f 2924 2923 2911
f 2911 2912 2924
f 2925 2924 2912
f 2912 2913 2925
f 2926 2925 2913
f 2913 2914 2926
f 2927 2926 2914
f 2914 2915 2927
f 2928 2927 2915
f 2915 2916 2928
f 2929 2928 2916
f 2916 2917 2929
f 2930 2929 2917
f 2917 2918 2930
f 2931 2930 2918
f 2918 2919 2931
f 2932 2931 2919
f 2919 2920 2932
f 2933 2932 2920
f 2920 2908 2933
f 2921 2933 2908
f 2921 2934 2922
f 2922 2934 2923
f 2923 2934 2924
f 2924 2934 2925
f 2925 2934 2926
f 2926 2934 2927
f 2927 2934 2928
f 2928 2934 2929
f 2929 2934 2930
f 2930 2934 2931
f 2931 2934 2932
f 2932 2934 2933
f 2933 2934 2921
f 2922 2923 2935
f 2923 2924 2935
f 2924 2925 2935
f 2925 2926 2935
f 2926 2927 2935
f 2927 2928 2935
f 2928 2929 2935
f 2929 2930 2935
f 2930 2931 2935
f 2931 2932 2935
f 2932 2933 2935
f 2933 2934 2935
f 2934 2922 2935
usemtl drama-AA7075
f 2936 2937 2949
f 2950 2949 2937
f 2937 2938 2950
f 2951 2950 2938
f 2938 2939 2951
f 2952 2951 2939
f 2939 2940 2952
f 2953 2952 2940
f 2940 2941 2953
f 2954 2953 2941
f 2941 2942 2954
f 2955 2954 2942
f 2942 2943 2955
f 2956 2955 2943
f 2943 2944 2956
f 2957 2956 2944
f 2944 2945 2957
f 2958 2957 2945
f 2945 2946 2958
f 2959 2958 2946
f 2946 2947 2959
f 2960 2959 2947
f 2947 2948 2960
f 2961 2960 2948
f 2948 2936 2961
f 2949 2961 2936
f 2949 2950 2962
f 2963 2962 2950
f 2950 2951 2963
f 2964 2963 2951
f 2951 2952 2964
f 2965 2964 2952
f 2952 2953 2965
f 2966 2965 2953
f 2953 2954 2966
f 2967 2966 2954
f 2954 2955 2967
f 2968 2967 2955
f 2955 2956 2968
f 2969 2968 2956
f 2956 2957 2969
f 2970 2969 2957
f 2957 2958 2970
f 2971 2970 2958
f 2958 2959 2971
f 2972 2971 2959
f 2959 2960 2972
f 2973 2972 2960
f 2960 2961 2973
f 2974 2973 2961
f 2961 2949 2974
f 2962 2974 2949
f 2962 2975 2963
f 2963 2975 2964
f 2964 2975 2965
f 2965 2975 2966
f 2966 2975 2967
f 2967 2975 2968
f 2968 2975 2969
f 2969 2975 2970
f 2970 2975 2971
f 2971 2975 2972
f 2972 2975 2973
f 2973 2975 2974
f 2974 2975 2962
f 2963 2964 2976
f 2964 2965 2976
f 2965 2966 2976
f 2966 2967 2976
f 2967 2968 2976
f 2968 2969 2976
f 2969 2970 2976
f 2970 2971 2976
f 2971 2972 2976
f 2972 2973 2976
f 2973 2974 2976
f 2974 2975 2976
f 2975 2963 2976
usemtl drama-AA7075
f 2977 2978 2990
f 2991 2990 2978
f 2978 2979 2991
f 2992 2991 2979
f 2979 2980 2992
f 2993 2992 2980
f 2980 2981 2993
f 2994 2993 2981
f 2981 2982 2994
f 2995 2994 2982
f 2982 2983 2995
f 2996 2995 2983
f 2983 2984 2996
f 2997 2996 2984
f 2984 2985 2997
f 2998 2997 2985
f 2985 2986 2998
f 2999 2998 2986
f 2986 2987 2999
f 3000 2999 2987
f 2987 2988 3000
f 3001 3000 2988
f 2988 2989 3001
f 3002 3001 2989
f 2989 2977 3002
f 2990 3002 2977
f 2990 2991 3003
f 3004 3003 2991
f 2991 2992 3004
f 3005 3004 2992
f 2992 2993 3005
f 3006 3005 2993
f 2993 2994 3006
f 3007 3006 2994
f 2994 2995 3007
f 3008 3007 2995
f 2995 2996 3008
f 3009 3008 2996
f 2996 2997 3009
f 3010 3009 2997
f 2997 2998 3010
f 3011 3010 2998
f 2998 2999 3011
f 3012 3011 2999
f 2999 3000 3012
f 3013 3012 3000
f 3000 3001 3013
f 3014 3013 3001
f 3001 3002 3014
f 3015 3014 3002
f 3002 2990 3015
f 3003 3015 2990
f 3003 3016 3004
f 3004 3016 3005
f 3005 3016 3006
f 3006 3016 3007
f 3007 3016 3008
f 3008 3016 3009
f 3009 3016 3010
f 3010 3016 3011
f 3011 3016 3012
f 3012 3016 3013
f 3013 3016 3014
f 3014 3016 3015
f 3015 3016 3003
f 3004 3005 3017
f 3005 3006 3017
f 3006 3007 3017
f 3007 3008 3017
f 3008 3009 3017
f 3009 3010 3017
f 3010 3011 3017
f 3011 3012 3017
f 3012 3013 3017
f 3013 3014 3017
f 3014 3015 3017
f 3015 3016 3017
f 3016 3004 3017
usemtl drama-AA7075
f 3018 3019 3031
f 3032 3031 3019
f 3019 3020 3032
f 3033 3032 3020
f 3020 3021 3033
f 3034 3033 3021
f 3021 3022 3034
f 3035 3034 3022
f 3022 3023 3035
f 3036 3035 3023
f 3023 3024 3036
f 3037 3036 3024
f 3024 3025 3037
f 3038 3037 3025
f 3025 3026 3038
f 3039 3038 3026
f 3026 3027 3039
f 3040 3039 3027
f 3027 3028 3040
f 3041 3040 3028
f 3028 3029 3041
f 3042 3041 3029
f 3029 3030 3042
f 3043 3042 3030
f 3030 3018 3043
f 3031 3043 3018
f 3031 3032 3044
f 3045 3044 3032
f 3032 3033 3045
f 3046 3045 3033
f 3033 3034 3046
f 3047 3046 3034
f 3034 3035 3047
f 3048 3047 3035
f 3035 3036 3048
f 3049 3048 3036
f 3036 3037 3049
f 3050 3049 3037
f 3037 3038 3050
f 3051 3050 3038
f 3038 3039 3051
f 3052 3051 3039
f 3039 3040 3052
f 3053 3052 3040
f 3040 3041 3053
f 3054 3053 3041
f 3041 3042 3054
f 3055 3054 3042
f 3042 3043 3055
f 3056 3055 3043
f 3043 3031 3056
f 3044 3056 3031
f 3044 3057 3045
f 3045 3057 3046
f 3046 3057 3047
f 3047 3057 3048
f 3048 3057 3049
f 3049 3057 3050
f 3050 3057 3051
f 3051 3057 3052
f 3052 3057 3053
f 3053 3057 3054
f 3054 3057 3055
f 3055 3057 3056
f 3056 3057 3044
f 3045 3046 3058
f 3046 3047 3058
f 3047 3048 3058
f 3048 3049 3058
f 3049 3050 3058
f 3050 3051 3058
f 3051 3052 3058
f 3052 3053 3058
f 3053 3054 3058
f 3054 3055 3058
f 3055 3056 3058
f 3056 3057 3058
f 3057 3045 3058
usemtl drama-AA7075
f 3059 3060 3072
f 3073 3072 3060
f 3060 3061 3073
f 3074 3073 3061
f 3061 3062 3074
f 3075 3074 3062
f 3062 3063 3075
f 3076 3075 3063
f 3063 3064 3076
f 3077 3076 3064
f 3064 3065 3077
f 3078 3077 3065
f 3065 3066 3078
f 3079 3078 3066
f 3066 3067 3079
f 3080 3079 3067
f 3067 3068 3080
f 3081 3080 3068
f 3068 3069 3081
f 3082 3081 3069
f 3069 3070 3082
f 3083 3082 3070
f 3070 3071 3083
f 3084 3083 3071
f 3071 3059 3084
f 3072 3084 3059
f 3072 3073 3085
f 3086 3085 3073
f 3073 3074 3086
f 3087 3086 3074
f 3074 3075 3087
f 3088 3087 3075
f 3075 3076 3088
f 3089 3088 3076
f 3076 3077 3089
f 3090 3089 3077
f 3077 3078 3090
f 3091 3090 3078
f 3078 3079 3091
f 3092 3091 3079
f 3079 3080 3092
f 3093 3092 3080
f 3080 3081 3093
f 3094 3093 3081
f 3081 3082 3094
f 3095 3094 3082
f 3082 3083 3095
f 3096 3095 3083
f 3083 3084 3096
f 3097 3096 3084
f 3084 3072 3097
f 3085 3097 3072
f 3085 3098 3086
f 3086 3098 3087
f 3087 3098 3088
f 3088 3098 3089
f 3089 3098 3090
f 3090 3098 3091
f 3091 3098 3092
f 3092 3098 3093
f 3093 3098 3094
f 3094 3098 3095
f 3095 3098 3096
f 3096 3098 3097
f 3097 3098 3085
f 3086 3087 3099
f 3087 3088 3099
f 3088 3089 3099
f 3089 3090 3099
f 3090 3091 3099
f 3091 3092 3099
f 3092 3093 3099
f 3093 3094 3099
f 3094 3095 3099
f 3095 3096 3099
f 3096 3097 3099
f 3097 3098 3099
f 3098 3086 3099
usemtl drama-AA7075
f 3100 3101 3113
f 3114 3113 3101
f 3101 3102 3114
f 3115 3114 3102
f 3102 3103 3115
f 3116 3115 3103
f 3103 3104 3116
f 3117 3116 3104
f 3104 3105 3117
f 3118 3117 3105
f 3105 3106 3118
f 3119 3118 3106
f 3106 3107 3119
f 3120 3119 3107
f 3107 3108 3120
f 3121 3120 3108
f 3108 3109 3121
f 3122 3121 3109
f 3109 3110 3122
f 3123 3122 3110
f 3110 3111 3123
f 3124 3123 3111
f 3111 3112 3124
f 3125 3124 3112
f 3112 3100 3125
f 3113 3125 3100
f 3113 3114 3126
f 3127 3126 3114
f 3114 3115 3127
f 3128 3127 3115
f 3115 3116 3128
f 3129 3128 3116
f 3116 3117 3129
f 3130 3129 3117
f 3117 3118 3130
f 3131 3130 3118
f 3118 3119 3131
f 3132 3131 3119
f 3119 3120 3132
f 3133 3132 3120
f 3120 3121 3133
f 3134 3133 3121
f 3121 3122 3134
f 3135 3134 3122
f 3122 3123 3135
f 3136 3135 3123
f 3123 3124 3136
f 3137 3136 3124
f 3124 3125 3137
f 3138 3137 3125
f 3125 3113 3138
f 3126 3138 3113
f 3126 3139 3127
f 3127 3139 3128
f 3128 3139 3129
f 3129 3139 3130
f 3130 3139 3131
f 3131 3139 3132
f 3132 3139 3133
f 3133 3139 3134
f 3134 3139 3135
f 3135 3139 3136
f 3136 3139 3137
f 3137 3139 3138
f 3138 3139 3126
f 3127 3128 3140
f 3128 3129 3140
f 3129 3130 3140
f 3130 3131 3140
f 3131 3132 3140
f 3132 3133 3140
f 3133 3134 3140
f 3134 3135 3140
f 3135 3136 3140
f 3136 3137 3140
f 3137 3138 3140
f 3138 3139 3140
f 3139 3127 3140
usemtl drama-AA7075
f 3141 3142 3154
f 3155 3154 3142
f 3142 3143 3155
f 3156 3155 3143
f 3143 3144 3156
f 3157 3156 3144
f 3144 3145 3157
f 3158 3157 3145
f 3145 3146 3158
f 3159 3158 3146
f 3146 3147 3159
f 3160 3159 3147
f 3147 3148 3160
f 3161 3160 3148
f 3148 3149 3161
f 3162 3161 3149
f 3149 3150 3162
f 3163 3162 3150
f 3150 3151 3163
f 3164 3163 3151
f 3151 3152 3164
f 3165 3164 3152
f 3152 3153 3165
f 3166 3165 3153
f 3153 3141 3166
f 3154 3166 3141
f 3154 3155 3167
f 3168 3167 3155
f 3155 3156 3168
f 3169 3168 3156
f 3156 3157 3169
f 3170 3169 3157
f 3157 3158 3170
f 3171 3170 3158
f 3158 3159 3171
f 3172 3171 3159
f 3159 3160 3172
f 3173 3172 3160
f 3160 3161 3173
f 3174 3173 3161
f 3161 3162 3174
f 3175 3174 3162
f 3162 3163 3175
f 3176 3175 3163
f 3163 3164 3176
f 3177 3176 3164
f 3164 3165 3177
f 3178 3177 3165
f 3165 3166 3178
f 3179 3178 3166
f 3166 3154 3179
f 3167 3179 3154
f 3167 3180 3168
f 3168 3180 3169
f 3169 3180 3170
f 3170 3180 3171
f 3171 3180 3172
f 3172 3180 3173
f 3173 3180 3174
f 3174 3180 3175
f 3175 3180 3176
f 3176 3180 3177
f 3177 3180 3178
f 3178 3180 3179
f 3179 3180 3167
f 3168 3169 3181
f 3169 3170 3181
f 3170 3171 3181
f 3171 3172 3181
f 3172 3173 3181
f 3173 3174 3181
f 3174 3175 3181
f 3175 3176 3181
f 3176 3177 3181
f 3177 3178 3181
f 3178 3179 3181
f 3179 3180 3181
f 3180 3168 3181
usemtl drama-AA7075
f 3182 3186 3183
f 3187 3183 3186
f 3183 3187 3184
f 3188 3184 3187
f 3184 3188 3185
f 3189 3185 3188
f 3186 3190 3187
f 3191 3187 3190
f 3187 3191 3188
f 3192 3188 3191
f 3188 3192 3189
f 3193 3189 3192
f 3190 3194 3191
f 3195 3191 3194
f 3191 3195 3192
f 3196 3192 3195
f 3192 3196 3193
f 3197 3193 3196
f 3198 3202 3199
f 3203 3199 3202
f 3199 3203 3200
f 3204 3200 3203
f 3200 3204 3201
f 3205 3201 3204
f 3202 3206 3203
f 3207 3203 3206
f 3203 3207 3204
f 3208 3204 3207
f 3204 3208 3205
f 3209 3205 3208
f 3206 3210 3207
f 3211 3207 3210
f 3207 3211 3208
f 3212 3208 3211
f 3208 3212 3209
f 3213 3209 3212
f 3185 3189 3214
f 3217 3214 3189
f 3214 3217 3215
f 3218 3215 3217
f 3215 3218 3216
f 3219 3216 3218
f 3216 3219 3198
f 3202 3198 3219
f 3189 3193 3217
f 3220 3217 3193
f 3217 3220 3218
f 3221 3218 3220
f 3218 3221 3219
f 3222 3219 3221
f 3219 3222 3202
f 3206 3202 3222
f 3193 3197 3220
f 3223 3220 3197
f 3220 3223 3221
f 3224 3221 3223
f 3221 3224 3222
f 3225 3222 3224
f 3222 3225 3206
f 3210 3206 3225
f 3201 3205 3226
f 3229 3226 3205
f 3226 3229 3227
f 3230 3227 3229
f 3227 3230 3228
f 3231 3228 3230
f 3228 3231 3182
f 3186 3182 3231
f 3205 3209 3229
f 3232 3229 3209
f 3229 3232 3230
f 3233 3230 3232
f 3230 3233 3231
f 3234 3231 3233
f 3231 3234 3186
f 3190 3186 3234
f 3209 3213 3232
f 3235 3232 3213
f 3232 3235 3233
f 3236 3233 3235
f 3233 3236 3234
f 3237 3234 3236
f 3234 3237 3190
f 3194 3190 3237
f 3182 3183 3228
f 3238 3228 3183
f 3228 3238 3227
f 3239 3227 3238
f 3227 3239 3226
f 3240 3226 3239
f 3226 3240 3201
f 3200 3201 3240
f 3183 3184 3238
f 3241 3238 3184
f 3238 3241 3239
f 3242 3239 3241
f 3239 3242 3240
f 3243 3240 3242
f 3240 3243 3200
f 3199 3200 3243
f 3184 3185 3241
f 3214 3241 3185
f 3241 3214 3242
f 3215 3242 3214
f 3242 3215 3243
f 3216 3243 3215
f 3243 3216 3199
f 3198 3199 3216
f 3197 3196 3223
f 3244 3223 3196
f 3223 3244 3224
f 3245 3224 3244
f 3224 3245 3225
f 3246 3225 3245
f 3225 3246 3210
f 3211 3210 3246
f 3196 3195 3244
f 3247 3244 3195
f 3244 3247 3245
f 3248 3245 3247
f 3245 3248 3246
f 3249 3246 3248
f 3246 3249 3211
f 3212 3211 3249
f 3195 3194 3247
f 3237 3247 3194
f 3247 3237 3248
f 3236 3248 3237
f 3248 3236 3249
f 3235 3249 3236
f 3249 3235 3212
f 3213 3212 3235
usemtl drama-AA7075
f 3250 3254 3251
f 3255 3251 3254
f 3251 3255 3252
f 3256 3252 3255
f 3252 3256 3253
f 3257 3253 3256
f 3254 3258 3255
f 3259 3255 3258
f 3255 3259 3256
f 3260 3256 3259
f 3256 3260 3257
f 3261 3257 3260
f 3258 3262 3259
f 3263 3259 3262
f 3259 3263 3260
f 3264 3260 3263
f 3260 3264 3261
f 3265 3261 3264
f 3266 3270 3267
f 3271 3267 3270
f 3267 3271 3268
f 3272 3268 3271
f 3268 3272 3269
f 3273 3269 3272
f 3270 3274 3271
f 3275 3271 3274
f 3271 3275 3272
f 3276 3272 3275
f 3272 3276 3273
f 3277 3273 3276
f 3274 3278 3275
f 3279 3275 3278
f 3275 3279 3276
f 3280 3276 3279
f 3276 3280 3277
f 3281 3277 3280
f 3253 3257 3282
f 3285 3282 3257
f 3282 3285 3283
f 3286 3283 3285
f 3283 3286 3284
f 3287 3284 3286
f 3284 3287 3266
f 3270 3266 3287
f 3257 3261 3285
f 3288 3285 3261
f 3285 3288 3286
f 3289 3286 3288
f 3286 3289 3287
f 3290 3287 3289
f 3287 3290 3270
f 3274 3270 3290
f 3261 3265 3288
f 3291 3288 3265
f 3288 3291 3289
f 3292 3289 3291
f 3289 3292 3290
f 3293 3290 3292
f 3290 3293 3274
f 3278 3274 3293
f 3269 3273 3294
f 3297 3294 3273
f 3294 3297 3295
f 3298 3295 3297
f 3295 3298 3296
f 3299 3296 3298
f 3296 3299 3250
f 3254 3250 3299
f 3273 3277 3297
f 3300 3297 3277
f 3297 3300 3298
f 3301 3298 3300
f 3298 3301 3299
f 3302 3299 3301
f 3299 3302 3254
f 3258 3254 3302
f 3277 3281 3300
f 3303 3300 3281
f 3300 3303 3301
f 3304 3301 3303
f 3301 3304 3302
f 3305 3302 3304
f 3302 3305 3258
f 3262 3258 3305
f 3250 3251 3296
f 3306 3296 3251
f 3296 3306 3295
f 3307 3295 3306
f 3295 3307 3294
f 3308 3294 3307
f 3294 3308 3269
f 3268 3269 3308
f 3251 3252 3306
f 3309 3306 3252
f 3306 3309 3307
f 3310 3307 3309
f 3307 3310 3308
f 3311 3308 3310
f 3308 3311 3268
f 3267 3268 3311
f 3252 3253 3309
f 3282 3309 3253
f 3309 3282 3310
f 3283 3310 3282
f 3310 3283 3311
f 3284 3311 3283
f 3311 3284 3267
f 3266 3267 3284
f 3265 3264 3291
f 3312 3291 3264
f 3291 3312 3292
f 3313 3292 3312
f 3292 3313 3293
f 3314 3293 3313
f 3293 3314 3278
f 3279 3278 3314
f 3264 3263 3312
f 3315 3312 3263
f 3312 3315 3313
f 3316 3313 3315
f 3313 3316 3314
f 3317 3314 3316
f 3314 3317 3279
f 3280 3279 3317
f 3263 3262 3315
f 3305 3315 3262
f 3315 3305 3316
f 3304 3316 3305
f 3316 3304 3317
f 3303 3317 3304
f 3317 3303 3280
f 3281 3280 3303
usemtl drama-AA7075
f 3318 3322 3319
f 3323 3319 3322
f 3319 3323 3320
f 3324 3320 3323
f 3320 3324 3321
f 3325 3321 3324
f 3322 3326 3323
f 3327 3323 3326
f 3323 3327 3324
f 3328 3324 3327
f 3324 3328 3325
f 3329 3325 3328
f 3330 3334 3331
f 3335 3331 3334
f 3331 3335 3332
f 3336 3332 3335
f 3332 3336 3333
f 3337 3333 3336
f 3334 3338 3335
f 3339 3335 3338
f 3335 3339 3336
f 3340 3336 3339
f 3336 3340 3337
f 3341 3337 3340
f 3321 3325 3342
f 3344 3342 3325
f 3342 3344 3343
f 3345 3343 3344
f 3343 3345 3330
f 3334 3330 3345
f 3325 3329 3344
f 3346 3344 3329
f 3344 3346 3345
f 3347 3345 3346
f 3345 3347 3334
f 3338 3334 3347
f 3333 3337 3348
f 3350 3348 3337
f 3348 3350 3349
f 3351 3349 3350
f 3349 3351 3318
f 3322 3318 3351
f 3337 3341 3350
f 3352 3350 3341
f 3350 3352 3351
f 3353 3351 3352
f 3351 3353 3322
f 3326 3322 3353
f 3318 3319 3349
f 3354 3349 3319
f 3349 3354 3348
f 3355 3348 3354
f 3348 3355 3333
f 3332 3333 3355
f 3319 3320 3354
f 3356 3354 3320
f 3354 3356 3355
f 3357 3355 3356
f 3355 3357 3332
f 3331 3332 3357
f 3320 3321 3356
f 3342 3356 3321
f 3356 3342 3357
f 3343 3357 3342
f 3357 3343 3331
f 3330 3331 3343
f 3329 3328 3346
f 3358 3346 3328
f 3346 3358 3347
f 3359 3347 3358
f 3347 3359 3338
f 3339 3338 3359
f 3328 3327 3358
f 3360 3358 3327
f 3358 3360 3359
f 3361 3359 3360
f 3359 3361 3339
f 3340 3339 3361
f 3327 3326 3360
f 3353 3360 3326
f 3360 3353 3361
f 3352 3361 3353
f 3361 3352 3340
f 3341 3340 3352
usemtl drama-AA7075
f 3362 3367 3363
f 3368 3363 3367
f 3363 3368 3364
f 3369 3364 3368
f 3364 3369 3365
f 3370 3365 3369
f 3365 3370 3366
f 3371 3366 3370
f 3367 3372 3368
f 3373 3368 3372
f 3368 3373 3369
f 3374 3369 3373
f 3369 3374 3370
f 3375 3370 3374
f 3370 3375 3371
f 3376 3371 3375
f 3372 3377 3373
f 3378 3373 3377
f 3373 3378 3374
f 3379 3374 3378
f 3374 3379 3375
f 3380 3375 3379
f 3375 3380 3376
f 3381 3376 3380
f 3377 3382 3378
f 3383 3378 3382
f 3378 3383 3379
f 3384 3379 3383
f 3379 3384 3380
f 3385 3380 3384
f 3380 3385 3381
f 3386 3381 3385
f 3387 3392 3388
f 3393 3388 3392
f 3388 3393 3389
f 3394 3389 3393
f 3389 3394 3390
f 3395 3390 3394
f 3390 3395 3391
f 3396 3391 3395
f 3392 3397 3393
f 3398 3393 3397
f 3393 3398 3394
f 3399 3394 3398
f 3394 3399 3395
f 3400 3395 3399
f 3395 3400 3396
f 3401 3396 3400
f 3397 3402 3398
f 3403 3398 3402
f 3398 3403 3399
f 3404 3399 3403
f 3399 3404 3400
f 3405 3400 3404
f 3400 3405 3401
f 3406 3401 3405
f 3402 3407 3403
f 3408 3403 3407
f 3403 3408 3404
f 3409 3404 3408
f 3404 3409 3405
f 3410 3405 3409
f 3405 3410 3406
f 3411 3406 3410
f 3366 3371 3412
f 3420 3412 3371
f 3412 3420 3413
f 3421 3413 3420
f 3413 3421 3414
f 3422 3414 3421
f 3414 3422 3415
f 3423 3415 3422
f 3415 3423 3416
f 3424 3416 3423
f 3416 3424 3417
f 3425 3417 3424
f 3417 3425 3418
f 3426 3418 3425
f 3418 3426 3419
f 3427 3419 3426
f 3419 3427 3387
f 3392 3387 3427
f 3371 3376 3420
f 3428 3420 3376
f 3420 3428 3421
f 3429 3421 3428
f 3421 3429 3422
f 3430 3422 3429
f 3422 3430 3423
f 3431 3423 3430
f 3423 3431 3424
f 3432 3424 3431
f 3424 3432 3425
f 3433 3425 3432
f 3425 3433 3426
f 3434 3426 3433
f 3426 3434 3427
f 3435 3427 3434
f 3427 3435 3392
f 3397 3392 3435
f 3376 3381 3428
f 3436 3428 3381
f 3428 3436 3429
f 3437 3429 3436
f 3429 3437 3430
f 3438 3430 3437
f 3430 3438 3431
f 3439 3431 3438
f 3431 3439 3432
f 3440 3432 3439
f 3432 3440 3433
f 3441 3433 3440
f 3433 3441 3434
f 3442 3434 3441
f 3434 3442 3435
f 3443 3435 3442
f 3435 3443 3397
f 3402 3397 3443
f 3381 3386 3436
f 3444 3436 3386
f 3436 3444 3437
f 3445 3437 3444
f 3437 3445 3438
f 3446 3438 3445
f 3438 3446 3439
f 3447 3439 3446
f 3439 3447 3440
f 3448 3440 3447
f 3440 3448 3441
f 3449 3441 3448
f 3441 3449 3442
f 3450 3442 3449
f 3442 3450 3443
f 3451 3443 3450
f 3443 3451 3402
f 3407 3402 3451
f 3391 3396 3452
f 3460 3452 3396
f 3452 3460 3453
f 3461 3453 3460
f 3453 3461 3454
f 3462 3454 3461
f 3454 3462 3455
f 3463 3455 3462
f 3455 3463 3456
f 3464 3456 3463
f 3456 3464 3457
f 3465 3457 3464
f 3457 3465 3458
f 3466 3458 3465
f 3458 3466 3459
f 3467 3459 3466
f 3459 3467 3362
f 3367 3362 3467
f 3396 3401 3460
f 3468 3460 3401
f 3460 3468 3461
f 3469 3461 3468
f 3461 3469 3462
f 3470 3462 3469
f 3462 3470 3463
f 3471 3463 3470
f 3463 3471 3464
f 3472 3464 3471
f 3464 3472 3465
f 3473 3465 3472
f 3465 3473 3466
f 3474 3466 3473
f 3466 3474 3467
f 3475 3467 3474
f 3467 3475 3367
f 3372 3367 3475
f 3401 3406 3468
f 3476 3468 3406
f 3468 3476 3469
f 3477 3469 3476
f 3469 3477 3470
f 3478 3470 3477
f 3470 3478 3471
f 3479 3471 3478
f 3471 3479 3472
f 3480 3472 3479
f 3472 3480 3473
f 3481 3473 3480
f 3473 3481 3474
f 3482 3474 3481
f 3474 3482 3475
f 3483 3475 3482
f 3475 3483 3372
f 3377 3372 3483
f 3406 3411 3476
f 3484 3476 3411
f 3476 3484 3477
f 3485 3477 3484
f 3477 3485 3478
f 3486 3478 3485
f 3478 3486 3479
f 3487 3479 3486
f 3479 3487 3480
f 3488 3480 3487
f 3480 3488 3481
f 3489 3481 3488
f 3481 3489 3482
f 3490 3482 3489
f 3482 3490 3483
f 3491 3483 3490
f 3483 3491 3377
f 3382 3377 3491
f 3362 3363 3459
f 3492 3459 3363
f 3459 3492 3458
f 3493 3458 3492
f 3458 3493 3457
f 3494 3457 3493
f 3457 3494 3456
f 3495 3456 3494
f 3456 3495 3455
f 3496 3455 3495
f 3455 3496 3454
f 3497 3454 3496
f 3454 3497 3453
f 3498 3453 3497
f 3453 3498 3452
f 3499 3452 3498
f 3452 3499 3391
f 3390 3391 3499
f 3363 3364 3492
f 3500 3492 3364
f 3492 3500 3493
f 3501 3493 3500
f 3493 3501 3494
f 3502 3494 3501
f 3494 3502 3495
f 3503 3495 3502
f 3495 3503 3496
f 3504 3496 3503
f 3496 3504 3497
f 3505 3497 3504
f 3497 3505 3498
f 3506 3498 3505
f 3498 3506 3499
f 3507 3499 3506
f 3499 3507 3390
f 3389 3390 3507
f 3364 3365 3500
f 3508 3500 3365
f 3500 3508 3501
f 3509 3501 3508
f 3501 3509 3502
f 3510 3502 3509
f 3502 3510 3503
f 3511 3503 3510
f 3503 3511 3504
f 3512 3504 3511
f 3504 3512 3505
f 3513 3505 3512
f 3505 3513 3506
f 3514 3506 3513
f 3506 3514 3507
f 3515 3507 3514
f 3507 3515 3389
f 3388 3389 3515
f 3365 3366 3508
f 3412 3508 3366
f 3508 3412 3509
f 3413 3509 3412
f 3509 3413 3510
f 3414 3510 3413
f 3510 3414 3511
f 3415 3511 3414
f 3511 3415 3512
f 3416 3512 3415
f 3512 3416 3513
f 3417 3513 3416
f 3513 3417 3514
f 3418 3514 3417
f 3514 3418 3515
f 3419 3515 3418
f 3515 3419 3388
f 3387 3388 3419
f 3386 3385 3444
f 3516 3444 3385
f 3444 3516 3445
f 3517 3445 3516
f 3445 3517 3446
f 3518 3446 3517
f 3446 3518 3447
f 3519 3447 3518
f 3447 3519 3448
f 3520 3448 3519
f 3448 3520 3449
f 3521 3449 3520
f 3449 3521 3450
f 3522 3450 3521
f 3450 3522 3451
f 3523 3451 3522
f 3451 3523 3407
f 3408 3407 3523
f 3385 3384 3516
f 3524 3516 3384
f 3516 3524 3517
f 3525 3517 3524
f 3517 3525 3518
f 3526 3518 3525
f 3518 3526 3519
f 3527 3519 3526
f 3519 3527 3520
f 3528 3520 3527
f 3520 3528 3521
f 3529 3521 3528
f 3521 3529 3522
f 3530 3522 3529
f 3522 3530 3523
f 3531 3523 3530
f 3523 3531 3408
f 3409 3408 3531
f 3384 3383 3524
f 3532 3524 3383
f 3524 3532 3525
f 3533 3525 3532
f 3525 3533 3526
f 3534 3526 3533
f 3526 3534 3527
f 3535 3527 3534
f 3527 3535 3528
f 3536 3528 3535
f 3528 3536 3529
f 3537 3529 3536
f 3529 3537 3530
f 3538 3530 3537
f 3530 3538 3531
f 3539 3531 3538
f 3531 3539 3409
f 3410 3409 3539
f 3383 3382 3532
f 3491 3532 3382
f 3532 3491 3533
f 3490 3533 3491
f 3533 3490 3534
f 3489 3534 3490
f 3534 3489 3535
f 3488 3535 3489
f 3535 3488 3536
f 3487 3536 3488
f 3536 3487 3537
f 3486 3537 3487
f 3537 3486 3538
f 3485 3538 3486
f 3538 3485 3539
f 3484 3539 3485
f 3539 3484 3410
f 3411 3410 3484
usemtl drama-AA7075
f 3540 3541 3553
f 3554 3553 3541
f 3541 3542 3554
f 3555 3554 3542
f 3542 3543 3555
f 3556 3555 3543
f 3543 3544 3556
f 3557 3556 3544
f 3544 3545 3557
f 3558 3557 3545
f 3545 3546 3558
f 3559 3558 3546
f 3546 3547 3559
f 3560 3559 3547
f 3547 3548 3560
f 3561 3560 3548
f 3548 3549 3561
f 3562 3561 3549
f 3549 3550 3562
f 3563 3562 3550
f 3550 3551 3563
f 3564 3563 3551
f 3551 3552 3564
f 3565 3564 3552
f 3552 3540 3565
f 3553 3565 3540
f 3553 3554 3566
f 3567 3566 3554
f 3554 3555 3567
f 3568 3567 3555
f 3555 3556 3568
f 3569 3568 3556
f 3556 3557 3569
f 3570 3569 3557
f 3557 3558 3570
f 3571 3570 3558
f 3558 3559 3571
f 3572 3571 3559
f 3559 3560 3572
f 3573 3572 3560
f 3560 3561 3573
f 3574 3573 3561
f 3561 3562 3574
f 3575 3574 3562
f 3562 3563 3575
f 3576 3575 3563
f 3563 3564 3576
f 3577 3576 3564
f 3564 3565 3577
f 3578 3577 3565
f 3565 3553 3578
f 3566 3578 3553
f 3566 3567 3579
f 3580 3579 3567
f 3567 3568 3580
f 3581 3580 3568
f 3568 3569 3581
f 3582 3581 3569
f 3569 3570 3582
f 3583 3582 3570
f 3570 3571 3583
f 3584 3583 3571
f 3571 3572 3584
f 3585 3584 3572
f 3572 3573 3585
f 3586 3585 3573
f 3573 3574 3586
f 3587 3586 3574
f 3574 3575 3587
f 3588 3587 3575
f 3575 3576 3588
f 3589 3588 3576
f 3576 3577 3589
f 3590 3589 3577
f 3577 3578 3590
f 3591 3590 3578
f 3578 3566 3591
f 3579 3591 3566
f 3579 3580 3592
f 3593 3592 3580
f 3580 3581 3593
f 3594 3593 3581
f 3581 3582 3594
f 3595 3594 3582
f 3582 3583 3595
f 3596 3595 3583
f 3583 3584 3596
f 3597 3596 3584
f 3584 3585 3597
f 3598 3597 3585
f 3585 3586 3598
f 3599 3598 3586
f 3586 3587 3599
f 3600 3599 3587
f 3587 3588 3600
f 3601 3600 3588
f 3588 3589 3601
f 3602 3601 3589
f 3589 3590 3602
f 3603 3602 3590
f 3590 3591 3603
f 3604 3603 3591
f 3591 3579 3604
f 3592 3604 3579
f 3592 3605 3593
f 3593 3605 3594
f 3594 3605 3595
f 3595 3605 3596
f 3596 3605 3597
f 3597 3605 3598
f 3598 3605 3599
f 3599 3605 3600
f 3600 3605 3601
f 3601 3605 3602
f 3602 3605 3603
f 3603 3605 3604
f 3604 3605 3592
f 3593 3594 3606
f 3594 3595 3606
f 3595 3596 3606
f 3596 3597 3606
f 3597 3598 3606
f 3598 3599 3606
f 3599 3600 3606
f 3600 3601 3606
f 3601 3602 3606
f 3602 3603 3606
f 3603 3604 3606
f 3604 3605 3606
f 3605 3593 3606
usemtl drama-AA7075
f 3607 3608 3620
f 3621 3620 3608
f 3608 3609 3621
f 3622 3621 3609
f 3609 3610 3622
f 3623 3622 3610
f 3610 3611 3623
f 3624 3623 3611
f 3611 3612 3624
f 3625 3624 3612
f 3612 3613 3625
f 3626 3625 3613
f 3613 3614 3626
f 3627 3626 3614
f 3614 3615 3627
f 3628 3627 3615
f 3615 3616 3628
f 3629 3628 3616
f 3616 3617 3629
f 3630 3629 3617
f 3617 3618 3630
f 3631 3630 3618
f 3618 3619 3631
f 3632 3631 3619
f 3619 3607 3632
f 3620 3632 3607
f 3620 3621 3633
f 3634 3633 3621
f 3621 3622 3634
f 3635 3634 3622
f 3622 3623 3635
f 3636 3635 3623
f 3623 3624 3636
f 3637 3636 3624
f 3624 3625 3637
f 3638 3637 3625
f 3625 3626 3638
f 3639 3638 3626
f 3626 3627 3639
f 3640 3639 3627
f 3627 3628 3640
f 3641 3640 3628
f 3628 3629 3641
f 3642 3641 3629
f 3629 3630 3642
f 3643 3642 3630
f 3630 3631 3643
f 3644 3643 3631
f 3631 3632 3644
f 3645 3644 3632
f 3632 3620 3645
f 3633 3645 3620
f 3633 3634 3646
f 3647 3646 3634
f 3634 3635 3647
f 3648 3647 3635
f 3635 3636 3648
f 3649 3648 3636
f 3636 3637 3649
f 3650 3649 3637
f 3637 3638 3650
f 3651 3650 3638
f 3638 3639 3651
f 3652 3651 3639
f 3639 3640 3652
f 3653 3652 3640
f 3640 3641 3653
f 3654 3653 3641
f 3641 3642 3654
f 3655 3654 3642
f 3642 3643 3655
f 3656 3655 3643
f 3643 3644 3656
f 3657 3656 3644
f 3644 3645 3657
f 3658 3657 3645
f 3645 3633 3658
f 3646 3658 3633
f 3646 3647 3659
f 3660 3659 3647
f 3647 3648 3660
f 3661 3660 3648
f 3648 3649 3661
f 3662 3661 3649
f 3649 3650 3662
f 3663 3662 3650
f 3650 3651 3663
f 3664 3663 3651
f 3651 3652 3664
f 3665 3664 3652
f 3652 3653 3665
f 3666 3665 3653
f 3653 3654 3666
f 3667 3666 3654
f 3654 3655 3667
f 3668 3667 3655
f 3655 3656 3668
f 3669 3668 3656
f 3656 3657 3669
f 3670 3669 3657
f 3657 3658 3670
f 3671 3670 3658
f 3658 3646 3671
f 3659 3671 3646
f 3659 3672 3660
f 3660 3672 3661
f 3661 3672 3662
f 3662 3672 3663
f 3663 3672 3664
f 3664 3672 3665
f 3665 3672 3666
f 3666 3672 3667
f 3667 3672 3668
f 3668 3672 3669
f 3669 3672 3670
f 3670 3672 3671
f 3671 3672 3659
f 3660 3661 3673
f 3661 3662 3673
f 3662 3663 3673
f 3663 3664 3673
f 3664 3665 3673
f 3665 3666 3673
f 3666 3667 3673
f 3667 3668 3673
f 3668 3669 3673
f 3669 3670 3673
f 3670 3671 3673
f 3671 3672 3673
f 3672 3660 3673
usemtl drama-AA7075
f 3674 3675 3687
f 3688 3687 3675
f 3675 3676 3688
f 3689 3688 3676
f 3676 3677 3689
f 3690 3689 3677
f 3677 3678 3690
f 3691 3690 3678
f 3678 3679 3691
f 3692 3691 3679
f 3679 3680 3692
f 3693 3692 3680
f 3680 3681 3693
f 3694 3693 3681
f 3681 3682 3694
f 3695 3694 3682
f 3682 3683 3695
f 3696 3695 3683
f 3683 3684 3696
f 3697 3696 3684
f 3684 3685 3697
f 3698 3697 3685
f 3685 3686 3698
f 3699 3698 3686
f 3686 3674 3699
f 3687 3699 3674
f 3687 3688 3700
f 3701 3700 3688
f 3688 3689 3701
f 3702 3701 3689
f 3689 3690 3702
f 3703 3702 3690
f 3690 3691 3703
f 3704 3703 3691
f 3691 3692 3704
f 3705 3704 3692
f 3692 3693 3705
f 3706 3705 3693
f 3693 3694 3706
f 3707 3706 3694
f 3694 3695 3707
f 3708 3707 3695
f 3695 3696 3708
f 3709 3708 3696
f 3696 3697 3709
f 3710 3709 3697
f 3697 3698 3710
f 3711 3710 3698
f 3698 3699 3711
f 3712 3711 3699
f 3699 3687 3712
f 3700 3712 3687
f 3700 3701 3713
f 3714 3713 3701
f 3701 3702 3714
f 3715 3714 3702
f 3702 3703 3715
f 3716 3715 3703
f 3703 3704 3716
f 3717 3716 3704
f 3704 3705 3717
f 3718 3717 3705
f 3705 3706 3718
f 3719 3718 3706
f 3706 3707 3719
f 3720 3719 3707
f 3707 3708 3720
f 3721 3720 3708
f 3708 3709 3721
f 3722 3721 3709
f 3709 3710 3722
f 3723 3722 3710
f 3710 3711 3723
f 3724 3723 3711
f 3711 3712 3724
f 3725 3724 3712
f 3712 3700 3725
f 3713 3725 3700
f 3713 3714 3726
f 3727 3726 3714
f 3714 3715 3727
f 3728 3727 3715
f 3715 3716 3728
f 3729 3728 3716
f 3716 3717 3729
f 3730 3729 3717
f 3717 3718 3730
f 3731 3730 3718
f 3718 3719 3731
f 3732 3731 3719
f 3719 3720 3732
f 3733 3732 3720
f 3720 3721 3733
f 3734 3733 3721
f 3721 3722 3734
f 3735 3734 3722
f 3722 3723 3735
f 3736 3735 3723
f 3723 3724 3736
f 3737 3736 3724
f 3724 3725 3737
f 3738 3737 3725
f 3725 3713 3738
f 3726 3738 3713
f 3726 3739 3727
f 3727 3739 3728
f 3728 3739 3729
f 3729 3739 3730
f 3730 3739 3731
f 3731 3739 3732
f 3732 3739 3733
f 3733 3739 3734
f 3734 3739 3735
f 3735 3739 3736
f 3736 3739 3737
f 3737 3739 3738
f 3738 3739 3726
f 3727 3728 3740
f 3728 3729 3740
f 3729 3730 3740
f 3730 3731 3740
f 3731 3732 3740
f 3732 3733 3740
f 3733 3734 3740
f 3734 3735 3740
f 3735 3736 3740
f 3736 3737 3740
f 3737 3738 3740
f 3738 3739 3740
f 3739 3727 3740
usemtl drama-AA7075
f 3741 3742 3754
f 3755 3754 3742
f 3742 3743 3755
f 3756 3755 3743
f 3743 3744 3756
f 3757 3756 3744
f 3744 3745 3757
f 3758 3757 3745
f 3745 3746 3758
f 3759 3758 3746
f 3746 3747 3759
f 3760 3759 3747
f 3747 3748 3760
f 3761 3760 3748
f 3748 3749 3761
f 3762 3761 3749
f 3749 3750 3762
f 3763 3762 3750
f 3750 3751 3763
f 3764 3763 3751
f 3751 3752 3764
f 3765 3764 3752
f 3752 3753 3765
f 3766 3765 3753
f 3753 3741 3766
f 3754 3766 3741
f 3754 3755 3767
f 3768 3767 3755
f 3755 3756 3768
f 3769 3768 3756
f 3756 3757 3769
f 3770 3769 3757
f 3757 3758 3770
f 3771 3770 3758
f 3758 3759 3771
f 3772 3771 3759
f 3759 3760 3772
f 3773 3772 3760
f 3760 3761 3773
f 3774 3773 3761
f 3761 3762 3774
f 3775 3774 3762
f 3762 3763 3775
f 3776 3775 3763
f 3763 3764 3776
f 3777 3776 3764
f 3764 3765 3777
f 3778 3777 3765
f 3765 3766 3778
f 3779 3778 3766
f 3766 3754 3779
f 3767 3779 3754
f 3767 3768 3780
f 3781 3780 3768
f 3768 3769 3781
f 3782 3781 3769
f 3769 3770 3782
f 3783 3782 3770
f 3770 3771 3783
f 3784 3783 3771
f 3771 3772 3784
f 3785 3784 3772
f 3772 3773 3785
f 3786 3785 3773
f 3773 3774 3786
f 3787 3786 3774
f 3774 3775 3787
f 3788 3787 3775
f 3775 3776 3788
f 3789 3788 3776
f 3776 3777 3789
f 3790 3789 3777
f 3777 3778 3790
f 3791 3790 3778
f 3778 3779 3791
f 3792 3791 3779
f 3779 3767 3792
f 3780 3792 3767
f 3780 3781 3793
f 3794 3793 3781
f 3781 3782 3794
f 3795 3794 3782
f 3782 3783 3795
f 3796 3795 3783
f 3783 3784 3796
f 3797 3796 3784
f 3784 3785 3797
f 3798 3797 3785
f 3785 3786 3798
f 3799 3798 3786
f 3786 3787 3799
f 3800 3799 3787
f 3787 3788 3800
f 3801 3800 3788
f 3788 3789 3801
f 3802 3801 3789
f 3789 3790 3802
f 3803 3802 3790
f 3790 3791 3803
f 3804 3803 3791
f 3791 3792 3804
f 3805 3804 3792
f 3792 3780 3805
f 3793 3805 3780
f 3793 3806 3794
f 3794 3806 3795
f 3795 3806 3796
f 3796 3806 3797
f 3797 3806 3798
f 3798 3806 3799
f 3799 3806 3800
f 3800 3806 3801
f 3801 3806 3802
f 3802 3806 3803
f 3803 3806 3804
f 3804 3806 3805
f 3805 3806 3793
f 3794 3795 3807
f 3795 3796 3807
f 3796 3797 3807
f 3797 3798 3807
f 3798 3799 3807
f 3799 3800 3807
f 3800 3801 3807
f 3801 3802 3807
f 3802 3803 3807
f 3803 3804 3807
f 3804 3805 3807
f 3805 3806 3807
f 3806 3794 3807
usemtl drama-AA7075
f 3808 3809 3821
f 3822 3821 3809
f 3809 3810 3822
f 3823 3822 3810
f 3810 3811 3823
f 3824 3823 3811
f 3811 3812 3824
f 3825 3824 3812
f 3812 3813 3825
f 3826 3825 3813
f 3813 3814 3826
f 3827 3826 3814
f 3814 3815 3827
f 3828 3827 3815
f 3815 3816 3828
f 3829 3828 3816
f 3816 3817 3829
f 3830 3829 3817
f 3817 3818 3830
f 3831 3830 3818
f 3818 3819 3831
f 3832 3831 3819
f 3819 3820 3832
f 3833 3832 3820
f 3820 3808 3833
f 3821 3833 3808
f 3821 3822 3834
f 3835 3834 3822
f 3822 3823 3835
f 3836 3835 3823
f 3823 3824 3836
f 3837 3836 3824
f 3824 3825 3837
f 3838 3837 3825
f 3825 3826 3838
f 3839 3838 3826
f 3826 3827 3839
f 3840 3839 3827
f 3827 3828 3840
f 3841 3840 3828
f 3828 3829 3841
f 3842 3841 3829
f 3829 3830 3842
f 3843 3842 3830
f 3830 3831 3843
f 3844 3843 3831
f 3831 3832 3844
f 3845 3844 3832
f 3832 3833 3845
f 3846 3845 3833
f 3833 3821 3846
f 3834 3846 3821
f 3834 3835 3847
f 3848 3847 3835
f 3835 3836 3848
f 3849 3848 3836
f 3836 3837 3849
f 3850 3849 3837
f 3837 3838 3850
f 3851 3850 3838
f 3838 3839 3851
f 3852 3851 3839
f 3839 3840 3852
f 3853 3852 3840
f 3840 3841 3853
f 3854 3853 3841
f 3841 3842 3854
f 3855 3854 3842
f 3842 3843 3855
f 3856 3855 3843
f 3843 3844 3856
f 3857 3856 3844
f 3844 3845 3857
f 3858 3857 3845
f 3845 3846 3858
f 3859 3858 3846
f 3846 3834 3859
f 3847 3859 3834
f 3847 3860 3848
f 3848 3860 3849
f 3849 3860 3850
f 3850 3860 3851
f 3851 3860 3852
f 3852 3860 3853
f 3853 3860 3854
f 3854 3860 3855
f 3855 3860 3856
f 3856 3860 3857
f 3857 3860 3858
f 3858 3860 3859
f 3859 3860 3847
f 3848 3849 3861
f 3849 3850 3861
f 3850 3851 3861
f 3851 3852 3861
f 3852 3853 3861
f 3853 3854 3861
f 3854 3855 3861
f 3855 3856 3861
f 3856 3857 3861
f 3857 3858 3861
f 3858 3859 3861
f 3859 3860 3861
f 3860 3848 3861
usemtl drama-AA7075
f 3862 3863 3875
f 3876 3875 3863
f 3863 3864 3876
f 3877 3876 3864
f 3864 3865 3877
f 3878 3877 3865
f 3865 3866 3878
f 3879 3878 3866
f 3866 3867 3879
f 3880 3879 3867
f 3867 3868 3880
f 3881 3880 3868
f 3868 3869 3881
f 3882 3881 3869
f 3869 3870 3882
f 3883 3882 3870
f 3870 3871 3883
f 3884 3883 3871
f 3871 3872 3884
f 3885 3884 3872
f 3872 3873 3885
f 3886 3885 3873
f 3873 3874 3886
f 3887 3886 3874
f 3874 3862 3887
f 3875 3887 3862
f 3875 3876 3888
f 3889 3888 3876
f 3876 3877 3889
f 3890 3889 3877
f 3877 3878 3890
f 3891 3890 3878
f 3878 3879 3891
f 3892 3891 3879
f 3879 3880 3892
f 3893 3892 3880
f 3880 3881 3893
f 3894 3893 3881
f 3881 3882 3894
f 3895 3894 3882
f 3882 3883 3895
f 3896 3895 3883
f 3883 3884 3896
f 3897 3896 3884
f 3884 3885 3897
f 3898 3897 3885
f 3885 3886 3898
f 3899 3898 3886
f 3886 3887 3899
f 3900 3899 3887
f 3887 3875 3900
f 3888 3900 3875
f 3888 3889 3901
f 3902 3901 3889
f 3889 3890 3902
f 3903 3902 3890
f 3890 3891 3903
f 3904 3903 3891
f 3891 3892 3904
f 3905 3904 3892
f 3892 3893 3905
f 3906 3905 3893
f 3893 3894 3906
f 3907 3906 3894
f 3894 3895 3907
f 3908 3907 3895
f 3895 3896 3908
f 3909 3908 3896
f 3896 3897 3909
f 3910 3909 3897
f 3897 3898 3910
f 3911 3910 3898
f 3898 3899 3911
f 3912 3911 3899
f 3899 3900 3912
f 3913 3912 3900
f 3900 3888 3913
f 3901 3913 3888
f 3901 3914 3902
f 3902 3914 3903
f 3903 3914 3904
f 3904 3914 3905
f 3905 3914 3906
f 3906 3914 3907
f 3907 3914 3908
f 3908 3914 3909
f 3909 3914 3910
f 3910 3914 3911
f 3911 3914 3912
f 3912 3914 3913
f 3913 3914 3901
f 3902 3903 3915
f 3903 3904 3915
f 3904 3905 3915
f 3905 3906 3915
f 3906 3907 3915
f 3907 3908 3915
f 3908 3909 3915
f 3909 3910 3915
f 3910 3911 3915
f 3911 3912 3915
f 3912 3913 3915
f 3913 3914 3915
f 3914 3902 3915
usemtl drama-AA7075
f 3916 3917 3929
f 3930 3929 3917
f 3917 3918 3930
f 3931 3930 3918
f 3918 3919 3931
f 3932 3931 3919
f 3919 3920 3932
f 3933 3932 3920
f 3920 3921 3933
f 3934 3933 3921
f 3921 3922 3934
f 3935 3934 3922
f 3922 3923 3935
f 3936 3935 3923
f 3923 3924 3936
f 3937 3936 3924
f 3924 3925 3937
f 3938 3937 3925
f 3925 3926 3938
f 3939 3938 3926
f 3926 3927 3939
f 3940 3939 3927
f 3927 3928 3940
f 3941 3940 3928
f 3928 3916 3941
f 3929 3941 3916
f 3929 3930 3942
f 3943 3942 3930
f 3930 3931 3943
f 3944 3943 3931
f 3931 3932 3944
f 3945 3944 3932
f 3932 3933 3945
f 3946 3945 3933
f 3933 3934 3946
f 3947 3946 3934
f 3934 3935 3947
f 3948 3947 3935
f 3935 3936 3948
f 3949 3948 3936
f 3936 3937 3949
f 3950 3949 3937
f 3937 3938 3950
f 3951 3950 3938
f 3938 3939 3951
f 3952 3951 3939
f 3939 3940 3952
f 3953 3952 3940
f 3940 3941 3953
f 3954 3953 3941
f 3941 3929 3954
f 3942 3954 3929
f 3942 3943 3955
f 3956 3955 3943
f 3943 3944 3956
f 3957 3956 3944
f 3944 3945 3957
f 3958 3957 3945
f 3945 3946 3958
f 3959 3958 3946
f 3946 3947 3959
f 3960 3959 3947
f 3947 3948 3960
f 3961 3960 3948
f 3948 3949 3961
f 3962 3961 3949
f 3949 3950 3962
f 3963 3962 3950
f 3950 3951 3963
f 3964 3963 3951
f 3951 3952 3964
f 3965 3964 3952
f 3952 3953 3965
f 3966 3965 3953
f 3953 3954 3966
f 3967 3966 3954
f 3954 3942 3967
f 3955 3967 3942
f 3955 3968 3956
f 3956 3968 3957
f 3957 3968 3958
f 3958 3968 3959
f 3959 3968 3960
f 3960 3968 3961
f 3961 3968 3962
f 3962 3968 3963
f 3963 3968 3964
f 3964 3968 3965
f 3965 3968 3966
f 3966 3968 3967
f 3967 3968 3955
f 3956 3957 3969
f 3957 3958 3969
f 3958 3959 3969
f 3959 3960 3969
f 3960 3961 3969
f 3961 3962 3969
f 3962 3963 3969
f 3963 3964 3969
f 3964 3965 3969
f 3965 3966 3969
f 3966 3967 3969
f 3967 3968 3969
f 3968 3956 3969
usemtl drama-AA7075
f 3970 3971 3983
f 3984 3983 3971
f 3971 3972 3984
f 3985 3984 3972
f 3972 3973 3985
f 3986 3985 3973
f 3973 3974 3986
f 3987 3986 3974
f 3974 3975 3987
f 3988 3987 3975
f 3975 3976 3988
f 3989 3988 3976
f 3976 3977 3989
f 3990 3989 3977
f 3977 3978 3990
f 3991 3990 3978
f 3978 3979 3991
f 3992 3991 3979
f 3979 3980 3992
f 3993 3992 3980
f 3980 3981 3993
f 3994 3993 3981
f 3981 3982 3994
f 3995 3994 3982
f 3982 3970 3995
f 3983 3995 3970
f 3983 3984 3996
f 3997 3996 3984
f 3984 3985 3997
f 3998 3997 3985
f 3985 3986 3998
f 3999 3998 3986
f 3986 3987 3999
f 4000 3999 3987
f 3987 3988 4000
f 4001 4000 3988
f 3988 3989 4001
f 4002 4001 3989
f 3989 3990 4002
f 4003 4002 3990
f 3990 3991 4003
f 4004 4003 3991
f 3991 3992 4004
f 4005 4004 3992
f 3992 3993 4005
f 4006 4005 3993
f 3993 3994 4006
f 4007 4006 3994
f 3994 3995 4007
f 4008 4007 3995
f 3995 3983 4008
f 3996 4008 3983
f 3996 3997 4009
f 4010 4009 3997
f 3997 3998 4010
f 4011 4010 3998
f 3998 3999 4011
f 4012 4011 3999
f 3999 4000 4012
f 4013 4012 4000
f 4000 4001 4013
f 4014 4013 4001
f 4001 4002 4014
f 4015 4014 4002
f 4002 4003 4015
f 4016 4015 4003
f 4003 4004 4016
f 4017 4016 4004
f 4004 4005 4017
f 4018 4017 4005
f 4005 4006 4018
f 4019 4018 4006
f 4006 4007 4019
f 4020 4019 4007
f 4007 4008 4020
f 4021 4020 4008
f 4008 3996 4021
f 4009 4021 3996
f 4009 4022 4010
f 4010 4022 4011
f 4011 4022 4012
f 4012 4022 4013
f 4013 4022 4014
f 4014 4022 4015
f 4015 4022 4016
f 4016 4022 4017
f 4017 4022 4018
f 4018 4022 4019
f 4019 4022 4020
f 4020 4022 4021
f 4021 4022 4009
f 4010 4011 4023
f 4011 4012 4023
f 4012 4013 4023
f 4013 4014 4023
f 4014 4015 4023
f 4015 4016 4023
f 4016 4017 4023
f 4017 4018 4023
f 4018 4019 4023
f 4019 4020 4023
f 4020 4021 4023
f 4021 4022 4023
f 4022 4010 4023
usemtl drama-AA7075
f 4024 4028 4025
f 4029 4025 4028
f 4025 4029 4026
f 4030 4026 4029
f 4026 4030 4027
f 4031 4027 4030
f 4028 4032 4029
f 4033 4029 4032
f 4029 4033 4030
f 4034 4030 4033
f 4030 4034 4031
f 4035 4031 4034
f 4032 4036 4033
f 4037 4033 4036
f 4033 4037 4034
f 4038 4034 4037
f 4034 4038 4035
f 4039 4035 4038
f 4040 4044 4041
f 4045 4041 4044
f 4041 4045 4042
f 4046 4042 4045
f 4042 4046 4043
f 4047 4043 4046
f 4044 4048 4045
f 4049 4045 4048
f 4045 4049 4046
f 4050 4046 4049
f 4046 4050 4047
f 4051 4047 4050
f 4048 4052 4049
f 4053 4049 4052
f 4049 4053 4050
f 4054 4050 4053
f 4050 4054 4051
f 4055 4051 4054
f 4027 4031 4056
f 4059 4056 4031
f 4056 4059 4057
f 4060 4057 4059
f 4057 4060 4058
f 4061 4058 4060
f 4058 4061 4040
f 4044 4040 4061
f 4031 4035 4059
f 4062 4059 4035
f 4059 4062 4060
f 4063 4060 4062
f 4060 4063 4061
f 4064 4061 4063
f 4061 4064 4044
f 4048 4044 4064
f 4035 4039 4062
f 4065 4062 4039
f 4062 4065 4063
f 4066 4063 4065
f 4063 4066 4064
f 4067 4064 4066
f 4064 4067 4048
f 4052 4048 4067
f 4043 4047 4068
f 4071 4068 4047
f 4068 4071 4069
f 4072 4069 4071
f 4069 4072 4070
f 4073 4070 4072
f 4070 4073 4024
f 4028 4024 4073
f 4047 4051 4071
f 4074 4071 4051
f 4071 4074 4072
f 4075 4072 4074
f 4072 4075 4073
f 4076 4073 4075
f 4073 4076 4028
f 4032 4028 4076
f 4051 4055 4074
f 4077 4074 4055
f 4074 4077 4075
f 4078 4075 4077
f 4075 4078 4076
f 4079 4076 4078
f 4076 4079 4032
f 4036 4032 4079
f 4024 4025 4070
f 4080 4070 4025
f 4070 4080 4069
f 4081 4069 4080
f 4069 4081 4068
f 4082 4068 4081
f 4068 4082 4043
f 4042 4043 4082
f 4025 4026 4080
f 4083 4080 4026
f 4080 4083 4081
f 4084 4081 4083
f 4081 4084 4082
f 4085 4082 4084
f 4082 4085 4042
f 4041 4042 4085
f 4026 4027 4083
f 4056 4083 4027
f 4083 4056 4084
f 4057 4084 4056
f 4084 4057 4085
f 4058 4085 4057
f 4085 4058 4041
f 4040 4041 4058
f 4039 4038 4065
f 4086 4065 4038
f 4065 4086 4066
f 4087 4066 4086
f 4066 4087 4067
f 4088 4067 4087
f 4067 4088 4052
f 4053 4052 4088
f 4038 4037 4086
f 4089 4086 4037
f 4086 4089 4087
f 4090 4087 4089
f 4087 4090 4088
f 4091 4088 4090
f 4088 4091 4053
f 4054 4053 4091
f 4037 4036 4089
f 4079 4089 4036
f 4089 4079 4090
f 4078 4090 4079
f 4090 4078 4091
f 4077 4091 4078
f 4091 4077 4054
f 4055 4054 4077
usemtl drama-AA7075
f 4092 4096 4093
f 4097 4093 4096
f 4093 4097 4094
f 4098 4094 4097
f 4094 4098 4095
f 4099 4095 4098
f 4100 4104 4101
f 4105 4101 4104
f 4101 4105 4102
f 4106 4102 4105
f 4102 4106 4103
f 4107 4103 4106
f 4095 4099 4108
f 4111 4108 4099
f 4108 4111 4109
f 4112 4109 4111
f 4109 4112 4110
f 4113 4110 4112
f 4110 4113 4100
f 4104 4100 4113
f 4103 4107 4114
f 4117 4114 4107
f 4114 4117 4115
f 4118 4115 4117
f 4115 4118 4116
f 4119 4116 4118
f 4116 4119 4092
f 4096 4092 4119
f 4092 4093 4116
f 4120 4116 4093
f 4116 4120 4115
f 4121 4115 4120
f 4115 4121 4114
f 4122 4114 4121
f 4114 4122 4103
f 4102 4103 4122
f 4093 4094 4120
f 4123 4120 4094
f 4120 4123 4121
f 4124 4121 4123
f 4121 4124 4122
f 4125 4122 4124
f 4122 4125 4102
f 4101 4102 4125
f 4094 4095 4123
f 4108 4123 4095
f 4123 4108 4124
f 4109 4124 4108
f 4124 4109 4125
f 4110 4125 4109
f 4125 4110 4101
f 4100 4101 4110
f 4099 4098 4111
f 4126 4111 4098
f 4111 4126 4112
f 4127 4112 4126
f 4112 4127 4113
f 4128 4113 4127
f 4113 4128 4104
f 4105 4104 4128
f 4098 4097 4126
f 4129 4126 4097
f 4126 4129 4127
f 4130 4127 4129
f 4127 4130 4128
f 4131 4128 4130
f 4128 4131 4105
f 4106 4105 4131
f 4097 4096 4129
f 4119 4129 4096
f 4129 4119 4130
f 4118 4130 4119
f 4130 4118 4131
f 4117 4131 4118
f 4131 4117 4106
f 4107 4106 4117
usemtl drama-AA7075
f 4132 4136 4133
f 4137 4133 4136
f 4133 4137 4134
f 4138 4134 4137
f 4134 4138 4135
f 4139 4135 4138
f 4136 4140 4137
f 4141 4137 4140
f 4137 4141 4138
f 4142 4138 4141
f 4138 4142 4139
f 4143 4139 4142
f 4144 4148 4145
f 4149 4145 4148
f 4145 4149 4146
f 4150 4146 4149
f 4146 4150 4147
f 4151 4147 4150
f 4148 4152 4149
f 4153 4149 4152
f 4149 4153 4150
f 4154 4150 4153
f 4150 4154 4151
f 4155 4151 4154
f 4135 4139 4156
f 4159 4156 4139
f 4156 4159 4157
f 4160 4157 4159
f 4157 4160 4158
f 4161 4158 4160
f 4158 4161 4144
f 4148 4144 4161
f 4139 4143 4159
f 4162 4159 4143
f 4159 4162 4160
f 4163 4160 4162
f 4160 4163 4161
f 4164 4161 4163
f 4161 4164 4148
f 4152 4148 4164
f 4147 4151 4165
f 4168 4165 4151
f 4165 4168 4166
f 4169 4166 4168
f 4166 4169 4167
f 4170 4167 4169
f 4167 4170 4132
f 4136 4132 4170
f 4151 4155 4168
f 4171 4168 4155
f 4168 4171 4169
f 4172 4169 4171
f 4169 4172 4170
f 4173 4170 4172
f 4170 4173 4136
f 4140 4136 4173
f 4132 4133 4167
f 4174 4167 4133
f 4167 4174 4166
f 4175 4166 4174
f 4166 4175 4165
f 4176 4165 4175
f 4165 4176 4147
f 4146 4147 4176
f 4133 4134 4174
f 4177 4174 4134
f 4174 4177 4175
f 4178 4175 4177
f 4175 4178 4176
f 4179 4176 4178
f 4176 4179 4146
f 4145 4146 4179
f 4134 4135 4177
f 4156 4177 4135
f 4177 4156 4178
f 4157 4178 4156
f 4178 4157 4179
f 4158 4179 4157
f 4179 4158 4145
f 4144 4145 4158
f 4143 4142 4162
f 4180 4162 4142
f 4162 4180 4163
f 4181 4163 4180
f 4163 4181 4164
f 4182 4164 4181
f 4164 4182 4152
f 4153 4152 4182
f 4142 4141 4180
f 4183 4180 4141
f 4180 4183 4181
f 4184 4181 4183
f 4181 4184 4182
f 4185 4182 4184
f 4182 4185 4153
f 4154 4153 4185
f 4141 4140 4183
f 4173 4183 4140
f 4183 4173 4184
f 4172 4184 4173
f 4184 4172 4185
f 4171 4185 4172
f 4185 4171 4154
f 4155 4154 4171
usemtl drama-Copper
f 4186 4188 4187
f 4189 4187 4188
f 4188 4190 4189
f 4191 4189 4190
f 4190 4192 4191
f 4193 4191 4192
f 4192 4194 4193
f 4195 4193 4194
f 4194 4196 4195
f 4197 4195 4196
f 4196 4198 4197
f 4199 4197 4198
f 4198 4200 4199
f 4201 4199 4200
f 4200 4202 4201
f 4203 4201 4202
f 4204 4206 4205
f 4207 4205 4206
f 4206 4208 4207
f 4209 4207 4208
f 4208 4210 4209
f 4211 4209 4210
f 4210 4212 4211
f 4213 4211 4212
f 4212 4214 4213
f 4215 4213 4214
f 4214 4216 4215
f 4217 4215 4216
f 4216 4218 4217
f 4219 4217 4218
f 4218 4220 4219
f 4221 4219 4220
f 4187 4189 4222
f 4271 4222 4189
f 4222 4271 4223
f 4272 4223 4271
f 4223 4272 4224
f 4273 4224 4272
f 4224 4273 4225
f 4274 4225 4273
f 4225 4274 4226
f 4275 4226 4274
f 4226 4275 4227
f 4276 4227 4275
f 4227 4276 4228
f 4277 4228 4276
f 4228 4277 4229
f 4278 4229 4277
f 4229 4278 4230
f 4279 4230 4278
f 4230 4279 4231
f 4280 4231 4279
f 4231 4280 4232
f 4281 4232 4280
f 4232 4281 4233
f 4282 4233 4281
f 4233 4282 4234
f 4283 4234 4282
f 4234 4283 4235
f 4284 4235 4283
f 4235 4284 4236
f 4285 4236 4284
f 4236 4285 4237
f 4286 4237 4285
f 4237 4286 4238
f 4287 4238 4286
f 4238 4287 4239
f 4288 4239 4287
f 4239 4288 4240
f 4289 4240 4288
f 4240 4289 4241
f 4290 4241 4289
f 4241 4290 4242
f 4291 4242 4290
f 4242 4291 4243
f 4292 4243 4291
f 4243 4292 4244
f 4293 4244 4292
f 4244 4293 4245
f 4294 4245 4293
f 4245 4294 4246
f 4295 4246 4294
f 4246 4295 4247
f 4296 4247 4295
f 4247 4296 4248
f 4297 4248 4296
f 4248 4297 4249
f 4298 4249 4297
f 4249 4298 4250
f 4299 4250 4298
f 4250 4299 4251
f 4300 4251 4299
f 4251 4300 4252
f 4301 4252 4300
f 4252 4301 4253
f 4302 4253 4301
f 4253 4302 4254
f 4303 4254 4302
f 4254 4303 4255
f 4304 4255 4303
f 4255 4304 4256
f 4305 4256 4304
f 4256 4305 4257
f 4306 4257 4305
f 4257 4306 4258
f 4307 4258 4306
f 4258 4307 4259
f 4308 4259 4307
f 4259 4308 4260
f 4309 4260 4308
f 4260 4309 4261
f 4310 4261 4309
f 4261 4310 4262
f 4311 4262 4310
f 4262 4311 4263
f 4312 4263 4311
f 4263 4312 4264
f 4313 4264 4312
f 4264 4313 4265
f 4314 4265 4313
f 4265 4314 4266
f 4315 4266 4314
f 4266 4315 4267
f 4316 4267 4315
f 4267 4316 4268
f 4317 4268 4316
f 4268 4317 4269
f 4318 4269 4317
f 4269 4318 4270
f 4319 4270 4318
f 4270 4319 4204
f 4206 4204 4319
f 4189 4191 4271
f 4320 4271 4191
f 4271 4320 4272
f 4321 4272 4320
f 4272 4321 4273
f 4322 4273 4321
f 4273 4322 4274
f 4323 4274 4322
f 4274 4323 4275
f 4324 4275 4323
f 4275 4324 4276
f 4325 4276 4324
f 4276 4325 4277
f 4326 4277 4325
f 4277 4326 4278
f 4327 4278 4326
f 4278 4327 4279
f 4328 4279 4327
f 4279 4328 4280
f 4329 4280 4328
f 4280 4329 4281
f 4330 4281 4329
f 4281 4330 4282
f 4331 4282 4330
f 4282 4331 4283
f 4332 4283 4331
f 4283 4332 4284
f 4333 4284 4332
f 4284 4333 4285
f 4334 4285 4333
f 4285 4334 4286
f 4335 4286 4334
f 4286 4335 4287
f 4336 4287 4335
f 4287 4336 4288
f 4337 4288 4336
f 4288 4337 4289
f 4338 4289 4337
f 4289 4338 4290
f 4339 4290 4338
f 4290 4339 4291
f 4340 4291 4339
f 4291 4340 4292
f 4341 4292 4340
f 4292 4341 4293
f 4342 4293 4341
f 4293 4342 4294
f 4343 4294 4342
f 4294 4343 4295
f 4344 4295 4343
f 4295 4344 4296
f 4345 4296 4344
f 4296 4345 4297
f 4346 4297 4345
f 4297 4346 4298
f 4347 4298 4346
f 4298 4347 4299
f 4348 4299 4347
f 4299 4348 4300
f 4349 4300 4348
f 4300 4349 4301
f 4350 4301 4349
f 4301 4350 4302
f 4351 4302 4350
f 4302 4351 4303
f 4352 4303 4351
f 4303 4352 4304
f 4353 4304 4352
f 4304 4353 4305
f 4354 4305 4353
f 4305 4354 4306
f 4355 4306 4354
f 4306 4355 4307
f 4356 4307 4355
f 4307 4356 4308
f 4357 4308 4356
f 4308 4357 4309
f 4358 4309 4357
f 4309 4358 4310
f 4359 4310 4358
f 4310 4359 4311
f 4360 4311 4359
f 4311 4360 4312
f 4361 4312 4360
f 4312 4361 4313
f 4362 4313 4361
f 4313 4362 4314
f 4363 4314 4362
f 4314 4363 4315
f 4364 4315 4363
f 4315 4364 4316
f 4365 4316 4364
f 4316 4365 4317
f 4366 4317 4365
f 4317 4366 4318
f 4367 4318 4366
f 4318 4367 4319
f 4368 4319 4367
f 4319 4368 4206
f 4208 4206 4368
f 4191 4193 4320
f 4369 4320 4193
f 4320 4369 4321
f 4370 4321 4369
f 4321 4370 4322
f 4371 4322 4370
f 4322 4371 4323
f 4372 4323 4371
f 4323 4372 4324
f 4373 4324 4372
f 4324 4373 4325
f 4374 4325 4373
f 4325 4374 4326
f 4375 4326 4374
f 4326 4375 4327
f 4376 4327 4375
f 4327 4376 4328
f 4377 4328 4376
f 4328 4377 4329
f 4378 4329 4377
f 4329 4378 4330
f 4379 4330 4378
f 4330 4379 4331
f 4380 4331 4379
f 4331 4380 4332
f 4381 4332 4380
f 4332 4381 4333
f 4382 4333 4381
f 4333 4382 4334
f 4383 4334 4382
f 4334 4383 4335
f 4384 4335 4383
f 4335 4384 4336
f 4385 4336 4384
f 4336 4385 4337
f 4386 4337 4385
f 4337 4386 4338
f 4387 4338 4386
f 4338 4387 4339
f 4388 4339 4387
f 4339 4388 4340
f 4389 4340 4388
f 4340 4389 4341
f 4390 4341 4389
f 4341 4390 4342
f 4391 4342 4390
f 4342 4391 4343
f 4392 4343 4391
f 4343 4392 4344
f 4393 4344 4392
f 4344 4393 4345
f 4394 4345 4393
f 4345 4394 4346
f 4395 4346 4394
f 4346 4395 4347
f 4396 4347 4395
f 4347 4396 4348
f 4397 4348 4396
f 4348 4397 4349
f 4398 4349 4397
f 4349 4398 4350
f 4399 4350 4398
f 4350 4399 4351
f 4400 4351 4399
f 4351 4400 4352
f 4401 4352 4400
f 4352 4401 4353
f 4402 4353 4401
f 4353 4402 4354
f 4403 4354 4402
f 4354 4403 4355
f 4404 4355 4403
f 4355 4404 4356
f 4405 4356 4404
f 4356 4405 4357
f 4406 4357 4405
f 4357 4406 4358
f 4407 4358 4406
f 4358 4407 4359
f 4408 4359 4407
f 4359 4408 4360
f 4409 4360 4408
f 4360 4409 4361
f 4410 4361 4409
f 4361 4410 4362
f 4411 4362 4410
f 4362 4411 4363
f 4412 4363 4411
f 4363 4412 4364
f 4413 4364 4412
f 4364 4413 4365
f 4414 4365 4413
f 4365 4414 4366
f 4415 4366 4414
f 4366 4415 4367
f 4416 4367 4415
f 4367 4416 4368
f 4417 4368 4416
f 4368 4417 4208
f 4210 4208 4417
f 4193 4195 4369
f 4418 4369 4195
f 4369 4418 4370
f 4419 4370 4418
f 4370 4419 4371
f 4420 4371 4419
f 4371 4420 4372
f 4421 4372 4420
f 4372 4421 4373
f 4422 4373 4421
f 4373 4422 4374
f 4423 4374 4422
f 4374 4423 4375
f 4424 4375 4423
f 4375 4424 4376
f 4425 4376 4424
f 4376 4425 4377
f 4426 4377 4425
f 4377 4426 4378
f 4427 4378 4426
f 4378 4427 4379
f 4428 4379 4427
f 4379 4428 4380
f 4429 4380 4428
f 4380 4429 4381
f 4430 4381 4429
f 4381 4430 4382
f 4431 4382 4430
f 4382 4431 4383
f 4432 4383 4431
f 4383 4432 4384
f 4433 4384 4432
f 4384 4433 4385
f 4434 4385 4433
f 4385 4434 4386
f 4435 4386 4434
f 4386 4435 4387
f 4436 4387 4435
f 4387 4436 4388
f 4437 4388 4436
f 4388 4437 4389
f 4438 4389 4437
f 4389 4438 4390
f 4439 4390 4438
f 4390 4439 4391
f 4440 4391 4439
f 4391 4440 4392
f 4441 4392 4440
f 4392 4441 4393
f 4442 4393 4441
f 4393 4442 4394
f 4443 4394 4442
f 4394 4443 4395
f 4444 4395 4443
f 4395 4444 4396
f 4445 4396 4444
f 4396 4445 4397
f 4446 4397 4445
f 4397 4446 4398
f 4447 4398 4446
f 4398 4447 4399
f 4448 4399 4447
f 4399 4448 4400
f 4449 4400 4448
f 4400 4449 4401
f 4450 4401 4449
f 4401 4450 4402
f 4451 4402 4450
f 4402 4451 4403
f 4452 4403 4451
f 4403 4452 4404
f 4453 4404 4452
f 4404 4453 4405
f 4454 4405 4453
f 4405 4454 4406
f 4455 4406 4454
f 4406 4455 4407
f 4456 4407 4455
f 4407 4456 4408
f 4457 4408 4456
f 4408 4457 4409
f 4458 4409 4457
f 4409 4458 4410
f 4459 4410 4458
f 4410 4459 4411
f 4460 4411 4459
f 4411 4460 4412
f 4461 4412 4460
f 4412 4461 4413
f 4462 4413 4461
f 4413 4462 4414
f 4463 4414 4462
f 4414 4463 4415
f 4464 4415 4463
f 4415 4464 4416
f 4465 4416 4464
f 4416 4465 4417
f 4466 4417 4465
f 4417 4466 4210
f 4212 4210 4466
f 4195 4197 4418
f 4467 4418 4197
f 4418 4467 4419
f 4468 4419 4467
f 4419 4468 4420
f 4469 4420 4468
f 4420 4469 4421
f 4470 4421 4469
f 4421 4470 4422
f 4471 4422 4470
f 4422 4471 4423
f 4472 4423 4471
f 4423 4472 4424
f 4473 4424 4472
f 4424 4473 4425
f 4474 4425 4473
f 4425 4474 4426
f 4475 4426 4474
f 4426 4475 4427
f 4476 4427 4475
f 4427 4476 4428
f 4477 4428 4476
f 4428 4477 4429
f 4478 4429 4477
f 4429 4478 4430
f 4479 4430 4478
f 4430 4479 4431
f 4480 4431 4479
f 4431 4480 4432
f 4481 4432 4480
f 4432 4481 4433
f 4482 4433 4481
f 4433 4482 4434
f 4483 4434 4482
f 4434 4483 4435
f 4484 4435 4483
f 4435 4484 4436
f 4485 4436 4484
f 4436 4485 4437
f 4486 4437 4485
f 4437 4486 4438
f 4487 4438 4486
f 4438 4487 4439
f 4488 4439 4487
f 4439 4488 4440
f 4489 4440 4488
f 4440 4489 4441
f 4490 4441 4489
f 4441 4490 4442
f 4491 4442 4490
f 4442 4491 4443
f 4492 4443 4491
f 4443 4492 4444
f 4493 4444 4492
f 4444 4493 4445
f 4494 4445 4493
f 4445 4494 4446
f 4495 4446 4494
f 4446 4495 4447
f 4496 4447 4495
f 4447 4496 4448
f 4497 4448 4496
f 4448 4497 4449
f 4498 4449 4497
f 4449 4498 4450
f 4499 4450 4498
f 4450 4499 4451
f 4500 4451 4499
f 4451 4500 4452
f 4501 4452 4500
f 4452 4501 4453
f 4502 4453 4501
f 4453 4502 4454
f 4503 4454 4502
f 4454 4503 4455
f 4504 4455 4503
f 4455 4504 4456
f 4505 4456 4504
f 4456 4505 4457
f 4506 4457 4505
f 4457 4506 4458
f 4507 4458 4506
f 4458 4507 4459
f 4508 4459 4507
f 4459 4508 4460
f 4509 4460 4508
f 4460 4509 4461
f 4510 4461 4509
f 4461 4510 4462
f 4511 4462 4510
f 4462 4511 4463
f 4512 4463 4511
f 4463 4512 4464
f 4513 4464 4512
f 4464 4513 4465
f 4514 4465 4513
f 4465 4514 4466
f 4515 4466 4514
f 4466 4515 4212
f 4214 4212 4515
f 4197 4199 4467
f 4516 4467 4199
f 4467 4516 4468
f 4517 4468 4516
f 4468 4517 4469
f 4518 4469 4517
f 4469 4518 4470
f 4519 4470 4518
f 4470 4519 4471
f 4520 4471 4519
f 4471 4520 4472
f 4521 4472 4520
f 4472 4521 4473
f 4522 4473 4521
f 4473 4522 4474
f 4523 4474 4522
f 4474 4523 4475
f 4524 4475 4523
f 4475 4524 4476
f 4525 4476 4524
f 4476 4525 4477
f 4526 4477 4525
f 4477 4526 4478
f 4527 4478 4526
f 4478 4527 4479
f 4528 4479 4527
f 4479 4528 4480
f 4529 4480 4528
f 4480 4529 4481
f 4530 4481 4529
f 4481 4530 4482
f 4531 4482 4530
f 4482 4531 4483
f 4532 4483 4531
f 4483 4532 4484
f 4533 4484 4532
f 4484 4533 4485
f 4534 4485 4533
f 4485 4534 4486
f 4535 4486 4534
f 4486 4535 4487
f 4536 4487 4535
f 4487 4536 4488
f 4537 4488 4536
f 4488 4537 4489
f 4538 4489 4537
f 4489 4538 4490
f 4539 4490 4538
f 4490 4539 4491
f 4540 4491 4539
f 4491 4540 4492
f 4541 4492 4540
f 4492 4541 4493
f 4542 4493 4541
f 4493 4542 4494
f 4543 4494 4542
f 4494 4543 4495
f 4544 4495 4543
f 4495 4544 4496
f 4545 4496 4544
f 4496 4545 4497
f 4546 4497 4545
f 4497 4546 4498
f 4547 4498 4546
f 4498 4547 4499
f 4548 4499 4547
f 4499 4548 4500
f 4549 4500 4548
f 4500 4549 4501
f 4550 4501 4549
f 4501 4550 4502
f 4551 4502 4550
f 4502 4551 4503
f 4552 4503 4551
f 4503 4552 4504
f 4553 4504 4552
f 4504 4553 4505
f 4554 4505 4553
f 4505 4554 4506
f 4555 4506 4554
f 4506 4555 4507
f 4556 4507 4555
f 4507 4556 4508
f 4557 4508 4556
f 4508 4557 4509
f 4558 4509 4557
f 4509 4558 4510
f 4559 4510 4558
f 4510 4559 4511
f 4560 4511 4559
f 4511 4560 4512
f 4561 4512 4560
f 4512 4561 4513
f 4562 4513 4561
f 4513 4562 4514
f 4563 4514 4562
f 4514 4563 4515
f 4564 4515 4563
f 4515 4564 4214
f 4216 4214 4564
f 4199 4201 4516
f 4565 4516 4201
f 4516 4565 4517
f 4566 4517 4565
f 4517 4566 4518
f 4567 4518 4566
f 4518 4567 4519
f 4568 4519 4567
f 4519 4568 4520
f 4569 4520 4568
f 4520 4569 4521
f 4570 4521 4569
f 4521 4570 4522
f 4571 4522 4570
f 4522 4571 4523
f 4572 4523 4571
f 4523 4572 4524
f 4573 4524 4572
f 4524 4573 4525
f 4574 4525 4573
f 4525 4574 4526
f 4575 4526 4574
f 4526 4575 4527
f 4576 4527 4575
f 4527 4576 4528
f 4577 4528 4576
f 4528 4577 4529
f 4578 4529 4577
f 4529 4578 4530
f 4579 4530 4578
f 4530 4579 4531
f 4580 4531 4579
f 4531 4580 4532
f 4581 4532 4580
f 4532 4581 4533
f 4582 4533 4581
f 4533 4582 4534
f 4583 4534 4582
f 4534 4583 4535
f 4584 4535 4583
f 4535 4584 4536
f 4585 4536 4584
f 4536 4585 4537
f 4586 4537 4585
f 4537 4586 4538
f 4587 4538 4586
f 4538 4587 4539
f 4588 4539 4587
f 4539 4588 4540
f 4589 4540 4588
f 4540 4589 4541
f 4590 4541 4589
f 4541 4590 4542
f 4591 4542 4590
f 4542 4591 4543
f 4592 4543 4591
f 4543 4592 4544
f 4593 4544 4592
f 4544 4593 4545
f 4594 4545 4593
f 4545 4594 4546
f 4595 4546 4594
f 4546 4595 4547
f 4596 4547 4595
f 4547 4596 4548
f 4597 4548 4596
f 4548 4597 4549
f 4598 4549 4597
f 4549 4598 4550
f 4599 4550 4598
f 4550 4599 4551
f 4600 4551 4599
f 4551 4600 4552
f 4601 4552 4600
f 4552 4601 4553
f 4602 4553 4601
f 4553 4602 4554
f 4603 4554 4602
f 4554 4603 4555
f 4604 4555 4603
f 4555 4604 4556
f 4605 4556 4604
f 4556 4605 4557
f 4606 4557 4605
f 4557 4606 4558
f 4607 4558 4606
f 4558 4607 4559
f 4608 4559 4607
f 4559 4608 4560
f 4609 4560 4608
f 4560 4609 4561
f 4610 4561 4609
f 4561 4610 4562
f 4611 4562 4610
f 4562 4611 4563
f 4612 4563 4611
f 4563 4612 4564
f 4613 4564 4612
f 4564 4613 4216
f 4218 4216 4613
f 4201 4203 4565
f 4614 4565 4203
f 4565 4614 4566
f 4615 4566 4614
f 4566 4615 4567
f 4616 4567 4615
f 4567 4616 4568
f 4617 4568 4616
f 4568 4617 4569
f 4618 4569 4617
f 4569 4618 4570
f 4619 4570 4618
f 4570 4619 4571
f 4620 4571 4619
f 4571 4620 4572
f 4621 4572 4620
f 4572 4621 4573
f 4622 4573 4621
f 4573 4622 4574
f 4623 4574 4622
f 4574 4623 4575
f 4624 4575 4623
f 4575 4624 4576
f 4625 4576 4624
f 4576 4625 4577
f 4626 4577 4625
f 4577 4626 4578
f 4627 4578 4626
f 4578 4627 4579
f 4628 4579 4627
f 4579 4628 4580
f 4629 4580 4628
f 4580 4629 4581
f 4630 4581 4629
f 4581 4630 4582
f 4631 4582 4630
f 4582 4631 4583
f 4632 4583 4631
f 4583 4632 4584
f 4633 4584 4632
f 4584 4633 4585
f 4634 4585 4633
f 4585 4634 4586
f 4635 4586 4634
f 4586 4635 4587
f 4636 4587 4635
f 4587 4636 4588
f 4637 4588 4636
f 4588 4637 4589
f 4638 4589 4637
f 4589 4638 4590
f 4639 4590 4638
f 4590 4639 4591
f 4640 4591 4639
f 4591 4640 4592
f 4641 4592 4640
f 4592 4641 4593
f 4642 4593 4641
f 4593 4642 4594
f 4643 4594 4642
f 4594 4643 4595
f 4644 4595 4643
f 4595 4644 4596
f 4645 4596 4644
f 4596 4645 4597
f 4646 4597 4645
f 4597 4646 4598
f 4647 4598 4646
f 4598 4647 4599
f 4648 4599 4647
f 4599 4648 4600
f 4649 4600 4648
f 4600 4649 4601
f 4650 4601 4649
f 4601 4650 4602
f 4651 4602 4650
f 4602 4651 4603
f 4652 4603 4651
f 4603 4652 4604
f 4653 4604 4652
f 4604 4653 4605
f 4654 4605 4653
f 4605 4654 4606
f 4655 4606 4654
f 4606 4655 4607
f 4656 4607 4655
f 4607 4656 4608
f 4657 4608 4656
f 4608 4657 4609
f 4658 4609 4657
f 4609 4658 4610
f 4659 4610 4658
f 4610 4659 4611
f 4660 4611 4659
f 4611 4660 4612
f 4661 4612 4660
f 4612 4661 4613
f 4662 4613 4661
f 4613 4662 4218
f 4220 4218 4662
f 4205 4207 4663
f 4712 4663 4207
f 4663 4712 4664
f 4713 4664 4712
f 4664 4713 4665
f 4714 4665 4713
f 4665 4714 4666
f 4715 4666 4714
f 4666 4715 4667
f 4716 4667 4715
f 4667 4716 4668
f 4717 4668 4716
f 4668 4717 4669
f 4718 4669 4717
f 4669 4718 4670
f 4719 4670 4718
f 4670 4719 4671
f 4720 4671 4719
f 4671 4720 4672
f 4721 4672 4720
f 4672 4721 4673
f 4722 4673 4721
f 4673 4722 4674
f 4723 4674 4722
f 4674 4723 4675
f 4724 4675 4723
f 4675 4724 4676
f 4725 4676 4724
f 4676 4725 4677
f 4726 4677 4725
f 4677 4726 4678
f 4727 4678 4726
f 4678 4727 4679
f 4728 4679 4727
f 4679 4728 4680
f 4729 4680 4728
f 4680 4729 4681
f 4730 4681 4729
f 4681 4730 4682
f 4731 4682 4730
f 4682 4731 4683
f 4732 4683 4731
f 4683 4732 4684
f 4733 4684 4732
f 4684 4733 4685
f 4734 4685 4733
f 4685 4734 4686
f 4735 4686 4734
f 4686 4735 4687
f 4736 4687 4735
f 4687 4736 4688
f 4737 4688 4736
f 4688 4737 4689
f 4738 4689 4737
f 4689 4738 4690
f 4739 4690 4738
f 4690 4739 4691
f 4740 4691 4739
f 4691 4740 4692
f 4741 4692 4740
f 4692 4741 4693
f 4742 4693 4741
f 4693 4742 4694
f 4743 4694 4742
f 4694 4743 4695
f 4744 4695 4743
f 4695 4744 4696
f 4745 4696 4744
f 4696 4745 4697
f 4746 4697 4745
f 4697 4746 4698
f 4747 4698 4746
f 4698 4747 4699
f 4748 4699 4747
f 4699 4748 4700
f 4749 4700 4748
f 4700 4749 4701
f 4750 4701 4749
f 4701 4750 4702
f 4751 4702 4750
f 4702 4751 4703
f 4752 4703 4751
f 4703 4752 4704
f 4753 4704 4752
f 4704 4753 4705
f 4754 4705 4753
f 4705 4754 4706
f 4755 4706 4754
f 4706 4755 4707
f 4756 4707 4755
f 4707 4756 4708
f 4757 4708 4756
f 4708 4757 4709
f 4758 4709 4757
f 4709 4758 4710
f 4759 4710 4758
f 4710 4759 4711
f 4760 4711 4759
f 4711 4760 4186
f 4188 4186 4760
f 4207 4209 4712
f 4761 4712 4209
f 4712 4761 4713
f 4762 4713 4761
f 4713 4762 4714
f 4763 4714 4762
f 4714 4763 4715
f 4764 4715 4763
f 4715 4764 4716
f 4765 4716 4764
f 4716 4765 4717
f 4766 4717 4765
f 4717 4766 4718
f 4767 4718 4766
f 4718 4767 4719
f 4768 4719 4767
f 4719 4768 4720
f 4769 4720 4768
f 4720 4769 4721
f 4770 4721 4769
f 4721 4770 4722
f 4771 4722 4770
f 4722 4771 4723
f 4772 4723 4771
f 4723 4772 4724
f 4773 4724 4772
f 4724 4773 4725
f 4774 4725 4773
f 4725 4774 4726
f 4775 4726 4774
f 4726 4775 4727
f 4776 4727 4775
f 4727 4776 4728
f 4777 4728 4776
f 4728 4777 4729
f 4778 4729 4777
f 4729 4778 4730
f 4779 4730 4778
f 4730 4779 4731
f 4780 4731 4779
f 4731 4780 4732
f 4781 4732 4780
f 4732 4781 4733
f 4782 4733 4781
f 4733 4782 4734
f 4783 4734 4782
f 4734 4783 4735
f 4784 4735 4783
f 4735 4784 4736
f 4785 4736 4784
f 4736 4785 4737
f 4786 4737 4785
f 4737 4786 4738
f 4787 4738 4786
f 4738 4787 4739
f 4788 4739 4787
f 4739 4788 4740
f 4789 4740 4788
f 4740 4789 4741
f 4790 4741 4789
f 4741 4790 4742
f 4791 4742 4790
f 4742 4791 4743
f 4792 4743 4791
f 4743 4792 4744
f 4793 4744 4792
f 4744 4793 4745
f 4794 4745 4793
f 4745 4794 4746
f 4795 4746 4794
f 4746 4795 4747
f 4796 4747 4795
f 4747 4796 4748
f 4797 4748 4796
f 4748 4797 4749
f 4798 4749 4797
f 4749 4798 4750
f 4799 4750 4798
f 4750 4799 4751
f 4800 4751 4799
f 4751 4800 4752
f 4801 4752 4800
f 4752 4801 4753
f 4802 4753 4801
f 4753 4802 4754
f 4803 4754 4802
f 4754 4803 4755
f 4804 4755 4803
f 4755 4804 4756
f 4805 4756 4804
f 4756 4805 4757
f 4806 4757 4805
f 4757 4806 4758
f 4807 4758 4806
f 4758 4807 4759
f 4808 4759 4807
f 4759 4808 4760
f 4809 4760 4808
f 4760 4809 4188
f 4190 4188 4809
f 4209 4211 4761
f 4810 4761 4211
f 4761 4810 4762
f 4811 4762 4810
f 4762 4811 4763
f 4812 4763 4811
f 4763 4812 4764
f 4813 4764 4812
f 4764 4813 4765
f 4814 4765 4813
f 4765 4814 4766
f 4815 4766 4814
f 4766 4815 4767
f 4816 4767 4815
f 4767 4816 4768
f 4817 4768 4816
f 4768 4817 4769
f 4818 4769 4817
f 4769 4818 4770
f 4819 4770 4818
f 4770 4819 4771
f 4820 4771 4819
f 4771 4820 4772
f 4821 4772 4820
f 4772 4821 4773
f 4822 4773 4821
f 4773 4822 4774
f 4823 4774 4822
f 4774 4823 4775
f 4824 4775 4823
f 4775 4824 4776
f 4825 4776 4824
f 4776 4825 4777
f 4826 4777 4825
f 4777 4826 4778
f 4827 4778 4826
f 4778 4827 4779
f 4828 4779 4827
f 4779 4828 4780
f 4829 4780 4828
f 4780 4829 4781
f 4830 4781 4829
f 4781 4830 4782
f 4831 4782 4830
f 4782 4831 4783
f 4832 4783 4831
f 4783 4832 4784
f 4833 4784 4832
f 4784 4833 4785
f 4834 4785 4833
f 4785 4834 4786
f 4835 4786 4834
f 4786 4835 4787
f 4836 4787 4835
f 4787 4836 4788
f 4837 4788 4836
f 4788 4837 4789
f 4838 4789 4837
f 4789 4838 4790
f 4839 4790 4838
f 4790 4839 4791
f 4840 4791 4839
f 4791 4840 4792
f 4841 4792 4840
f 4792 4841 4793
f 4842 4793 4841
f 4793 4842 4794
f 4843 4794 4842
f 4794 4843 4795
f 4844 4795 4843
f 4795 4844 4796
f 4845 4796 4844
f 4796 4845 4797
f 4846 4797 4845
f 4797 4846 4798
f 4847 4798 4846
f 4798 4847 4799
f 4848 4799 4847
f 4799 4848 4800
f 4849 4800 4848
f 4800 4849 4801
f 4850 4801 4849
f 4801 4850 4802
f 4851 4802 4850
f 4802 4851 4803
f 4852 4803 4851
f 4803 4852 4804
f 4853 4804 4852
f 4804 4853 4805
f 4854 4805 4853
f 4805 4854 4806
f 4855 4806 4854
f 4806 4855 4807
f 4856 4807 4855
f 4807 4856 4808
f 4857 4808 4856
f 4808 4857 4809
f 4858 4809 4857
f 4809 4858 4190
f 4192 4190 4858
f 4211 4213 4810
f 4859 4810 4213
f 4810 4859 4811
f 4860 4811 4859
f 4811 4860 4812
f 4861 4812 4860
f 4812 4861 4813
f 4862 4813 4861
f 4813 4862 4814
f 4863 4814 4862
f 4814 4863 4815
f 4864 4815 4863
f 4815 4864 4816
f 4865 4816 4864
f 4816 4865 4817
f 4866 4817 4865
f 4817 4866 4818
f 4867 4818 4866
f 4818 4867 4819
f 4868 4819 4867
f 4819 4868 4820
f 4869 4820 4868
f 4820 4869 4821
f 4870 4821 4869
f 4821 4870 4822
f 4871 4822 4870
f 4822 4871 4823
f 4872 4823 4871
f 4823 4872 4824
f 4873 4824 4872
f 4824 4873 4825
f 4874 4825 4873
f 4825 4874 4826
f 4875 4826 4874
f 4826 4875 4827
f 4876 4827 4875
f 4827 4876 4828
f 4877 4828 4876
f 4828 4877 4829
f 4878 4829 4877
f 4829 4878 4830
f 4879 4830 4878
f 4830 4879 4831
f 4880 4831 4879
f 4831 4880 4832
f 4881 4832 4880
f 4832 4881 4833
f 4882 4833 4881
f 4833 4882 4834
f 4883 4834 4882
f 4834 4883 4835
f 4884 4835 4883
f 4835 4884 4836
f 4885 4836 4884
f 4836 4885 4837
f 4886 4837 4885
f 4837 4886 4838
f 4887 4838 4886
f 4838 4887 4839
f 4888 4839 4887
f 4839 4888 4840
f 4889 4840 4888
f 4840 4889 4841
f 4890 4841 4889
f 4841 4890 4842
f 4891 4842 4890
f 4842 4891 4843
f 4892 4843 4891
f 4843 4892 4844
f 4893 4844 4892
f 4844 4893 4845
f 4894 4845 4893
f 4845 4894 4846
f 4895 4846 4894
f 4846 4895 4847
f 4896 4847 4895
f 4847 4896 4848
f 4897 4848 4896
f 4848 4897 4849
f 4898 4849 4897
f 4849 4898 4850
f 4899 4850 4898
f 4850 4899 4851
f 4900 4851 4899
f 4851 4900 4852
f 4901 4852 4900
f 4852 4901 4853
f 4902 4853 4901
f 4853 4902 4854
f 4903 4854 4902
f 4854 4903 4855
f 4904 4855 4903
f 4855 4904 4856
f 4905 4856 4904
f 4856 4905 4857
f 4906 4857 4905
f 4857 4906 4858
f 4907 4858 4906
f 4858 4907 4192
f 4194 4192 4907
f 4213 4215 4859
f 4908 4859 4215
f 4859 4908 4860
f 4909 4860 4908
f 4860 4909 4861
f 4910 4861 4909
f 4861 4910 4862
f 4911 4862 4910
f 4862 4911 4863
f 4912 4863 4911
f 4863 4912 4864
f 4913 4864 4912
f 4864 4913 4865
f 4914 4865 4913
f 4865 4914 4866
f 4915 4866 4914
f 4866 4915 4867
f 4916 4867 4915
f 4867 4916 4868
f 4917 4868 4916
f 4868 4917 4869
f 4918 4869 4917
f 4869 4918 4870
f 4919 4870 4918
f 4870 4919 4871
f 4920 4871 4919
f 4871 4920 4872
f 4921 4872 4920
f 4872 4921 4873
f 4922 4873 4921
f 4873 4922 4874
f 4923 4874 4922
f 4874 4923 4875
f 4924 4875 4923
f 4875 4924 4876
f 4925 4876 4924
f 4876 4925 4877
f 4926 4877 4925
f 4877 4926 4878
f 4927 4878 4926
f 4878 4927 4879
f 4928 4879 4927
f 4879 4928 4880
f 4929 4880 4928
f 4880 4929 4881
f 4930 4881 4929
f 4881 4930 4882
f 4931 4882 4930
f 4882 4931 4883
f 4932 4883 4931
f 4883 4932 4884
f 4933 4884 4932
f 4884 4933 4885
f 4934 4885 4933
f 4885 4934 4886
f 4935 4886 4934
f 4886 4935 4887
f 4936 4887 4935
f 4887 4936 4888
f 4937 4888 4936
f 4888 4937 4889
f 4938 4889 4937
f 4889 4938 4890
f 4939 4890 4938
f 4890 4939 4891
f 4940 4891 4939
f 4891 4940 4892
f 4941 4892 4940
f 4892 4941 4893
f 4942 4893 4941
f 4893 4942 4894
f 4943 4894 4942
f 4894 4943 4895
f 4944 4895 4943
f 4895 4944 4896
f 4945 4896 4944
f 4896 4945 4897
f 4946 4897 4945
f 4897 4946 4898
f 4947 4898 4946
f 4898 4947 4899
f 4948 4899 4947
f 4899 4948 4900
f 4949 4900 4948
f 4900 4949 4901
f 4950 4901 4949
f 4901 4950 4902
f 4951 4902 4950
f 4902 4951 4903
f 4952 4903 4951
f 4903 4952 4904
f 4953 4904 4952
f 4904 4953 4905
f 4954 4905 4953
f 4905 4954 4906
f 4955 4906 4954
f 4906 4955 4907
f 4956 4907 4955
f 4907 4956 4194
f 4196 4194 4956
f 4215 4217 4908
f 4957 4908 4217
f 4908 4957 4909
f 4958 4909 4957
f 4909 4958 4910
f 4959 4910 4958
f 4910 4959 4911
f 4960 4911 4959
f 4911 4960 4912
f 4961 4912 4960
f 4912 4961 4913
f 4962 4913 4961
f 4913 4962 4914
f 4963 4914 4962
f 4914 4963 4915
f 4964 4915 4963
f 4915 4964 4916
f 4965 4916 4964
f 4916 4965 4917
f 4966 4917 4965
f 4917 4966 4918
f 4967 4918 4966
f 4918 4967 4919
f 4968 4919 4967
f 4919 4968 4920
f 4969 4920 4968
f 4920 4969 4921
f 4970 4921 4969
f 4921 4970 4922
f 4971 4922 4970
f 4922 4971 4923
f 4972 4923 4971
f 4923 4972 4924
f 4973 4924 4972
f 4924 4973 4925
f 4974 4925 4973
f 4925 4974 4926
f 4975 4926 4974
f 4926 4975 4927
f 4976 4927 4975
f 4927 4976 4928
f 4977 4928 4976
f 4928 4977 4929
f 4978 4929 4977
f 4929 4978 4930
f 4979 4930 4978
f 4930 4979 4931
f 4980 4931 4979
f 4931 4980 4932
f 4981 4932 4980
f 4932 4981 4933
f 4982 4933 4981
f 4933 4982 4934
f 4983 4934 4982
f 4934 4983 4935
f 4984 4935 4983
f 4935 4984 4936
f 4985 4936 4984
f 4936 4985 4937
f 4986 4937 4985
f 4937 4986 4938
f 4987 4938 4986
f 4938 4987 4939
f 4988 4939 4987
f 4939 4988 4940
f 4989 4940 4988
f 4940 4989 4941
f 4990 4941 4989
f 4941 4990 4942
f 4991 4942 4990
f 4942 4991 4943
f 4992 4943 4991
f 4943 4992 4944
f 4993 4944 4992
f 4944 4993 4945
f 4994 4945 4993
f 4945 4994 4946
f 4995 4946 4994
f 4946 4995 4947
f 4996 4947 4995
f 4947 4996 4948
f 4997 4948 4996
f 4948 4997 4949
f 4998 4949 4997
f 4949 4998 4950
f 4999 4950 4998
f 4950 4999 4951
f 5000 4951 4999
f 4951 5000 4952
f 5001 4952 5000
f 4952 5001 4953
f 5002 4953 5001
f 4953 5002 4954
f 5003 4954 5002
f 4954 5003 4955
f 5004 4955 5003
f 4955 5004 4956
f 5005 4956 5004
f 4956 5005 4196
f 4198 4196 5005
f 4217 4219 4957
f 5006 4957 4219
f 4957 5006 4958
f 5007 4958 5006
f 4958 5007 4959
f 5008 4959 5007
f 4959 5008 4960
f 5009 4960 5008
f 4960 5009 4961
f 5010 4961 5009
f 4961 5010 4962
f 5011 4962 5010
f 4962 5011 4963
f 5012 4963 5011
f 4963 5012 4964
f 5013 4964 5012
f 4964 5013 4965
f 5014 4965 5013
f 4965 5014 4966
f 5015 4966 5014
f 4966 5015 4967
f 5016 4967 5015
f 4967 5016 4968
f 5017 4968 5016
f 4968 5017 4969
f 5018 4969 5017
f 4969 5018 4970
f 5019 4970 5018
f 4970 5019 4971
f 5020 4971 5019
f 4971 5020 4972
f 5021 4972 5020
f 4972 5021 4973
f 5022 4973 5021
f 4973 5022 4974
f 5023 4974 5022
f 4974 5023 4975
f 5024 4975 5023
f 4975 5024 4976
f 5025 4976 5024
f 4976 5025 4977
f 5026 4977 5025
f 4977 5026 4978
f 5027 4978 5026
f 4978 5027 4979
f 5028 4979 5027
f 4979 5028 4980
f 5029 4980 5028
f 4980 5029 4981
f 5030 4981 5029
f 4981 5030 4982
f 5031 4982 5030
f 4982 5031 4983
f 5032 4983 5031
f 4983 5032 4984
f 5033 4984 5032
f 4984 5033 4985
f 5034 4985 5033
f 4985 5034 4986
f 5035 4986 5034
f 4986 5035 4987
f 5036 4987 5035
f 4987 5036 4988
f 5037 4988 5036
f 4988 5037 4989
f 5038 4989 5037
f 4989 5038 4990
f 5039 4990 5038
f 4990 5039 4991
f 5040 4991 5039
f 4991 5040 4992
f 5041 4992 5040
f 4992 5041 4993
f 5042 4993 5041
f 4993 5042 4994
f 5043 4994 5042
f 4994 5043 4995
f 5044 4995 5043
f 4995 5044 4996
f 5045 4996 5044
f 4996 5045 4997
f 5046 4997 5045
f 4997 5046 4998
f 5047 4998 5046
f 4998 5047 4999
f 5048 4999 5047
f 4999 5048 5000
f 5049 5000 5048
f 5000 5049 5001
f 5050 5001 5049
f 5001 5050 5002
f 5051 5002 5050
f 5002 5051 5003
f 5052 5003 5051
f 5003 5052 5004
f 5053 5004 5052
f 5004 5053 5005
f 5054 5005 5053
f 5005 5054 4198
f 4200 4198 5054
f 4219 4221 5006
f 5055 5006 4221
f 5006 5055 5007
f 5056 5007 5055
f 5007 5056 5008
f 5057 5008 5056
f 5008 5057 5009
f 5058 5009 5057
f 5009 5058 5010
f 5059 5010 5058
f 5010 5059 5011
f 5060 5011 5059
f 5011 5060 5012
f 5061 5012 5060
f 5012 5061 5013
f 5062 5013 5061
f 5013 5062 5014
f 5063 5014 5062
f 5014 5063 5015
f 5064 5015 5063
f 5015 5064 5016
f 5065 5016 5064
f 5016 5065 5017
f 5066 5017 5065
f 5017 5066 5018
f 5067 5018 5066
f 5018 5067 5019
f 5068 5019 5067
f 5019 5068 5020
f 5069 5020 5068
f 5020 5069 5021
f 5070 5021 5069
f 5021 5070 5022
f 5071 5022 5070
f 5022 5071 5023
f 5072 5023 5071
f 5023 5072 5024
f 5073 5024 5072
f 5024 5073 5025
f 5074 5025 5073
f 5025 5074 5026
f 5075 5026 5074
f 5026 5075 5027
f 5076 5027 5075
f 5027 5076 5028
f 5077 5028 5076
f 5028 5077 5029
f 5078 5029 5077
f 5029 5078 5030
f 5079 5030 5078
f 5030 5079 5031
f 5080 5031 5079
f 5031 5080 5032
f 5081 5032 5080
f 5032 5081 5033
f 5082 5033 5081
f 5033 5082 5034
f 5083 5034 5082
f 5034 5083 5035
f 5084 5035 5083
f 5035 5084 5036
f 5085 5036 5084
f 5036 5085 5037
f 5086 5037 5085
f 5037 5086 5038
f 5087 5038 5086
f 5038 5087 5039
f 5088 5039 5087
f 5039 5088 5040
f 5089 5040 5088
f 5040 5089 5041
f 5090 5041 5089
f 5041 5090 5042
f 5091 5042 5090
f 5042 5091 5043
f 5092 5043 5091
f 5043 5092 5044
f 5093 5044 5092
f 5044 5093 5045
f 5094 5045 5093
f 5045 5094 5046
f 5095 5046 5094
f 5046 5095 5047
f 5096 5047 5095
f 5047 5096 5048
f 5097 5048 5096
f 5048 5097 5049
f 5098 5049 5097
f 5049 5098 5050
f 5099 5050 5098
f 5050 5099 5051
f 5100 5051 5099
f 5051 5100 5052
f 5101 5052 5100
f 5052 5101 5053
f 5102 5053 5101
f 5053 5102 5054
f 5103 5054 5102
f 5054 5103 4200
f 4202 4200 5103
f 4186 4187 4711
f 4222 4711 4187
f 4711 4222 4710
f 4223 4710 4222
f 4710 4223 4709
f 4224 4709 4223
f 4709 4224 4708
f 4225 4708 4224
f 4708 4225 4707
f 4226 4707 4225
f 4707 4226 4706
f 4227 4706 4226
f 4706 4227 4705
f 4228 4705 4227
f 4705 4228 4704
f 4229 4704 4228
f 4704 4229 4703
f 4230 4703 4229
f 4703 4230 4702
f 4231 4702 4230
f 4702 4231 4701
f 4232 4701 4231
f 4701 4232 4700
f 4233 4700 4232
f 4700 4233 4699
f 4234 4699 4233
f 4699 4234 4698
f 4235 4698 4234
f 4698 4235 4697
f 4236 4697 4235
f 4697 4236 4696
f 4237 4696 4236
f 4696 4237 4695
f 4238 4695 4237
f 4695 4238 4694
f 4239 4694 4238
f 4694 4239 4693
f 4240 4693 4239
f 4693 4240 4692
f 4241 4692 4240
f 4692 4241 4691
f 4242 4691 4241
f 4691 4242 4690
f 4243 4690 4242
f 4690 4243 4689
f 4244 4689 4243
f 4689 4244 4688
f 4245 4688 4244
f 4688 4245 4687
f 4246 4687 4245
f 4687 4246 4686
f 4247 4686 4246
f 4686 4247 4685
f 4248 4685 4247
f 4685 4248 4684
f 4249 4684 4248
f 4684 4249 4683
f 4250 4683 4249
f 4683 4250 4682
f 4251 4682 4250
f 4682 4251 4681
f 4252 4681 4251
f 4681 4252 4680
f 4253 4680 4252
f 4680 4253 4679
f 4254 4679 4253
f 4679 4254 4678
f 4255 4678 4254
f 4678 4255 4677
f 4256 4677 4255
f 4677 4256 4676
f 4257 4676 4256
f 4676 4257 4675
f 4258 4675 4257
f 4675 4258 4674
f 4259 4674 4258
f 4674 4259 4673
f 4260 4673 4259
f 4673 4260 4672
f 4261 4672 4260
f 4672 4261 4671
f 4262 4671 4261
f 4671 4262 4670
f 4263 4670 4262
f 4670 4263 4669
f 4264 4669 4263
f 4669 4264 4668
f 4265 4668 4264
f 4668 4265 4667
f 4266 4667 4265
f 4667 4266 4666
f 4267 4666 4266
f 4666 4267 4665
f 4268 4665 4267
f 4665 4268 4664
f 4269 4664 4268
f 4664 4269 4663
f 4270 4663 4269
f 4663 4270 4205
f 4204 4205 4270
f 4203 4202 4614
f 5103 4614 4202
f 4614 5103 4615
f 5102 4615 5103
f 4615 5102 4616
f 5101 4616 5102
f 4616 5101 4617
f 5100 4617 5101
f 4617 5100 4618
f 5099 4618 5100
f 4618 5099 4619
f 5098 4619 5099
f 4619 5098 4620
f 5097 4620 5098
f 4620 5097 4621
f 5096 4621 5097
f 4621 5096 4622
f 5095 4622 5096
f 4622 5095 4623
f 5094 4623 5095
f 4623 5094 4624
f 5093 4624 5094
f 4624 5093 4625
f 5092 4625 5093
f 4625 5092 4626
f 5091 4626 5092
f 4626 5091 4627
f 5090 4627 5091
f 4627 5090 4628
f 5089 4628 5090
f 4628 5089 4629
f 5088 4629 5089
f 4629 5088 4630
f 5087 4630 5088
f 4630 5087 4631
f 5086 4631 5087
f 4631 5086 4632
f 5085 4632 5086
f 4632 5085 4633
f 5084 4633 5085
f 4633 5084 4634
f 5083 4634 5084
f 4634 5083 4635
f 5082 4635 5083
f 4635 5082 4636
f 5081 4636 5082
f 4636 5081 4637
f 5080 4637 5081
f 4637 5080 4638
f 5079 4638 5080
f 4638 5079 4639
f 5078 4639 5079
f 4639 5078 4640
f 5077 4640 5078
f 4640 5077 4641
f 5076 4641 5077
f 4641 5076 4642
f 5075 4642 5076
f 4642 5075 4643
f 5074 4643 5075
f 4643 5074 4644
f 5073 4644 5074
f 4644 5073 4645
f 5072 4645 5073
f 4645 5072 4646
f 5071 4646 5072
f 4646 5071 4647
f 5070 4647 5071
f 4647 5070 4648
f 5069 4648 5070
f 4648 5069 4649
f 5068 4649 5069
f 4649 5068 4650
f 5067 4650 5068
f 4650 5067 4651
f 5066 4651 5067
f 4651 5066 4652
f 5065 4652 5066
f 4652 5065 4653
f 5064 4653 5065
f 4653 5064 4654
f 5063 4654 5064
f 4654 5063 4655
f 5062 4655 5063
f 4655 5062 4656
f 5061 4656 5062
f 4656 5061 4657
f 5060 4657 5061
f 4657 5060 4658
f 5059 4658 5060
f 4658 5059 4659
f 5058 4659 5059
f 4659 5058 4660
f 5057 4660 5058
f 4660 5057 4661
f 5056 4661 5057
f 4661 5056 4662
f 5055 4662 5056
f 4662 5055 4220
f 4221 4220 5055
usemtl drama-AA7075
f 5104 5113 5105
f 5114 5105 5113
f 5105 5114 5106
f 5115 5106 5114
f 5106 5115 5107
f 5116 5107 5115
f 5107 5116 5108
f 5117 5108 5116
f 5108 5117 5109
f 5118 5109 5117
f 5109 5118 5110
f 5119 5110 5118
f 5110 5119 5111
f 5120 5111 5119
f 5111 5120 5112
f 5121 5112 5120
f 5122 5131 5123
f 5132 5123 5131
f 5123 5132 5124
f 5133 5124 5132
f 5124 5133 5125
f 5134 5125 5133
f 5125 5134 5126
f 5135 5126 5134
f 5126 5135 5127
f 5136 5127 5135
f 5127 5136 5128
f 5137 5128 5136
f 5128 5137 5129
f 5138 5129 5137
f 5129 5138 5130
f 5139 5130 5138
f 5112 5121 5140
f 5169 5140 5121
f 5140 5169 5141
f 5170 5141 5169
f 5141 5170 5142
f 5171 5142 5170
f 5142 5171 5143
f 5172 5143 5171
f 5143 5172 5144
f 5173 5144 5172
f 5144 5173 5145
f 5174 5145 5173
f 5145 5174 5146
f 5175 5146 5174
f 5146 5175 5147
f 5176 5147 5175
f 5147 5176 5148
f 5177 5148 5176
f 5148 5177 5149
f 5178 5149 5177
f 5149 5178 5150
f 5179 5150 5178
f 5150 5179 5151
f 5180 5151 5179
f 5151 5180 5152
f 5181 5152 5180
f 5152 5181 5153
f 5182 5153 5181
f 5153 5182 5154
f 5183 5154 5182
f 5154 5183 5155
f 5184 5155 5183
f 5155 5184 5156
f 5185 5156 5184
f 5156 5185 5157
f 5186 5157 5185
f 5157 5186 5158
f 5187 5158 5186
f 5158 5187 5159
f 5188 5159 5187
f 5159 5188 5160
f 5189 5160 5188
f 5160 5189 5161
f 5190 5161 5189
f 5161 5190 5162
f 5191 5162 5190
f 5162 5191 5163
f 5192 5163 5191
f 5163 5192 5164
f 5193 5164 5192
f 5164 5193 5165
f 5194 5165 5193
f 5165 5194 5166
f 5195 5166 5194
f 5166 5195 5167
f 5196 5167 5195
f 5167 5196 5168
f 5197 5168 5196
f 5168 5197 5122
f 5131 5122 5197
f 5130 5139 5198
f 5227 5198 5139
f 5198 5227 5199
f 5228 5199 5227
f 5199 5228 5200
f 5229 5200 5228
f 5200 5229 5201
f 5230 5201 5229
f 5201 5230 5202
f 5231 5202 5230
f 5202 5231 5203
f 5232 5203 5231
f 5203 5232 5204
f 5233 5204 5232
f 5204 5233 5205
f 5234 5205 5233
f 5205 5234 5206
f 5235 5206 5234
f 5206 5235 5207
f 5236 5207 5235
f 5207 5236 5208
f 5237 5208 5236
f 5208 5237 5209
f 5238 5209 5237
f 5209 5238 5210
f 5239 5210 5238
f 5210 5239 5211
f 5240 5211 5239
f 5211 5240 5212
f 5241 5212 5240
f 5212 5241 5213
f 5242 5213 5241
f 5213 5242 5214
f 5243 5214 5242
f 5214 5243 5215
f 5244 5215 5243
f 5215 5244 5216
f 5245 5216 5244
f 5216 5245 5217
f 5246 5217 5245
f 5217 5246 5218
f 5247 5218 5246
f 5218 5247 5219
f 5248 5219 5247
f 5219 5248 5220
f 5249 5220 5248
f 5220 5249 5221
f 5250 5221 5249
f 5221 5250 5222
f 5251 5222 5250
f 5222 5251 5223
f 5252 5223 5251
f 5223 5252 5224
f 5253 5224 5252
f 5224 5253 5225
f 5254 5225 5253
f 5225 5254 5226
f 5255 5226 5254
f 5226 5255 5104
f 5113 5104 5255
f 5104 5105 5226
f 5256 5226 5105
f 5226 5256 5225
f 5257 5225 5256
f 5225 5257 5224
f 5258 5224 5257
f 5224 5258 5223
f 5259 5223 5258
f 5223 5259 5222
f 5260 5222 5259
f 5222 5260 5221
f 5261 5221 5260
f 5221 5261 5220
f 5262 5220 5261
f 5220 5262 5219
f 5263 5219 5262
f 5219 5263 5218
f 5264 5218 5263
f 5218 5264 5217
f 5265 5217 5264
f 5217 5265 5216
f 5266 5216 5265
f 5216 5266 5215
f 5267 5215 5266
f 5215 5267 5214
f 5268 5214 5267
f 5214 5268 5213
f 5269 5213 5268
f 5213 5269 5212
f 5270 5212 5269
f 5212 5270 5211
f 5271 5211 5270
f 5211 5271 5210
f 5272 5210 5271
f 5210 5272 5209
f 5273 5209 5272
f 5209 5273 5208
f 5274 5208 5273
f 5208 5274 5207
f 5275 5207 5274
f 5207 5275 5206
f 5276 5206 5275
f 5206 5276 5205
f 5277 5205 5276
f 5205 5277 5204
f 5278 5204 5277
f 5204 5278 5203
f 5279 5203 5278
f 5203 5279 5202
f 5280 5202 5279
f 5202 5280 5201
f 5281 5201 5280
f 5201 5281 5200
f 5282 5200 5281
f 5200 5282 5199
f 5283 5199 5282
f 5199 5283 5198
f 5284 5198 5283
f 5198 5284 5130
f 5129 5130 5284
f 5105 5106 5256
f 5285 5256 5106
f 5256 5285 5257
f 5286 5257 5285
f 5257 5286 5258
f 5287 5258 5286
f 5258 5287 5259
f 5288 5259 5287
f 5259 5288 5260
f 5289 5260 5288
f 5260 5289 5261
f 5290 5261 5289
f 5261 5290 5262
f 5291 5262 5290
f 5262 5291 5263
f 5292 5263 5291
f 5263 5292 5264
f 5293 5264 5292
f 5264 5293 5265
f 5294 5265 5293
f 5265 5294 5266
f 5295 5266 5294
f 5266 5295 5267
f 5296 5267 5295
f 5267 5296 5268
f 5297 5268 5296
f 5268 5297 5269
f 5298 5269 5297
f 5269 5298 5270
f 5299 5270 5298
f 5270 5299 5271
f 5300 5271 5299
f 5271 5300 5272
f 5301 5272 5300
f 5272 5301 5273
f 5302 5273 5301
f 5273 5302 5274
f 5303 5274 5302
f 5274 5303 5275
f 5304 5275 5303
f 5275 5304 5276
f 5305 5276 5304
f 5276 5305 5277
f 5306 5277 5305
f 5277 5306 5278
f 5307 5278 5306
f 5278 5307 5279
f 5308 5279 5307
f 5279 5308 5280
f 5309 5280 5308
f 5280 5309 5281
f 5310 5281 5309
f 5281 5310 5282
f 5311 5282 5310
f 5282 5311 5283
f 5312 5283 5311
f 5283 5312 5284
f 5313 5284 5312
f 5284 5313 5129
f 5128 5129 5313
f 5106 5107 5285
f 5314 5285 5107
f 5285 5314 5286
f 5315 5286 5314
f 5286 5315 5287
f 5316 5287 5315
f 5287 5316 5288
f 5317 5288 5316
f 5288 5317 5289
f 5318 5289 5317
f 5289 5318 5290
f 5319 5290 5318
f 5290 5319 5291
f 5320 5291 5319
f 5291 5320 5292
f 5321 5292 5320
f 5292 5321 5293
f 5322 5293 5321
f 5293 5322 5294
f 5323 5294 5322
f 5294 5323 5295
f 5324 5295 5323
f 5295 5324 5296
f 5325 5296 5324
f 5296 5325 5297
f 5326 5297 5325
f 5297 5326 5298
f 5327 5298 5326
f 5298 5327 5299
f 5328 5299 5327
f 5299 5328 5300
f 5329 5300 5328
f 5300 5329 5301
f 5330 5301 5329
f 5301 5330 5302
f 5331 5302 5330
f 5302 5331 5303
f 5332 5303 5331
f 5303 5332 5304
f 5333 5304 5332
f 5304 5333 5305
f 5334 5305 5333
f 5305 5334 5306
f 5335 5306 5334
f 5306 5335 5307
f 5336 5307 5335
f 5307 5336 5308
f 5337 5308 5336
f 5308 5337 5309
f 5338 5309 5337
f 5309 5338 5310
f 5339 5310 5338
f 5310 5339 5311
f 5340 5311 5339
f 5311 5340 5312
f 5341 5312 5340
f 5312 5341 5313
f 5342 5313 5341
f 5313 5342 5128
f 5127 5128 5342
f 5107 5108 5314
f 5343 5314 5108
f 5314 5343 5315
f 5344 5315 5343
f 5315 5344 5316
f 5345 5316 5344
f 5316 5345 5317
f 5346 5317 5345
f 5317 5346 5318
f 5347 5318 5346
f 5318 5347 5319
f 5348 5319 5347
f 5319 5348 5320
f 5349 5320 5348
f 5320 5349 5321
f 5350 5321 5349
f 5321 5350 5322
f 5351 5322 5350
f 5322 5351 5323
f 5352 5323 5351
f 5323 5352 5324
f 5353 5324 5352
f 5324 5353 5325
f 5354 5325 5353
f 5325 5354 5326
f 5355 5326 5354
f 5326 5355 5327
f 5356 5327 5355
f 5327 5356 5328
f 5357 5328 5356
f 5328 5357 5329
f 5358 5329 5357
f 5329 5358 5330
f 5359 5330 5358
f 5330 5359 5331
f 5360 5331 5359
f 5331 5360 5332
f 5361 5332 5360
f 5332 5361 5333
f 5362 5333 5361
f 5333 5362 5334
f 5363 5334 5362
f 5334 5363 5335
f 5364 5335 5363
f 5335 5364 5336
f 5365 5336 5364
f 5336 5365 5337
f 5366 5337 5365
f 5337 5366 5338
f 5367 5338 5366
f 5338 5367 5339
f 5368 5339 5367
f 5339 5368 5340
f 5369 5340 5368
f 5340 5369 5341
f 5370 5341 5369
f 5341 5370 5342
f 5371 5342 5370
f 5342 5371 5127
f 5126 5127 5371
f 5108 5109 5343
f 5372 5343 5109
f 5343 5372 5344
f 5373 5344 5372
f 5344 5373 5345
f 5374 5345 5373
f 5345 5374 5346
f 5375 5346 5374
f 5346 5375 5347
f 5376 5347 5375
f 5347 5376 5348
f 5377 5348 5376
f 5348 5377 5349
f 5378 5349 5377
f 5349 5378 5350
f 5379 5350 5378
f 5350 5379 5351
f 5380 5351 5379
f 5351 5380 5352
f 5381 5352 5380
f 5352 5381 5353
f 5382 5353 5381
f 5353 5382 5354
f 5383 5354 5382
f 5354 5383 5355
f 5384 5355 5383
f 5355 5384 5356
f 5385 5356 5384
f 5356 5385 5357
f 5386 5357 5385
f 5357 5386 5358
f 5387 5358 5386
f 5358 5387 5359
f 5388 5359 5387
f 5359 5388 5360
f 5389 5360 5388
f 5360 5389 5361
f 5390 5361 5389
f 5361 5390 5362
f 5391 5362 5390
f 5362 5391 5363
f 5392 5363 5391
f 5363 5392 5364
f 5393 5364 5392
f 5364 5393 5365
f 5394 5365 5393
f 5365 5394 5366
f 5395 5366 5394
f 5366 5395 5367
f 5396 5367 5395
f 5367 5396 5368
f 5397 5368 5396
f 5368 5397 5369
f 5398 5369 5397
f 5369 5398 5370
f 5399 5370 5398
f 5370 5399 5371
f 5400 5371 5399
f 5371 5400 5126
f 5125 5126 5400
f 5109 5110 5372
f 5401 5372 5110
f 5372 5401 5373
f 5402 5373 5401
f 5373 5402 5374
f 5403 5374 5402
f 5374 5403 5375
f 5404 5375 5403
f 5375 5404 5376
f 5405 5376 5404
f 5376 5405 5377
f 5406 5377 5405
f 5377 5406 5378
f 5407 5378 5406
f 5378 5407 5379
f 5408 5379 5407
f 5379 5408 5380
f 5409 5380 5408
f 5380 5409 5381
f 5410 5381 5409
f 5381 5410 5382
f 5411 5382 5410
f 5382 5411 5383
f 5412 5383 5411
f 5383 5412 5384
f 5413 5384 5412
f 5384 5413 5385
f 5414 5385 5413
f 5385 5414 5386
f 5415 5386 5414
f 5386 5415 5387
f 5416 5387 5415
f 5387 5416 5388
f 5417 5388 5416
f 5388 5417 5389
f 5418 5389 5417
f 5389 5418 5390
f 5419 5390 5418
f 5390 5419 5391
f 5420 5391 5419
f 5391 5420 5392
f 5421 5392 5420
f 5392 5421 5393
f 5422 5393 5421
f 5393 5422 5394
f 5423 5394 5422
f 5394 5423 5395
f 5424 5395 5423
f 5395 5424 5396
f 5425 5396 5424
f 5396 5425 5397
f 5426 5397 5425
f 5397 5426 5398
f 5427 5398 5426
f 5398 5427 5399
f 5428 5399 5427
f 5399 5428 5400
f 5429 5400 5428
f 5400 5429 5125
f 5124 5125 5429
f 5110 5111 5401
f 5430 5401 5111
f 5401 5430 5402
f 5431 5402 5430
f 5402 5431 5403
f 5432 5403 5431
f 5403 5432 5404
f 5433 5404 5432
f 5404 5433 5405
f 5434 5405 5433
f 5405 5434 5406
f 5435 5406 5434
f 5406 5435 5407
f 5436 5407 5435
f 5407 5436 5408
f 5437 5408 5436
f 5408 5437 5409
f 5438 5409 5437
f 5409 5438 5410
f 5439 5410 5438
f 5410 5439 5411
f 5440 5411 5439
f 5411 5440 5412
f 5441 5412 5440
f 5412 5441 5413
f 5442 5413 5441
f 5413 5442 5414
f 5443 5414 5442
f 5414 5443 5415
f 5444 5415 5443
f 5415 5444 5416
f 5445 5416 5444
f 5416 5445 5417
f 5446 5417 5445
f 5417 5446 5418
f 5447 5418 5446
f 5418 5447 5419
f 5448 5419 5447
f 5419 5448 5420
f 5449 5420 5448
f 5420 5449 5421
f 5450 5421 5449
f 5421 5450 5422
f 5451 5422 5450
f 5422 5451 5423
f 5452 5423 5451
f 5423 5452 5424
f 5453 5424 5452
f 5424 5453 5425
f 5454 5425 5453
f 5425 5454 5426
f 5455 5426 5454
f 5426 5455 5427
f 5456 5427 5455
f 5427 5456 5428
f 5457 5428 5456
f 5428 5457 5429
f 5458 5429 5457
f 5429 5458 5124
f 5123 5124 5458
f 5111 5112 5430
f 5140 5430 5112
f 5430 5140 5431
f 5141 5431 5140
f 5431 5141 5432
f 5142 5432 5141
f 5432 5142 5433
f 5143 5433 5142
f 5433 5143 5434
f 5144 5434 5143
f 5434 5144 5435
f 5145 5435 5144
f 5435 5145 5436
f 5146 5436 5145
f 5436 5146 5437
f 5147 5437 5146
f 5437 5147 5438
f 5148 5438 5147
f 5438 5148 5439
f 5149 5439 5148
f 5439 5149 5440
f 5150 5440 5149
f 5440 5150 5441
f 5151 5441 5150
f 5441 5151 5442
f 5152 5442 5151
f 5442 5152 5443
f 5153 5443 5152
f 5443 5153 5444
f 5154 5444 5153
f 5444 5154 5445
f 5155 5445 5154
f 5445 5155 5446
f 5156 5446 5155
f 5446 5156 5447
f 5157 5447 5156
f 5447 5157 5448
f 5158 5448 5157
f 5448 5158 5449
f 5159 5449 5158
f 5449 5159 5450
f 5160 5450 5159
f 5450 5160 5451
f 5161 5451 5160
f 5451 5161 5452
f 5162 5452 5161
f 5452 5162 5453
f 5163 5453 5162
f 5453 5163 5454
f 5164 5454 5163
f 5454 5164 5455
f 5165 5455 5164
f 5455 5165 5456
f 5166 5456 5165
f 5456 5166 5457
f 5167 5457 5166
f 5457 5167 5458
f 5168 5458 5167
f 5458 5168 5123
f 5122 5123 5168
f 5121 5120 5169
f 5459 5169 5120
f 5169 5459 5170
f 5460 5170 5459
f 5170 5460 5171
f 5461 5171 5460
f 5171 5461 5172
f 5462 5172 5461
f 5172 5462 5173
f 5463 5173 5462
f 5173 5463 5174
f 5464 5174 5463
f 5174 5464 5175
f 5465 5175 5464
f 5175 5465 5176
f 5466 5176 5465
f 5176 5466 5177
f 5467 5177 5466
f 5177 5467 5178
f 5468 5178 5467
f 5178 5468 5179
f 5469 5179 5468
f 5179 5469 5180
f 5470 5180 5469
f 5180 5470 5181
f 5471 5181 5470
f 5181 5471 5182
f 5472 5182 5471
f 5182 5472 5183
f 5473 5183 5472
f 5183 5473 5184
f 5474 5184 5473
f 5184 5474 5185
f 5475 5185 5474
f 5185 5475 5186
f 5476 5186 5475
f 5186 5476 5187
f 5477 5187 5476
f 5187 5477 5188
f 5478 5188 5477
f 5188 5478 5189
f 5479 5189 5478
f 5189 5479 5190
f 5480 5190 5479
f 5190 5480 5191
f 5481 5191 5480
f 5191 5481 5192
f 5482 5192 5481
f 5192 5482 5193
f 5483 5193 5482
f 5193 5483 5194
f 5484 5194 5483
f 5194 5484 5195
f 5485 5195 5484
f 5195 5485 5196
f 5486 5196 5485
f 5196 5486 5197
f 5487 5197 5486
f 5197 5487 5131
f 5132 5131 5487
f 5120 5119 5459
f 5488 5459 5119
f 5459 5488 5460
f 5489 5460 5488
f 5460 5489 5461
f 5490 5461 5489
f 5461 5490 5462
f 5491 5462 5490
f 5462 5491 5463
f 5492 5463 5491
f 5463 5492 5464
f 5493 5464 5492
f 5464 5493 5465
f 5494 5465 5493
f 5465 5494 5466
f 5495 5466 5494
f 5466 5495 5467
f 5496 5467 5495
f 5467 5496 5468
f 5497 5468 5496
f 5468 5497 5469
f 5498 5469 5497
f 5469 5498 5470
f 5499 5470 5498
f 5470 5499 5471
f 5500 5471 5499
f 5471 5500 5472
f 5501 5472 5500
f 5472 5501 5473
f 5502 5473 5501
f 5473 5502 5474
f 5503 5474 5502
f 5474 5503 5475
f 5504 5475 5503
f 5475 5504 5476
f 5505 5476 5504
f 5476 5505 5477
f 5506 5477 5505
f 5477 5506 5478
f 5507 5478 5506
f 5478 5507 5479
f 5508 5479 5507
f 5479 5508 5480
f 5509 5480 5508
f 5480 5509 5481
f 5510 5481 5509
f 5481 5510 5482
f 5511 5482 5510
f 5482 5511 5483
f 5512 5483 5511
f 5483 5512 5484
f 5513 5484 5512
f 5484 5513 5485
f 5514 5485 5513
f 5485 5514 5486
f 5515 5486 5514
f 5486 5515 5487
f 5516 5487 5515
f 5487 5516 5132
f 5133 5132 5516
f 5119 5118 5488
f 5517 5488 5118
f 5488 5517 5489
f 5518 5489 5517
f 5489 5518 5490
f 5519 5490 5518
f 5490 5519 5491
f 5520 5491 5519
f 5491 5520 5492
f 5521 5492 5520
f 5492 5521 5493
f 5522 5493 5521
f 5493 5522 5494
f 5523 5494 5522
f 5494 5523 5495
f 5524 5495 5523
f 5495 5524 5496
f 5525 5496 5524
f 5496 5525 5497
f 5526 5497 5525
f 5497 5526 5498
f 5527 5498 5526
f 5498 5527 5499
f 5528 5499 5527
f 5499 5528 5500
f 5529 5500 5528
f 5500 5529 5501
f 5530 5501 5529
f 5501 5530 5502
f 5531 5502 5530
f 5502 5531 5503
f 5532 5503 5531
f 5503 5532 5504
f 5533 5504 5532
f 5504 5533 5505
f 5534 5505 5533
f 5505 5534 5506
f 5535 5506 5534
f 5506 5535 5507
f 5536 5507 5535
f 5507 5536 5508
f 5537 5508 5536
f 5508 5537 5509
f 5538 5509 5537
f 5509 5538 5510
f 5539 5510 5538
f 5510 5539 5511
f 5540 5511 5539
f 5511 5540 5512
f 5541 5512 5540
f 5512 5541 5513
f 5542 5513 5541
f 5513 5542 5514
f 5543 5514 5542
f 5514 5543 5515
f 5544 5515 5543
f 5515 5544 5516
f 5545 5516 5544
f 5516 5545 5133
f 5134 5133 5545
f 5118 5117 5517
f 5546 5517 5117
f 5517 5546 5518
f 5547 5518 5546
f 5518 5547 5519
f 5548 5519 5547
f 5519 5548 5520
f 5549 5520 5548
f 5520 5549 5521
f 5550 5521 5549
f 5521 5550 5522
f 5551 5522 5550
f 5522 5551 5523
f 5552 5523 5551
f 5523 5552 5524
f 5553 5524 5552
f 5524 5553 5525
f 5554 5525 5553
f 5525 5554 5526
f 5555 5526 5554
f 5526 5555 5527
f 5556 5527 5555
f 5527 5556 5528
f 5557 5528 5556
f 5528 5557 5529
f 5558 5529 5557
f 5529 5558 5530
f 5559 5530 5558
f 5530 5559 5531
f 5560 5531 5559
f 5531 5560 5532
f 5561 5532 5560
f 5532 5561 5533
f 5562 5533 5561
f 5533 5562 5534
f 5563 5534 5562
f 5534 5563 5535
f 5564 5535 5563
f 5535 5564 5536
f 5565 5536 5564
f 5536 5565 5537
f 5566 5537 5565
f 5537 5566 5538
f 5567 5538 5566
f 5538 5567 5539
f 5568 5539 5567
f 5539 5568 5540
f 5569 5540 5568
f 5540 5569 5541
f 5570 5541 5569
f 5541 5570 5542
f 5571 5542 5570
f 5542 5571 5543
f 5572 5543 5571
f 5543 5572 5544
f 5573 5544 5572
f 5544 5573 5545
f 5574 5545 5573
f 5545 5574 5134
f 5135 5134 5574
f 5117 5116 5546
f 5575 5546 5116
f 5546 5575 5547
f 5576 5547 5575
f 5547 5576 5548
f 5577 5548 5576
f 5548 5577 5549
f 5578 5549 5577
f 5549 5578 5550
f 5579 5550 5578
f 5550 5579 5551
f 5580 5551 5579
f 5551 5580 5552
f 5581 5552 5580
f 5552 5581 5553
f 5582 5553 5581
f 5553 5582 5554
f 5583 5554 5582
f 5554 5583 5555
f 5584 5555 5583
f 5555 5584 5556
f 5585 5556 5584
f 5556 5585 5557
f 5586 5557 5585
f 5557 5586 5558
f 5587 5558 5586
f 5558 5587 5559
f 5588 5559 5587
f 5559 5588 5560
f 5589 5560 5588
f 5560 5589 5561
f 5590 5561 5589
f 5561 5590 5562
f 5591 5562 5590
f 5562 5591 5563
f 5592 5563 5591
f 5563 5592 5564
f 5593 5564 5592
f 5564 5593 5565
f 5594 5565 5593
f 5565 5594 5566
f 5595 5566 5594
f 5566 5595 5567
f 5596 5567 5595
f 5567 5596 5568
f 5597 5568 5596
f 5568 5597 5569
f 5598 5569 5597
f 5569 5598 5570
f 5599 5570 5598
f 5570 5599 5571
f 5600 5571 5599
f 5571 5600 5572
f 5601 5572 5600
f 5572 5601 5573
f 5602 5573 5601
f 5573 5602 5574
f 5603 5574 5602
f 5574 5603 5135
f 5136 5135 5603
f 5116 5115 5575
f 5604 5575 5115
f 5575 5604 5576
f 5605 5576 5604
f 5576 5605 5577
f 5606 5577 5605
f 5577 5606 5578
f 5607 5578 5606
f 5578 5607 5579
f 5608 5579 5607
f 5579 5608 5580
f 5609 5580 5608
f 5580 5609 5581
f 5610 5581 5609
f 5581 5610 5582
f 5611 5582 5610
f 5582 5611 5583
f 5612 5583 5611
f 5583 5612 5584
f 5613 5584 5612
f 5584 5613 5585
f 5614 5585 5613
f 5585 5614 5586
f 5615 5586 5614
f 5586 5615 5587
f 5616 5587 5615
f 5587 5616 5588
f 5617 5588 5616
f 5588 5617 5589
f 5618 5589 5617
f 5589 5618 5590
f 5619 5590 5618
f 5590 5619 5591
f 5620 5591 5619
f 5591 5620 5592
f 5621 5592 5620
f 5592 5621 5593
f 5622 5593 5621
f 5593 5622 5594
f 5623 5594 5622
f 5594 5623 5595
f 5624 5595 5623
f 5595 5624 5596
f 5625 5596 5624
f 5596 5625 5597
f 5626 5597 5625
f 5597 5626 5598
f 5627 5598 5626
f 5598 5627 5599
f 5628 5599 5627
f 5599 5628 5600
f 5629 5600 5628
f 5600 5629 5601
f 5630 5601 5629
f 5601 5630 5602
f 5631 5602 5630
f 5602 5631 5603
f 5632 5603 5631
f 5603 5632 5136
f 5137 5136 5632
f 5115 5114 5604
f 5633 5604 5114
f 5604 5633 5605
f 5634 5605 5633
f 5605 5634 5606
f 5635 5606 5634
f 5606 5635 5607
f 5636 5607 5635
f 5607 5636 5608
f 5637 5608 5636
f 5608 5637 5609
f 5638 5609 5637
f 5609 5638 5610
f 5639 5610 5638
f 5610 5639 5611
f 5640 5611 5639
f 5611 5640 5612
f 5641 5612 5640
f 5612 5641 5613
f 5642 5613 5641
f 5613 5642 5614
f 5643 5614 5642
f 5614 5643 5615
f 5644 5615 5643
f 5615 5644 5616
f 5645 5616 5644
f 5616 5645 5617
f 5646 5617 5645
f 5617 5646 5618
f 5647 5618 5646
f 5618 5647 5619
f 5648 5619 5647
f 5619 5648 5620
f 5649 5620 5648
f 5620 5649 5621
f 5650 5621 5649
f 5621 5650 5622
f 5651 5622 5650
f 5622 5651 5623
f 5652 5623 5651
f 5623 5652 5624
f 5653 5624 5652
f 5624 5653 5625
f 5654 5625 5653
f 5625 5654 5626
f 5655 5626 5654
f 5626 5655 5627
f 5656 5627 5655
f 5627 5656 5628
f 5657 5628 5656
f 5628 5657 5629
f 5658 5629 5657
f 5629 5658 5630
f 5659 5630 5658
f 5630 5659 5631
f 5660 5631 5659
f 5631 5660 5632
f 5661 5632 5660
f 5632 5661 5137
f 5138 5137 5661
f 5114 5113 5633
f 5255 5633 5113
f 5633 5255 5634
f 5254 5634 5255
f 5634 5254 5635
f 5253 5635 5254
f 5635 5253 5636
f 5252 5636 5253
f 5636 5252 5637
f 5251 5637 5252
f 5637 5251 5638
f 5250 5638 5251
f 5638 5250 5639
f 5249 5639 5250
f 5639 5249 5640
f 5248 5640 5249
f 5640 5248 5641
f 5247 5641 5248
f 5641 5247 5642
f 5246 5642 5247
f 5642 5246 5643
f 5245 5643 5246
f 5643 5245 5644
f 5244 5644 5245
f 5644 5244 5645
f 5243 5645 5244
f 5645 5243 5646
f 5242 5646 5243
f 5646 5242 5647
f 5241 5647 5242
f 5647 5241 5648
f 5240 5648 5241
f 5648 5240 5649
f 5239 5649 5240
f 5649 5239 5650
f 5238 5650 5239
f 5650 5238 5651
f 5237 5651 5238
f 5651 5237 5652
f 5236 5652 5237
f 5652 5236 5653
f 5235 5653 5236
f 5653 5235 5654
f 5234 5654 5235
f 5654 5234 5655
f 5233 5655 5234
f 5655 5233 5656
f 5232 5656 5233
f 5656 5232 5657
f 5231 5657 5232
f 5657 5231 5658
f 5230 5658 5231
f 5658 5230 5659
f 5229 5659 5230
f 5659 5229 5660
f 5228 5660 5229
f 5660 5228 5661
f 5227 5661 5228
f 5661 5227 5138
f 5139 5138 5227
usemtl drama-AA7075
f 5662 5671 5663
f 5672 5663 5671
f 5663 5672 5664
f 5673 5664 5672
f 5664 5673 5665
f 5674 5665 5673
f 5665 5674 5666
f 5675 5666 5674
f 5666 5675 5667
f 5676 5667 5675
f 5667 5676 5668
f 5677 5668 5676
f 5668 5677 5669
f 5678 5669 5677
f 5669 5678 5670
f 5679 5670 5678
f 5680 5689 5681
f 5690 5681 5689
f 5681 5690 5682
f 5691 5682 5690
f 5682 5691 5683
f 5692 5683 5691
f 5683 5692 5684
f 5693 5684 5692
f 5684 5693 5685
f 5694 5685 5693
f 5685 5694 5686
f 5695 5686 5694
f 5686 5695 5687
f 5696 5687 5695
f 5687 5696 5688
f 5697 5688 5696
f 5670 5679 5698
f 5727 5698 5679
f 5698 5727 5699
f 5728 5699 5727
f 5699 5728 5700
f 5729 5700 5728
f 5700 5729 5701
f 5730 5701 5729
f 5701 5730 5702
f 5731 5702 5730
f 5702 5731 5703
f 5732 5703 5731
f 5703 5732 5704
f 5733 5704 5732
f 5704 5733 5705
f 5734 5705 5733
f 5705 5734 5706
f 5735 5706 5734
f 5706 5735 5707
f 5736 5707 5735
f 5707 5736 5708
f 5737 5708 5736
f 5708 5737 5709
f 5738 5709 5737
f 5709 5738 5710
f 5739 5710 5738
f 5710 5739 5711
f 5740 5711 5739
f 5711 5740 5712
f 5741 5712 5740
f 5712 5741 5713
f 5742 5713 5741
f 5713 5742 5714
f 5743 5714 5742
f 5714 5743 5715
f 5744 5715 5743
f 5715 5744 5716
f 5745 5716 5744
f 5716 5745 5717
f 5746 5717 5745
f 5717 5746 5718
f 5747 5718 5746
f 5718 5747 5719
f 5748 5719 5747
f 5719 5748 5720
f 5749 5720 5748
f 5720 5749 5721
f 5750 5721 5749
f 5721 5750 5722
f 5751 5722 5750
f 5722 5751 5723
f 5752 5723 5751
f 5723 5752 5724
f 5753 5724 5752
f 5724 5753 5725
f 5754 5725 5753
f 5725 5754 5726
f 5755 5726 5754
f 5726 5755 5680
f 5689 5680 5755
f 5688 5697 5756
f 5785 5756 5697
f 5756 5785 5757
f 5786 5757 5785
f 5757 5786 5758
f 5787 5758 5786
f 5758 5787 5759
f 5788 5759 5787
f 5759 5788 5760
f 5789 5760 5788
f 5760 5789 5761
f 5790 5761 5789
f 5761 5790 5762
f 5791 5762 5790
f 5762 5791 5763
f 5792 5763 5791
f 5763 5792 5764
f 5793 5764 5792
f 5764 5793 5765
f 5794 5765 5793
f 5765 5794 5766
f 5795 5766 5794
f 5766 5795 5767
f 5796 5767 5795
f 5767 5796 5768
f 5797 5768 5796
f 5768 5797 5769
f 5798 5769 5797
f 5769 5798 5770
f 5799 5770 5798
f 5770 5799 5771
f 5800 5771 5799
f 5771 5800 5772
f 5801 5772 5800
f 5772 5801 5773
f 5802 5773 5801
f 5773 5802 5774
f 5803 5774 5802
f 5774 5803 5775
f 5804 5775 5803
f 5775 5804 5776
f 5805 5776 5804
f 5776 5805 5777
f 5806 5777 5805
f 5777 5806 5778
f 5807 5778 5806
f 5778 5807 5779
f 5808 5779 5807
f 5779 5808 5780
f 5809 5780 5808
f 5780 5809 5781
f 5810 5781 5809
f 5781 5810 5782
f 5811 5782 5810
f 5782 5811 5783
f 5812 5783 5811
f 5783 5812 5784
f 5813 5784 5812
f 5784 5813 5662
f 5671 5662 5813
f 5662 5663 5784
f 5814 5784 5663
f 5784 5814 5783
f 5815 5783 5814
f 5783 5815 5782
f 5816 5782 5815
f 5782 5816 5781
f 5817 5781 5816
f 5781 5817 5780
f 5818 5780 5817
f 5780 5818 5779
f 5819 5779 5818
f 5779 5819 5778
f 5820 5778 5819
f 5778 5820 5777
f 5821 5777 5820
f 5777 5821 5776
f 5822 5776 5821
f 5776 5822 5775
f 5823 5775 5822
f 5775 5823 5774
f 5824 5774 5823
f 5774 5824 5773
f 5825 5773 5824
f 5773 5825 5772
f 5826 5772 5825
f 5772 5826 5771
f 5827 5771 5826
f 5771 5827 5770
f 5828 5770 5827
f 5770 5828 5769
f 5829 5769 5828
f 5769 5829 5768
f 5830 5768 5829
f 5768 5830 5767
f 5831 5767 5830
f 5767 5831 5766
f 5832 5766 5831
f 5766 5832 5765
f 5833 5765 5832
f 5765 5833 5764
f 5834 5764 5833
f 5764 5834 5763
f 5835 5763 5834
f 5763 5835 5762
f 5836 5762 5835
f 5762 5836 5761
f 5837 5761 5836
f 5761 5837 5760
f 5838 5760 5837
f 5760 5838 5759
f 5839 5759 5838
f 5759 5839 5758
f 5840 5758 5839
f 5758 5840 5757
f 5841 5757 5840
f 5757 5841 5756
f 5842 5756 5841
f 5756 5842 5688
f 5687 5688 5842
f 5663 5664 5814
f 5843 5814 5664
f 5814 5843 5815
f 5844 5815 5843
f 5815 5844 5816
f 5845 5816 5844
f 5816 5845 5817
f 5846 5817 5845
f 5817 5846 5818
f 5847 5818 5846
f 5818 5847 5819
f 5848 5819 5847
f 5819 5848 5820
f 5849 5820 5848
f 5820 5849 5821
f 5850 5821 5849
f 5821 5850 5822
f 5851 5822 5850
f 5822 5851 5823
f 5852 5823 5851
f 5823 5852 5824
f 5853 5824 5852
f 5824 5853 5825
f 5854 5825 5853
f 5825 5854 5826
f 5855 5826 5854
f 5826 5855 5827
f 5856 5827 5855
f 5827 5856 5828
f 5857 5828 5856
f 5828 5857 5829
f 5858 5829 5857
f 5829 5858 5830
f 5859 5830 5858
f 5830 5859 5831
f 5860 5831 5859
f 5831 5860 5832
f 5861 5832 5860
f 5832 5861 5833
f 5862 5833 5861
f 5833 5862 5834
f 5863 5834 5862
f 5834 5863 5835
f 5864 5835 5863
f 5835 5864 5836
f 5865 5836 5864
f 5836 5865 5837
f 5866 5837 5865
f 5837 5866 5838
f 5867 5838 5866
f 5838 5867 5839
f 5868 5839 5867
f 5839 5868 5840
f 5869 5840 5868
f 5840 5869 5841
f 5870 5841 5869
f 5841 5870 5842
f 5871 5842 5870
f 5842 5871 5687
f 5686 5687 5871
f 5664 5665 5843
f 5872 5843 5665
f 5843 5872 5844
f 5873 5844 5872
f 5844 5873 5845
f 5874 5845 5873
f 5845 5874 5846
f 5875 5846 5874
f 5846 5875 5847
f 5876 5847 5875
f 5847 5876 5848
f 5877 5848 5876
f 5848 5877 5849
f 5878 5849 5877
f 5849 5878 5850
f 5879 5850 5878
f 5850 5879 5851
f 5880 5851 5879
f 5851 5880 5852
f 5881 5852 5880
f 5852 5881 5853
f 5882 5853 5881
f 5853 5882 5854
f 5883 5854 5882
f 5854 5883 5855
f 5884 5855 5883
f 5855 5884 5856
f 5885 5856 5884
f 5856 5885 5857
f 5886 5857 5885
f 5857 5886 5858
f 5887 5858 5886
f 5858 5887 5859
f 5888 5859 5887
f 5859 5888 5860
f 5889 5860 5888
f 5860 5889 5861
f 5890 5861 5889
f 5861 5890 5862
f 5891 5862 5890
f 5862 5891 5863
f 5892 5863 5891
f 5863 5892 5864
f 5893 5864 5892
f 5864 5893 5865
f 5894 5865 5893
f 5865 5894 5866
f 5895 5866 5894
f 5866 5895 5867
f 5896 5867 5895
f 5867 5896 5868
f 5897 5868 5896
f 5868 5897 5869
f 5898 5869 5897
f 5869 5898 5870
f 5899 5870 5898
f 5870 5899 5871
f 5900 5871 5899
f 5871 5900 5686
f 5685 5686 5900
f 5665 5666 5872
f 5901 5872 5666
f 5872 5901 5873
f 5902 5873 5901
f 5873 5902 5874
f 5903 5874 5902
f 5874 5903 5875
f 5904 5875 5903
f 5875 5904 5876
f 5905 5876 5904
f 5876 5905 5877
f 5906 5877 5905
f 5877 5906 5878
f 5907 5878 5906
f 5878 5907 5879
f 5908 5879 5907
f 5879 5908 5880
f 5909 5880 5908
f 5880 5909 5881
f 5910 5881 5909
f 5881 5910 5882
f 5911 5882 5910
f 5882 5911 5883
f 5912 5883 5911
f 5883 5912 5884
f 5913 5884 5912
f 5884 5913 5885
f 5914 5885 5913
f 5885 5914 5886
f 5915 5886 5914
f 5886 5915 5887
f 5916 5887 5915
f 5887 5916 5888
f 5917 5888 5916
f 5888 5917 5889
f 5918 5889 5917
f 5889 5918 5890
f 5919 5890 5918
f 5890 5919 5891
f 5920 5891 5919
f 5891 5920 5892
f 5921 5892 5920
f 5892 5921 5893
f 5922 5893 5921
f 5893 5922 5894
f 5923 5894 5922
f 5894 5923 5895
f 5924 5895 5923
f 5895 5924 5896
f 5925 5896 5924
f 5896 5925 5897
f 5926 5897 5925
f 5897 5926 5898
f 5927 5898 5926
f 5898 5927 5899
f 5928 5899 5927
f 5899 5928 5900
f 5929 5900 5928
f 5900 5929 5685
f 5684 5685 5929
f 5666 5667 5901
f 5930 5901 5667
f 5901 5930 5902
f 5931 5902 5930
f 5902 5931 5903
f 5932 5903 5931
f 5903 5932 5904
f 5933 5904 5932
f 5904 5933 5905
f 5934 5905 5933
f 5905 5934 5906
f 5935 5906 5934
f 5906 5935 5907
f 5936 5907 5935
f 5907 5936 5908
f 5937 5908 5936
f 5908 5937 5909
f 5938 5909 5937
f 5909 5938 5910
f 5939 5910 5938
f 5910 5939 5911
f 5940 5911 5939
f 5911 5940 5912
f 5941 5912 5940
f 5912 5941 5913
f 5942 5913 5941
f 5913 5942 5914
f 5943 5914 5942
f 5914 5943 5915
f 5944 5915 5943
f 5915 5944 5916
f 5945 5916 5944
f 5916 5945 5917
f 5946 5917 5945
f 5917 5946 5918
f 5947 5918 5946
f 5918 5947 5919
f 5948 5919 5947
f 5919 5948 5920
f 5949 5920 5948
f 5920 5949 5921
f 5950 5921 5949
f 5921 5950 5922
f 5951 5922 5950
f 5922 5951 5923
f 5952 5923 5951
f 5923 5952 5924
f 5953 5924 5952
f 5924 5953 5925
f 5954 5925 5953
f 5925 5954 5926
f 5955 5926 5954
f 5926 5955 5927
f 5956 5927 5955
f 5927 5956 5928
f 5957 5928 5956
f 5928 5957 5929
f 5958 5929 5957
f 5929 5958 5684
f 5683 5684 5958
f 5667 5668 5930
f 5959 5930 5668
f 5930 5959 5931
f 5960 5931 5959
f 5931 5960 5932
f 5961 5932 5960
f 5932 5961 5933
f 5962 5933 5961
f 5933 5962 5934
f 5963 5934 5962
f 5934 5963 5935
f 5964 5935 5963
f 5935 5964 5936
f 5965 5936 5964
f 5936 5965 5937
f 5966 5937 5965
f 5937 5966 5938
f 5967 5938 5966
f 5938 5967 5939
f 5968 5939 5967
f 5939 5968 5940
f 5969 5940 5968
f 5940 5969 5941
f 5970 5941 5969
f 5941 5970 5942
f 5971 5942 5970
f 5942 5971 5943
f 5972 5943 5971
f 5943 5972 5944
f 5973 5944 5972
f 5944 5973 5945
f 5974 5945 5973
f 5945 5974 5946
f 5975 5946 5974
f 5946 5975 5947
f 5976 5947 5975
f 5947 5976 5948
f 5977 5948 5976
f 5948 5977 5949
f 5978 5949 5977
f 5949 5978 5950
f 5979 5950 5978
f 5950 5979 5951
f 5980 5951 5979
f 5951 5980 5952
f 5981 5952 5980
f 5952 5981 5953
f 5982 5953 5981
f 5953 5982 5954
f 5983 5954 5982
f 5954 5983 5955
f 5984 5955 5983
f 5955 5984 5956
f 5985 5956 5984
f 5956 5985 5957
f 5986 5957 5985
f 5957 5986 5958
f 5987 5958 5986
f 5958 5987 5683
f 5682 5683 5987
f 5668 5669 5959
f 5988 5959 5669
f 5959 5988 5960
f 5989 5960 5988
f 5960 5989 5961
f 5990 5961 5989
f 5961 5990 5962
f 5991 5962 5990
f 5962 5991 5963
f 5992 5963 5991
f 5963 5992 5964
f 5993 5964 5992
f 5964 5993 5965
f 5994 5965 5993
f 5965 5994 5966
f 5995 5966 5994
f 5966 5995 5967
f 5996 5967 5995
f 5967 5996 5968
f 5997 5968 5996
f 5968 5997 5969
f 5998 5969 5997
f 5969 5998 5970
f 5999 5970 5998
f 5970 5999 5971
f 6000 5971 5999
f 5971 6000 5972
f 6001 5972 6000
f 5972 6001 5973
f 6002 5973 6001
f 5973 6002 5974
f 6003 5974 6002
f 5974 6003 5975
f 6004 5975 6003
f 5975 6004 5976
f 6005 5976 6004
f 5976 6005 5977
f 6006 5977 6005
f 5977 6006 5978
f 6007 5978 6006
f 5978 6007 5979
f 6008 5979 6007
f 5979 6008 5980
f 6009 5980 6008
f 5980 6009 5981
f 6010 5981 6009
f 5981 6010 5982
f 6011 5982 6010
f 5982 6011 5983
f 6012 5983 6011
f 5983 6012 5984
f 6013 5984 6012
f 5984 6013 5985
f 6014 5985 6013
f 5985 6014 5986
f 6015 5986 6014
f 5986 6015 5987
f 6016 5987 6015
f 5987 6016 5682
f 5681 5682 6016
f 5669 5670 5988
f 5698 5988 5670
f 5988 5698 5989
f 5699 5989 5698
f 5989 5699 5990
f 5700 5990 5699
f 5990 5700 5991
f 5701 5991 5700
f 5991 5701 5992
f 5702 5992 5701
f 5992 5702 5993
f 5703 5993 5702
f 5993 5703 5994
f 5704 5994 5703
f 5994 5704 5995
f 5705 5995 5704
f 5995 5705 5996
f 5706 5996 5705
f 5996 5706 5997
f 5707 5997 5706
f 5997 5707 5998
f 5708 5998 5707
f 5998 5708 5999
f 5709 5999 5708
f 5999 5709 6000
f 5710 6000 5709
f 6000 5710 6001
f 5711 6001 5710
f 6001 5711 6002
f 5712 6002 5711
f 6002 5712 6003
f 5713 6003 5712
f 6003 5713 6004
f 5714 6004 5713
f 6004 5714 6005
f 5715 6005 5714
f 6005 5715 6006
f 5716 6006 5715
f 6006 5716 6007
f 5717 6007 5716
f 6007 5717 6008
f 5718 6008 5717
f 6008 5718 6009
f 5719 6009 5718
f 6009 5719 6010
f 5720 6010 5719
f 6010 5720 6011
f 5721 6011 5720
f 6011 5721 6012
f 5722 6012 5721
f 6012 5722 6013
f 5723 6013 5722
f 6013 5723 6014
f 5724 6014 5723
f 6014 5724 6015
f 5725 6015 5724
f 6015 5725 6016
f 5726 6016 5725
f 6016 5726 5681
f 5680 5681 5726
f 5679 5678 5727
f 6017 5727 5678
f 5727 6017 5728
f 6018 5728 6017
f 5728 6018 5729
f 6019 5729 6018
f 5729 6019 5730
f 6020 5730 6019
f 5730 6020 5731
f 6021 5731 6020
f 5731 6021 5732
f 6022 5732 6021
f 5732 6022 5733
f 6023 5733 6022
f 5733 6023 5734
f 6024 5734 6023
f 5734 6024 5735
f 6025 5735 6024
f 5735 6025 5736
f 6026 5736 6025
f 5736 6026 5737
f 6027 5737 6026
f 5737 6027 5738
f 6028 5738 6027
f 5738 6028 5739
f 6029 5739 6028
f 5739 6029 5740
f 6030 5740 6029
f 5740 6030 5741
f 6031 5741 6030
f 5741 6031 5742
f 6032 5742 6031
f 5742 6032 5743
f 6033 5743 6032
f 5743 6033 5744
f 6034 5744 6033
f 5744 6034 5745
f 6035 5745 6034
f 5745 6035 5746
f 6036 5746 6035
f 5746 6036 5747
f 6037 5747 6036
f 5747 6037 5748
f 6038 5748 6037
f 5748 6038 5749
f 6039 5749 6038
f 5749 6039 5750
f 6040 5750 6039
f 5750 6040 5751
f 6041 5751 6040
f 5751 6041 5752
f 6042 5752 6041
f 5752 6042 5753
f 6043 5753 6042
f 5753 6043 5754
f 6044 5754 6043
f 5754 6044 5755
f 6045 5755 6044
f 5755 6045 5689
f 5690 5689 6045
f 5678 5677 6017
f 6046 6017 5677
f 6017 6046 6018
f 6047 6018 6046
f 6018 6047 6019
f 6048 6019 6047
f 6019 6048 6020
f 6049 6020 6048
f 6020 6049 6021
f 6050 6021 6049
f 6021 6050 6022
f 6051 6022 6050
f 6022 6051 6023
f 6052 6023 6051
f 6023 6052 6024
f 6053 6024 6052
f 6024 6053 6025
f 6054 6025 6053
f 6025 6054 6026
f 6055 6026 6054
f 6026 6055 6027
f 6056 6027 6055
f 6027 6056 6028
f 6057 6028 6056
f 6028 6057 6029
f 6058 6029 6057
f 6029 6058 6030
f 6059 6030 6058
f 6030 6059 6031
f 6060 6031 6059
f 6031 6060 6032
f 6061 6032 6060
f 6032 6061 6033
f 6062 6033 6061
f 6033 6062 6034
f 6063 6034 6062
f 6034 6063 6035
f 6064 6035 6063
f 6035 6064 6036
f 6065 6036 6064
f 6036 6065 6037
f 6066 6037 6065
f 6037 6066 6038
f 6067 6038 6066
f 6038 6067 6039
f 6068 6039 6067
f 6039 6068 6040
f 6069 6040 6068
f 6040 6069 6041
f 6070 6041 6069
f 6041 6070 6042
f 6071 6042 6070
f 6042 6071 6043
f 6072 6043 6071
f 6043 6072 6044
f 6073 6044 6072
f 6044 6073 6045
f 6074 6045 6073
f 6045 6074 5690
f 5691 5690 6074
f 5677 5676 6046
f 6075 6046 5676
f 6046 6075 6047
f 6076 6047 6075
f 6047 6076 6048
f 6077 6048 6076
f 6048 6077 6049
f 6078 6049 6077
f 6049 6078 6050
f 6079 6050 6078
f 6050 6079 6051
f 6080 6051 6079
f 6051 6080 6052
f 6081 6052 6080
f 6052 6081 6053
f 6082 6053 6081
f 6053 6082 6054
f 6083 6054 6082
f 6054 6083 6055
f 6084 6055 6083
f 6055 6084 6056
f 6085 6056 6084
f 6056 6085 6057
f 6086 6057 6085
f 6057 6086 6058
f 6087 6058 6086
f 6058 6087 6059
f 6088 6059 6087
f 6059 6088 6060
f 6089 6060 6088
f 6060 6089 6061
f 6090 6061 6089
f 6061 6090 6062
f 6091 6062 6090
f 6062 6091 6063
f 6092 6063 6091
f 6063 6092 6064
f 6093 6064 6092
f 6064 6093 6065
f 6094 6065 6093
f 6065 6094 6066
f 6095 6066 6094
f 6066 6095 6067
f 6096 6067 6095
f 6067 6096 6068
f 6097 6068 6096
f 6068 6097 6069
f 6098 6069 6097
f 6069 6098 6070
f 6099 6070 6098
f 6070 6099 6071
f 6100 6071 6099
f 6071 6100 6072
f 6101 6072 6100
f 6072 6101 6073
f 6102 6073 6101
f 6073 6102 6074
f 6103 6074 6102
f 6074 6103 5691
f 5692 5691 6103
f 5676 5675 6075
f 6104 6075 5675
f 6075 6104 6076
f 6105 6076 6104
f 6076 6105 6077
f 6106 6077 6105
f 6077 6106 6078
f 6107 6078 6106
f 6078 6107 6079
f 6108 6079 6107
f 6079 6108 6080
f 6109 6080 6108
f 6080 6109 6081
f 6110 6081 6109
f 6081 6110 6082
f 6111 6082 6110
f 6082 6111 6083
f 6112 6083 6111
f 6083 6112 6084
f 6113 6084 6112
f 6084 6113 6085
f 6114 6085 6113
f 6085 6114 6086
f 6115 6086 6114
f 6086 6115 6087
f 6116 6087 6115
f 6087 6116 6088
f 6117 6088 6116
f 6088 6117 6089
f 6118 6089 6117
f 6089 6118 6090
f 6119 6090 6118
f 6090 6119 6091
f 6120 6091 6119
f 6091 6120 6092
f 6121 6092 6120
f 6092 6121 6093
f 6122 6093 6121
f 6093 6122 6094
f 6123 6094 6122
f 6094 6123 6095
f 6124 6095 6123
f 6095 6124 6096
f 6125 6096 6124
f 6096 6125 6097
f 6126 6097 6125
f 6097 6126 6098
f 6127 6098 6126
f 6098 6127 6099
f 6128 6099 6127
f 6099 6128 6100
f 6129 6100 6128
f 6100 6129 6101
f 6130 6101 6129
f 6101 6130 6102
f 6131 6102 6130
f 6102 6131 6103
f 6132 6103 6131
f 6103 6132 5692
f 5693 5692 6132
f 5675 5674 6104
f 6133 6104 5674
f 6104 6133 6105
f 6134 6105 6133
f 6105 6134 6106
f 6135 6106 6134
f 6106 6135 6107
f 6136 6107 6135
f 6107 6136 6108
f 6137 6108 6136
f 6108 6137 6109
f 6138 6109 6137
f 6109 6138 6110
f 6139 6110 6138
f 6110 6139 6111
f 6140 6111 6139
f 6111 6140 6112
f 6141 6112 6140
f 6112 6141 6113
f 6142 6113 6141
f 6113 6142 6114
f 6143 6114 6142
f 6114 6143 6115
f 6144 6115 6143
f 6115 6144 6116
f 6145 6116 6144
f 6116 6145 6117
f 6146 6117 6145
f 6117 6146 6118
f 6147 6118 6146
f 6118 6147 6119
f 6148 6119 6147
f 6119 6148 6120
f 6149 6120 6148
f 6120 6149 6121
f 6150 6121 6149
f 6121 6150 6122
f 6151 6122 6150
f 6122 6151 6123
f 6152 6123 6151
f 6123 6152 6124
f 6153 6124 6152
f 6124 6153 6125
f 6154 6125 6153
f 6125 6154 6126
f 6155 6126 6154
f 6126 6155 6127
f 6156 6127 6155
f 6127 6156 6128
f 6157 6128 6156
f 6128 6157 6129
f 6158 6129 6157
f 6129 6158 6130
f 6159 6130 6158
f 6130 6159 6131
f 6160 6131 6159
f 6131 6160 6132
f 6161 6132 6160
f 6132 6161 5693
f 5694 5693 6161
f 5674 5673 6133
f 6162 6133 5673
f 6133 6162 6134
f 6163 6134 6162
f 6134 6163 6135
f 6164 6135 6163
f 6135 6164 6136
f 6165 6136 6164
f 6136 6165 6137
f 6166 6137 6165
f 6137 6166 6138
f 6167 6138 6166
f 6138 6167 6139
f 6168 6139 6167
f 6139 6168 6140
f 6169 6140 6168
f 6140 6169 6141
f 6170 6141 6169
f 6141 6170 6142
f 6171 6142 6170
f 6142 6171 6143
f 6172 6143 6171
f 6143 6172 6144
f 6173 6144 6172
f 6144 6173 6145
f 6174 6145 6173
f 6145 6174 6146
f 6175 6146 6174
f 6146 6175 6147
f 6176 6147 6175
f 6147 6176 6148
f 6177 6148 6176
f 6148 6177 6149
f 6178 6149 6177
f 6149 6178 6150
f 6179 6150 6178
f 6150 6179 6151
f 6180 6151 6179
f 6151 6180 6152
f 6181 6152 6180
f 6152 6181 6153
f 6182 6153 6181
f 6153 6182 6154
f 6183 6154 6182
f 6154 6183 6155
f 6184 6155 6183
f 6155 6184 6156
f 6185 6156 6184
f 6156 6185 6157
f 6186 6157 6185
f 6157 6186 6158
f 6187 6158 6186
f 6158 6187 6159
f 6188 6159 6187
f 6159 6188 6160
f 6189 6160 6188
f 6160 6189 6161
f 6190 6161 6189
f 6161 6190 5694
f 5695 5694 6190
f 5673 5672 6162
f 6191 6162 5672
f 6162 6191 6163
f 6192 6163 6191
f 6163 6192 6164
f 6193 6164 6192
f 6164 6193 6165
f 6194 6165 6193
f 6165 6194 6166
f 6195 6166 6194
f 6166 6195 6167
f 6196 6167 6195
f 6167 6196 6168
f 6197 6168 6196
f 6168 6197 6169
f 6198 6169 6197
f 6169 6198 6170
f 6199 6170 6198
f 6170 6199 6171
f 6200 6171 6199
f 6171 6200 6172
f 6201 6172 6200
f 6172 6201 6173
f 6202 6173 6201
f 6173 6202 6174
f 6203 6174 6202
f 6174 6203 6175
f 6204 6175 6203
f 6175 6204 6176
f 6205 6176 6204
f 6176 6205 6177
f 6206 6177 6205
f 6177 6206 6178
f 6207 6178 6206
f 6178 6207 6179
f 6208 6179 6207
f 6179 6208 6180
f 6209 6180 6208
f 6180 6209 6181
f 6210 6181 6209
f 6181 6210 6182
f 6211 6182 6210
f 6182 6211 6183
f 6212 6183 6211
f 6183 6212 6184
f 6213 6184 6212
f 6184 6213 6185
f 6214 6185 6213
f 6185 6214 6186
f 6215 6186 6214
f 6186 6215 6187
f 6216 6187 6215
f 6187 6216 6188
f 6217 6188 6216
f 6188 6217 6189
f 6218 6189 6217
f 6189 6218 6190
f 6219 6190 6218
f 6190 6219 5695
f 5696 5695 6219
f 5672 5671 6191
f 5813 6191 5671
f 6191 5813 6192
f 5812 6192 5813
f 6192 5812 6193
f 5811 6193 5812
f 6193 5811 6194
f 5810 6194 5811
f 6194 5810 6195
f 5809 6195 5810
f 6195 5809 6196
f 5808 6196 5809
f 6196 5808 6197
f 5807 6197 5808
f 6197 5807 6198
f 5806 6198 5807
f 6198 5806 6199
f 5805 6199 5806
f 6199 5805 6200
f 5804 6200 5805
f 6200 5804 6201
f 5803 6201 5804
f 6201 5803 6202
f 5802 6202 5803
f 6202 5802 6203
f 5801 6203 5802
f 6203 5801 6204
f 5800 6204 5801
f 6204 5800 6205
f 5799 6205 5800
f 6205 5799 6206
f 5798 6206 5799
f 6206 5798 6207
f 5797 6207 5798
f 6207 5797 6208
f 5796 6208 5797
f 6208 5796 6209
f 5795 6209 5796
f 6209 5795 6210
f 5794 6210 5795
f 6210 5794 6211
f 5793 6211 5794
f 6211 5793 6212
f 5792 6212 5793
f 6212 5792 6213
f 5791 6213 5792
f 6213 5791 6214
f 5790 6214 5791
f 6214 5790 6215
f 5789 6215 5790
f 6215 5789 6216
f 5788 6216 5789
f 6216 5788 6217
f 5787 6217 5788
f 6217 5787 6218
f 5786 6218 5787
f 6218 5786 6219
f 5785 6219 5786
f 6219 5785 5696
f 5697 5696 5785
